RestaurantID,RestaurantName,CuisineType,Segment,Subregion,GrowthFactor,AOV,MonthlyOrders,InStoreOrders,UberEatsOrders,DoorDashOrders,SelfDeliveryOrders,InStoreRevenue,UberEatsRevenue,DoorDashRevenue,SelfDeliveryRevenue,COGSRate,OPEXRate,CommissionRate,DeliveryRadiusKM,DeliveryCostPerOrder,SD_DeliveryTotalCost,InStoreNetProfit,UberEatsNetProfit,DoorDashNetProfit,SelfDeliveryNetProfit,InStoreShare,UE_share,DD_share,SD_share,TotalRevenue,TotalNetProfit,ProfitMargin,GrowthMomentum,AggregatorDependence,TotalDeliveryOrders,DeliveryOrderShare,CostPressure,SelfDeliveryProfitPerOrder,AggregatorNetProfit,Scale,RevenuePerOrder,NetProfitPerOrder,Cluster,ClusterName,GPI,GPI_Category,Recommendation,GPI_Growth,GPI_Profitability,GPI_CostResilience,GPI_ChannelBalance,GPI_Scalability,PCA1,PCA2,HierarchicalCluster
25731,Urban Burgers House,Burgers,Cafe,North Shore,1.03,43.97,668,197,212,118,141,8662.09,9321.64,5188.46,6199.77,0.2087414306961,0.366171811125241,0.28,11,3.25,458.25,3682.14,1352.45,752.78,2177.19,0.42,0.45,0.25,0.3,29371.96,7964.5599999999995,0.2711620198311587,0.030000000000000027,0.7,471,0.7050898203592815,0.574913241821341,15.441063829787234,2105.23,688.04,43.97,11.922994011976048,0,Cluster 0,63.27,High Potential,Hold / Stabilize,66.67,85.33,68.76,50.0,26.77,0.14696943414531605,1.9733444632961672,1
25123,Urban Burgers Diner,Burgers,QSR,South Auckland,1.05,40.45,1388,259,508,282,339,10476.55,20548.6,11406.9,13712.55,0.248216602616012,0.407612904394045,0.28,16,4.72,1600.08,3605.72,1318.61,731.99,3119.38,0.23,0.45,0.25,0.3,56144.59999999999,8775.7,0.1563053258906467,0.050000000000000044,0.7,1129,0.8134005763688761,0.655829507010057,9.201710914454278,2050.6,1457.4,40.449999999999996,6.322550432276658,0,Cluster 0,67.15,High Potential,Hold / Stabilize,100.0,62.29,47.97,50.0,63.23,0.4671093082472547,1.0005024227995738,1
25177,King Burgers Eatery,Burgers,Cafe,West Auckland,1.04,40.03,1717,524,537,298,358,20975.72,21496.11,11928.94,14330.74,0.219687956366688,0.407931713876314,0.3,11,3.25,1163.5,7810.95,1555.9,863.42,4172.99,0.44,0.45,0.25,0.3,68731.51000000001,14403.26,0.20955832339490282,0.040000000000000036,0.7,1193,0.6948165404775771,0.627619670243002,11.656396648044693,2419.32,1785.68,40.03000000000001,8.38861968549796,0,Cluster 0,67.84,High Potential,Hold / Stabilize,83.33,72.26,60.63,50.0,62.14,1.1501049312895537,1.2766084905877326,1
25540,Classic Burgers Tavern,Burgers,QSR,North Shore,1.03,36.28,1083,216,390,217,260,7836.48,14149.2,7872.76,9432.8,0.237290996648371,0.437815106310882,0.33,3,0.89,231.4,2546.02,-72.25,-40.2,2833.26,0.25,0.45,0.25,0.3,39291.240000000005,5266.83,0.13404590946989708,0.030000000000000027,0.7,867,0.8005540166204986,0.675106102959253,10.897153846153847,-112.45,1115.49,36.28000000000001,4.863185595567867,0,Cluster 0,55.11,Moderate Potential,Rebalance Channels,66.67,57.32,66.66,50.0,21.88,0.47821643873971287,0.8805876595714041,1
25258,Lucky Burgers Bistro,Burgers,Cafe,South Auckland,1.05,34.34,1230,261,436,242,291,8962.74,14972.24,8310.28,9992.94,0.221437567938119,0.433456663764082,0.33,9,2.66,774.06,3093.09,226.17,125.53,2674.56,0.27,0.45,0.25,0.3,42238.200000000004,6119.35,0.1448771491209379,0.050000000000000044,0.7,969,0.7878048780487805,0.654894231702201,9.190927835051546,351.7,1291.5,34.34,4.975081300813009,0,Cluster 0,65.42,High Potential,Hold / Stabilize,100.0,58.93,59.77,50.0,41.55,0.5485876378977627,0.9576100400402727,1
26138,King Burgers Kitchen,Burgers,QSR,North Shore,1.03,36.88,827,160,300,167,200,5900.8,11064.0,6158.96,7376.0,0.265131494924426,0.395680021704175,0.29,13,3.84,768.0,2001.48,544.22,302.95,1733.85,0.24,0.45,0.25,0.3,30499.76,4582.5,0.15024708391147998,0.030000000000000027,0.7,667,0.8065296251511487,0.660811516628601,8.66925,847.1700000000001,851.8100000000001,36.879999999999995,5.541112454655381,0,Cluster 0,55.21,Moderate Potential,Hold / Stabilize,66.67,60.42,52.18,50.0,36.71,0.2617515444416592,0.9071853360833715,1
25396,Urban Burgers Eatery,Burgers,QSR,South Auckland,1.05,46.32,881,176,317,176,212,8152.32,14683.44,8152.32,9819.84,0.224100138861686,0.372992298309691,0.28,7,2.07,438.84,3284.63,1804.71,1001.98,3517.65,0.25,0.45,0.25,0.3,40807.92,9608.97,0.23546826204325041,0.050000000000000044,0.7,705,0.8002270147559591,0.597092437171377,16.592688679245285,2806.69,925.0500000000001,46.32,10.906889897843358,0,Cluster 0,70.45,High Potential,Hold / Stabilize,100.0,79.15,72.01,50.0,25.07,-0.2307075644698503,1.9231791048116147,1
25087,Urban Burgers Tavern,Burgers,Ghost Kitchen,CBD,0.99,34.74,800,72,328,182,218,2501.28,11394.72,6322.68,7573.32,0.285647804650944,0.293128232413437,0.31,18,5.31,1157.58,1053.6,1267.37,703.23,2032.48,0.1,0.45,0.25,0.3,27792.0,5056.68,0.18194732297063904,-0.010000000000000009,0.7,728,0.91,0.5787760370643811,9.323302752293579,1970.6,792.0,34.74,6.32085,0,Cluster 0,42.21,Moderate Potential,Hold / Stabilize,0.0,65.74,56.51,50.0,46.45,-0.6479928037943422,1.444821846533175,1
25125,Classic Burgers Tavern,Burgers,Cafe,CBD,0.99,32.79,612,152,207,115,138,4984.08,6787.53,3770.85,4525.02,0.279599561002105,0.3755833853269,0.3,8,2.36,325.68,1718.6,304.2,169.0,1234.62,0.33,0.45,0.25,0.3,20067.480000000003,3426.42,0.17074490668484532,-0.010000000000000009,0.7,460,0.7516339869281046,0.655182946329005,8.946521739130434,473.2,605.88,32.790000000000006,5.598725490196078,0,Cluster 0,38.17,Low Potential,Hold / Stabilize,0.0,63.26,61.42,50.0,17.12,0.42270353293489143,0.9008274714979557,1
25762,Lucky Burgers Cafe,Burgers,QSR,South Auckland,1.05,36.07,572,128,200,111,133,4616.96,7214.0,4003.77,4797.31,0.22032218426466,0.43025645299349,0.27,11,3.25,432.25,1613.26,572.95,317.98,1244.03,0.29,0.45,0.25,0.3,20632.04,3748.2200000000003,0.181669868805993,0.050000000000000044,0.7,444,0.7762237762237763,0.65057863725815,9.353609022556391,890.9300000000001,600.6,36.07,6.552832167832168,0,Cluster 0,64.02,High Potential,Hold / Stabilize,100.0,66.02,57.09,50.0,23.95,0.17668633443919177,1.1752964825304104,1
25009,Lucky Burgers Eatery,Burgers,Cafe,South Auckland,1.05,45.34,1036,274,343,190,229,12423.16,15551.62,8614.6,10382.86,0.267623493429273,0.392365170945413,0.31,13,3.84,879.36,4224.02,466.72,258.54,2650.93,0.36,0.45,0.25,0.3,46972.24,7600.210000000001,0.16180216229841288,0.050000000000000044,0.7,762,0.7355212355212355,0.659988664374686,11.576113537117903,725.26,1087.8,45.339999999999996,7.336110038610039,0,Cluster 0,65.71,High Potential,Hold / Stabilize,100.0,64.4,52.31,50.0,44.32,0.7460375456861789,0.9887521118798667,1
25107,King Burgers Eatery,Burgers,Ghost Kitchen,CBD,0.99,42.53,953,62,401,223,267,2636.86,17054.53,9484.19,11355.51,0.260719021281693,0.292267443262972,0.29,10,2.95,787.65,1178.71,2677.79,1489.15,4288.42,0.07,0.45,0.25,0.3,40531.090000000004,9634.07,0.2376958033943819,-0.010000000000000009,0.7,891,0.9349422875131165,0.5529864645446649,16.061498127340823,4166.9400000000005,943.47,42.53,10.109202518363064,0,Cluster 0,46.76,Moderate Potential,Hold / Stabilize,0.0,78.37,73.83,50.0,32.67,-1.0033751658672982,2.104651531909187,1
25352,King Burgers Bistro,Burgers,Ghost Kitchen,North Shore,1.03,31.83,1354,100,564,314,376,3183.0,17952.12,9994.62,11968.08,0.259987647132948,0.224010411184281,0.33,15,4.43,1665.68,1642.43,3339.13,1859.02,4509.87,0.08,0.45,0.25,0.3,43097.82,11350.45,0.26336482912592796,0.030000000000000027,0.7,1254,0.9261447562776958,0.483998058317229,11.994335106382978,5198.15,1394.6200000000001,31.83,8.382902511078287,0,Cluster 0,68.09,High Potential,Hold / Stabilize,66.67,79.5,76.1,50.0,58.87,-1.0406696713242782,2.420318354523713,1
25255,Urban Burgers Diner,Burgers,Cafe,North Shore,1.03,37.65,1511,302,544,302,363,11370.3,20481.6,11370.3,13666.95,0.210879622809589,0.369592107273638,0.28,16,4.72,1713.36,4770.16,2857.76,1586.48,4020.31,0.25,0.45,0.25,0.3,56889.149999999994,13234.71,0.23264031893603615,0.030000000000000027,0.7,1209,0.800132362673726,0.5804717300832269,11.075234159779614,4444.24,1556.33,37.65,8.75890800794176,0,Cluster 0,65.01,High Potential,Hold / Stabilize,66.67,75.86,59.59,50.0,66.41,0.11557829401797233,1.7153038507802811,1
26270,Top Burgers Diner,Burgers,Ghost Kitchen,CBD,0.99,42.95,1382,53,598,332,399,2276.35,25684.1,14259.4,17137.05,0.259372560633346,0.309947346220724,0.29,18,5.31,2118.69,980.38,3613.24,2006.01,5261.9,0.04,0.45,0.25,0.3,59356.899999999994,11861.529999999999,0.199834054676036,-0.010000000000000009,0.7,1329,0.9616497829232996,0.56931990685407,13.187719298245613,5619.25,1368.18,42.949999999999996,8.582872648335744,0,Cluster 0,46.65,Moderate Potential,Hold / Stabilize,0.0,71.21,57.97,50.0,65.02,-0.7013677418485115,1.7421485965459043,1
25612,Classic Burgers Bistro,Burgers,QSR,South Auckland,1.05,45.49,998,193,362,201,242,8779.57,16467.38,9143.49,11008.58,0.253722506202757,0.430719664134085,0.28,4,1.18,285.56,2770.46,585.54,325.12,3188.28,0.24,0.45,0.25,0.3,45399.020000000004,6869.4,0.1513116362423682,0.050000000000000044,0.7,805,0.8066132264529058,0.684442170336842,13.174710743801654,910.66,1047.9,45.49,6.88316633266533,0,Cluster 0,64.12,High Potential,Hold / Stabilize,100.0,62.38,63.58,50.0,22.03,0.3542200048682379,1.0546290039976491,1
25436,Classic Burgers Tavern,Burgers,Full-service,North Shore,1.03,42.97,718,242,214,119,143,10398.74,9195.58,5113.43,6144.71,0.368939419602975,0.501108688791282,0.32,8,2.36,337.48,1351.34,-1747.6,-971.8,461.04,0.51,0.45,0.25,0.3,30852.46,-907.02,-0.02939862818070261,0.030000000000000027,0.7,476,0.6629526462395543,0.8700481083942571,3.224055944055944,-2719.3999999999996,739.54,42.97,-1.2632590529247911,1,Cluster 1,24.8,Low Potential,Optimize,66.67,27.03,28.3,50.0,21.43,2.492488497579231,-1.26742550609432,0
25260,Classic Burgers Cafe,Burgers,Full-service,West Auckland,1.04,32.34,2051,646,632,351,422,20891.64,20438.88,11351.34,13647.48,0.373705843370408,0.465107345278375,0.28,13,3.84,1620.48,3367.46,-2428.41,-1348.69,579.31,0.46,0.45,0.25,0.3,66329.34,169.67000000000007,0.0025579931897407706,0.040000000000000036,0.7,1405,0.6850316918576305,0.8388131886487831,1.3727725118483411,-3777.1,2133.04,32.339999999999996,0.08272549975621651,1,Cluster 1,53.27,Moderate Potential,Rebalance Channels,83.33,33.15,24.74,50.0,78.0,2.858537907127532,-1.1616571673780027,0
25452,Lucky Burgers Kitchen,Burgers,Cafe,CBD,0.99,30.92,1308,324,443,246,295,10018.08,13697.56,7606.32,9121.4,0.23099601617083,0.373214836767875,0.31,11,3.25,958.75,3965.05,1175.1,652.54,2651.4,0.33,0.45,0.25,0.3,40443.36,8444.09,0.20878804332775516,-0.010000000000000009,0.7,984,0.7522935779816514,0.6042108529387049,8.987796610169491,1827.6399999999999,1294.92,30.92,6.45572629969419,0,Cluster 0,44.68,Moderate Potential,Hold / Stabilize,0.0,69.54,64.24,50.0,46.32,0.4879223636701416,1.3049668801899597,1
25319,King Burgers Diner,Burgers,Cafe,West Auckland,1.04,45.6,799,184,277,154,184,8390.4,12631.2,7022.4,8390.4,0.279372675232589,0.399700684985146,0.29,15,4.43,815.12,2692.7,390.64,217.18,1877.58,0.3,0.45,0.25,0.3,36434.4,5178.099999999999,0.14212118217947872,0.040000000000000036,0.7,615,0.769712140175219,0.679073360217735,10.204239130434782,607.8199999999999,830.96,45.6,6.48072590738423,0,Cluster 0,58.79,Moderate Potential,Hold / Stabilize,83.33,60.59,46.03,50.0,40.71,0.5382810491218177,0.8085391585577593,1
25132,Lucky Burgers Tavern,Burgers,Ghost Kitchen,CBD,0.99,36.56,897,42,385,214,256,1535.52,14075.6,7823.84,9359.36,0.294071698107291,0.265251147735398,0.3,18,5.31,1359.36,676.67,1980.12,1100.64,2765.1,0.05,0.45,0.25,0.3,32794.32,6522.530000000001,0.19889206423551398,-0.010000000000000009,0.7,855,0.9531772575250836,0.559322845842689,10.801171875,3080.76,888.03,36.56,7.271493868450391,0,Cluster 0,44.16,Moderate Potential,Hold / Stabilize,0.0,69.31,59.51,50.0,49.55,-0.9135845311575175,1.6862505335191103,1
26489,Classic Burgers Cafe,Burgers,Cafe,West Auckland,1.04,36.49,1640,468,527,293,352,17077.32,19230.23,10691.57,12844.48,0.226056149750948,0.371622992213815,0.3,16,4.72,1661.44,6870.56,1967.65,1093.97,3506.16,0.4,0.45,0.25,0.3,59843.600000000006,13438.34,0.22455768035345466,0.040000000000000036,0.7,1172,0.7146341463414634,0.597679141964763,9.960681818181818,3061.62,1705.6000000000001,36.49,8.19410975609756,0,Cluster 0,68.91,High Potential,Hold / Stabilize,83.33,74.01,56.93,50.0,71.22,0.8433195602333285,1.4282386747537397,1
25040,Lucky Burgers Grill,Burgers,QSR,North Shore,1.03,41.72,1452,299,519,288,346,12474.28,21652.68,12015.36,14435.12,0.24809970267117,0.389124022936448,0.32,18,5.31,1837.26,4525.37,926.22,513.97,3399.46,0.26,0.45,0.25,0.3,60577.44,9365.02,0.15459583633775215,0.030000000000000027,0.7,1153,0.7940771349862259,0.637223725607618,9.825028901734104,1440.19,1495.56,41.72,6.44973829201102,0,Cluster 0,59.59,Moderate Potential,Hold / Stabilize,66.67,62.23,47.5,50.0,69.12,0.5480187617590505,1.0173643239297097,1
25502,Top Burgers Grill,Burgers,Cafe,West Auckland,1.04,34.21,899,207,311,173,208,7081.47,10639.31,5918.33,7115.68,0.247309528961778,0.350396152329631,0.31,3,0.89,185.12,2848.84,981.95,546.23,2677.48,0.3,0.45,0.25,0.3,30754.79,7054.5,0.22937890325376956,0.040000000000000036,0.7,692,0.7697441601779755,0.597705681291409,12.8725,1528.18,934.96,34.21,7.847052280311457,0,Cluster 0,65.01,High Potential,Hold / Stabilize,83.33,74.19,78.59,50.0,16.06,0.03165955220906993,1.6962382231128623,1
25889,Top Burgers Bistro,Burgers,QSR,North Shore,1.03,40.18,1334,231,496,276,331,9281.58,19929.28,11089.68,13299.58,0.238772939294577,0.433020327752456,0.31,17,5.02,1661.62,3046.28,362.85,201.91,2703.39,0.21,0.45,0.25,0.3,53600.12,6314.43,0.1178062661053744,0.030000000000000027,0.7,1103,0.8268365817091454,0.671793267047033,8.167341389728096,564.76,1374.02,40.18,4.733455772113944,0,Cluster 0,56.1,Moderate Potential,Hold / Stabilize,66.67,54.96,43.81,50.0,62.87,0.5303657573925868,0.7097260049148582,1
25283,Urban Burgers Grill,Burgers,Cafe,South Auckland,1.05,42.16,571,151,189,105,126,6366.16,7968.24,4426.8,5312.16,0.27608444660902,0.441550263715908,0.29,4,1.18,148.68,1797.58,-60.84,-33.8,1351.29,0.36,0.45,0.25,0.3,24073.36,3054.23,0.1268717785967559,0.050000000000000044,0.7,420,0.7355516637478109,0.717634710324928,10.72452380952381,-94.64,599.5500000000001,42.160000000000004,5.348914185639229,0,Cluster 0,59.58,Moderate Potential,Rebalance Channels,100.0,57.01,58.47,50.0,7.58,0.8019843792387141,0.6073763714116274,1
25366,Classic Burgers Tavern,Burgers,Full-service,West Auckland,1.04,45.99,701,214,219,122,146,9841.86,10071.81,5610.78,6714.54,0.392565074376762,0.450436520925723,0.27,4,1.18,172.28,1545.16,-1138.13,-634.03,881.89,0.44,0.45,0.25,0.3,32238.989999999998,654.89,0.020313601635783256,0.040000000000000036,0.7,487,0.6947218259629101,0.843001595302485,6.040342465753424,-1772.16,729.0400000000001,45.989999999999995,0.9342225392296719,1,Cluster 1,47.1,Moderate Potential,Rebalance Channels,83.33,36.69,39.14,50.0,11.76,1.9591260914526476,-0.7317695963621189,0
25247,Lucky Burgers Kitchen,Burgers,Cafe,South Auckland,1.05,34.73,1151,304,381,212,254,10557.92,13232.13,7362.76,8821.42,0.20139017611742,0.416730785742402,0.31,5,1.48,375.92,4031.85,951.11,529.23,2992.8,0.36,0.45,0.25,0.3,39974.229999999996,8504.990000000002,0.2127618218036971,0.050000000000000044,0.7,847,0.735881841876629,0.618120961859822,11.78267716535433,1480.3400000000001,1208.55,34.73,7.389218071242399,0,Cluster 0,69.19,High Potential,Hold / Stabilize,100.0,71.34,72.11,50.0,29.54,0.502172387211751,1.4843338364525345,1
25004,King Burgers Cafe,Burgers,Ghost Kitchen,South Auckland,1.05,34.64,1629,106,685,381,457,3671.84,23728.4,13197.84,15830.48,0.259387835033704,0.336022477445658,0.32,18,5.31,2426.67,1485.59,2007.18,1116.4,3978.18,0.07,0.45,0.25,0.3,56428.56,8587.35,0.1521809168974009,0.050000000000000044,0.7,1523,0.9349294045426643,0.5954103124793619,8.704989059080962,3123.58,1710.45,34.64,5.271546961325967,0,Cluster 0,69.78,High Potential,Hold / Stabilize,100.0,60.32,53.95,50.0,76.05,-0.21091542675425692,1.3168473140659458,1
25853,Classic Burgers Tavern,Burgers,Ghost Kitchen,CBD,0.99,31.34,1519,72,651,362,434,2256.48,20402.34,11345.08,13601.56,0.272829318465665,0.319570669706445,0.32,5,1.48,642.32,919.74,1787.25,993.83,4901.68,0.05,0.45,0.25,0.3,47605.46,8602.5,0.1807040620970788,-0.010000000000000009,0.7,1447,0.9526003949967083,0.59239998817211,11.294193548387097,2781.08,1503.81,31.34,5.663265306122449,0,Cluster 0,44.74,Moderate Potential,Hold / Stabilize,0.0,64.69,76.07,50.0,39.05,-0.45319212735549064,1.5136681246148167,1
25005,Classic Burgers Bistro,Burgers,Ghost Kitchen,South Auckland,1.05,39.35,1305,85,549,305,366,3344.75,21603.15,12001.75,14402.1,0.285651653038803,0.280214194732253,0.3,9,2.66,973.56,1452.07,2897.72,1609.84,5278.88,0.07,0.45,0.25,0.3,51351.75,11238.51,0.21885349574259885,0.050000000000000044,0.7,1220,0.9348659003831418,0.5658658477710561,14.423169398907104,4507.5599999999995,1370.25,39.35,8.611885057471264,0,Cluster 0,72.26,High Potential,Hold / Stabilize,100.0,73.81,73.49,50.0,44.08,-0.7159374369466993,1.9665069989034367,1
25077,Lucky Burgers House,Burgers,Cafe,CBD,0.99,39.76,1641,378,568,316,379,15029.28,22583.68,12564.16,15069.04,0.211968362163752,0.366120141441934,0.31,14,4.13,1565.27,6341.03,2527.37,1406.07,4792.53,0.3,0.45,0.25,0.3,65246.159999999996,15067.0,0.23092546749111367,-0.010000000000000009,0.7,1263,0.7696526508226691,0.578088503605686,12.645197889182057,3933.4399999999996,1624.59,39.76,9.181596587446679,0,Cluster 0,48.8,Moderate Potential,Hold / Stabilize,0.0,76.2,63.29,50.0,63.95,0.3531996022203985,1.657061066310472,1
25856,Top Burgers Cafe,Burgers,Cafe,West Auckland,1.04,34.59,1501,328,528,293,352,11345.52,18263.52,10134.87,12175.68,0.212431895472109,0.353694221447222,0.3,8,2.36,830.72,4922.52,2445.01,1356.79,4451.99,0.28,0.45,0.25,0.3,51919.590000000004,13176.31,0.2537830133096197,0.040000000000000036,0.7,1173,0.7814790139906729,0.566126116919331,12.647698863636363,3801.8,1561.04,34.59,8.778354430379746,0,Cluster 0,70.23,High Potential,Hold / Stabilize,83.33,78.74,75.15,50.0,47.9,0.08869889804804375,1.9450767866701095,1
25886,Urban Burgers Bistro,Burgers,Ghost Kitchen,South Auckland,1.05,35.87,1180,77,496,276,331,2761.99,17791.52,9900.12,11872.97,0.254884610173758,0.256033067405224,0.32,17,5.02,1661.62,1350.84,3008.23,1673.94,4145.24,0.07,0.45,0.25,0.3,42326.600000000006,10178.25,0.2404693502431095,0.050000000000000044,0.7,1103,0.9347457627118644,0.5109176775789821,12.523383685800603,4682.17,1239.0,35.870000000000005,8.62563559322034,0,Cluster 0,74.19,High Potential,Hold / Stabilize,100.0,76.74,68.61,50.0,58.52,-1.015743103528188,2.248098168203375,1
25133,Top Burgers Corner,Burgers,Full-service,South Auckland,1.05,44.46,2051,636,637,354,424,28276.56,28321.02,15738.84,18851.04,0.386117483489215,0.498271016147919,0.27,12,3.54,1500.96,3269.1,-4372.44,-2429.9,678.44,0.45,0.45,0.25,0.3,91187.45999999999,-2854.7999999999997,-0.031306936282686236,0.050000000000000044,0.7,1415,0.6899073622623111,0.8843884996371341,1.6000943396226417,-6802.34,2153.55,44.459999999999994,-1.39190638712823,1,Cluster 1,39.48,Low Potential,Optimize,100.0,26.6,19.41,50.0,76.32,3.0306668315438845,-1.3813163154318893,0
25377,Lucky Burgers Bistro,Burgers,Full-service,South Auckland,1.05,39.78,1449,442,453,252,302,17582.76,18020.34,10024.56,12013.56,0.380261697387323,0.519352306029759,0.28,4,1.18,356.36,1765.06,-3236.71,-1800.55,849.63,0.44,0.45,0.25,0.3,57641.219999999994,-2422.5699999999997,-0.04202843034897596,0.050000000000000044,0.7,1007,0.6949620427881298,0.8996140034170821,2.813344370860927,-5037.26,1521.45,39.779999999999994,-1.6718909592822635,1,Cluster 1,35.37,Low Potential,Optimize,100.0,24.78,30.42,50.0,37.29,2.7541789069586184,-1.4259100300127432,0
25245,Lucky Burgers Cafe,Burgers,QSR,North Shore,1.03,43.22,1634,294,603,335,402,12706.68,26061.66,14478.7,17374.44,0.241746065188199,0.40828570977319,0.32,3,0.89,357.78,4446.93,781.02,433.9,5722.72,0.22,0.45,0.25,0.3,70621.48,11384.57,0.1612054859229798,0.030000000000000027,0.7,1340,0.8200734394124847,0.650031774961389,14.235621890547264,1214.92,1683.02,43.22,6.967301101591187,0,Cluster 0,60.25,High Potential,Hold / Stabilize,66.67,63.82,70.53,50.0,40.16,0.4482026683165106,1.2325100179971924,1
25861,Classic Burgers Diner,Burgers,Cafe,West Auckland,1.04,38.26,1934,490,650,361,433,18747.4,24869.0,13811.86,16566.58,0.236518038548529,0.38063013474457,0.28,13,3.84,1662.72,7177.48,2557.82,1420.58,4679.83,0.34,0.45,0.25,0.3,73994.84,15835.71,0.21401100401054993,0.040000000000000036,0.7,1444,0.7466390899689762,0.617148173293099,10.807921478060045,3978.4,2011.3600000000001,38.26,8.18806101344364,0,Cluster 0,69.37,High Potential,Hold / Stabilize,83.33,72.58,58.91,50.0,74.08,0.8559606339209903,1.3664641886556654,1
25257,King Burgers Bistro,Burgers,QSR,South Auckland,1.05,44.28,1873,350,685,381,457,15498.0,30331.8,16870.68,20235.96,0.216959698665887,0.412135697645135,0.3,9,2.66,1215.62,5748.28,2150.66,1196.21,6289.99,0.23,0.45,0.25,0.3,82936.44,15385.14,0.18550518927506413,0.050000000000000044,0.7,1523,0.813134009610251,0.629095396311022,13.763654266958424,3346.87,1966.65,44.28,8.214169781099839,0,Cluster 0,71.94,High Potential,Hold / Stabilize,100.0,68.78,63.74,50.0,63.3,0.47624306721321885,1.4326466982767778,1
25378,King Burgers Cafe,Burgers,QSR,North Shore,1.03,37.56,1595,298,584,324,389,11192.88,21935.04,12169.44,14610.84,0.232022813316435,0.378713312605396,0.32,10,2.95,1147.55,4356.98,1519.31,842.9,4539.92,0.23,0.45,0.25,0.3,59908.2,11259.109999999999,0.18793938058562934,0.030000000000000027,0.7,1297,0.8131661442006269,0.610736125921831,11.670745501285348,2362.21,1642.8500000000001,37.559999999999995,7.059003134796238,0,Cluster 0,62.32,High Potential,Hold / Stabilize,66.67,67.55,64.93,50.0,55.2,0.29612222191965726,1.4059788080286069,1
26108,King Burgers House,Burgers,Ghost Kitchen,North Shore,1.03,44.4,668,60,274,152,182,2664.0,12165.6,6748.8,8080.8,0.253680308535695,0.260938313254155,0.33,11,3.25,591.5,1293.06,1890.31,1048.64,3330.77,0.1,0.45,0.25,0.3,29659.2,7562.780000000001,0.25498934563305825,0.030000000000000027,0.7,608,0.9101796407185628,0.5146186217898501,18.300934065934065,2938.95,688.04,44.4,11.321526946107785,0,Cluster 0,64.38,High Potential,Hold / Stabilize,66.67,82.34,78.05,50.0,26.77,-1.2507391659372444,2.4577129206248327,1
25501,Classic Burgers Eatery,Burgers,Cafe,South Auckland,1.05,39.67,1315,395,414,230,276,15669.65,16423.38,9124.1,10948.92,0.254867386501282,0.375745487166569,0.3,7,2.07,571.32,5788.17,1139.57,633.1,3473.07,0.43,0.45,0.25,0.3,52166.049999999996,11033.91,0.21151515209604715,0.050000000000000044,0.7,920,0.6996197718631179,0.630612873667851,12.58358695652174,1772.67,1380.75,39.669999999999995,8.39080608365019,0,Cluster 0,69.96,High Potential,Hold / Stabilize,100.0,72.52,66.85,50.0,39.76,0.9041770636150152,1.32719786659046,1
26230,Top Burgers Kitchen,Burgers,Cafe,CBD,0.99,42.19,1387,374,456,253,304,15779.06,19238.64,10674.07,12825.76,0.207379126213491,0.384480268880725,0.3,15,4.43,1346.72,6440.08,2080.48,1154.3,3887.99,0.37,0.45,0.25,0.3,58517.53,13562.849999999999,0.23177413674158837,-0.010000000000000009,0.7,1013,0.7303532804614276,0.591859395094216,12.789440789473684,3234.7799999999997,1373.1299999999999,42.19,9.778550829127612,0,Cluster 0,47.4,Moderate Potential,Hold / Stabilize,0.0,77.13,59.47,50.0,58.18,0.5309856126034127,1.5624456169001972,1
26313,Classic Burgers Diner,Burgers,Full-service,South Auckland,1.05,36.32,604,166,197,110,131,6029.12,7155.04,3995.2,4757.92,0.393435937189497,0.505011981772259,0.3,12,3.54,463.74,612.27,-1419.9,-792.84,19.44,0.38,0.45,0.25,0.3,21937.28,-1581.0300000000002,-0.07207046634769672,0.050000000000000044,0.7,438,0.7251655629139073,0.898447918961756,0.1483969465648855,-2212.7400000000002,634.2,36.32,-2.6175993377483446,1,Cluster 1,29.92,Low Potential,Optimize,100.0,19.45,17.25,50.0,27.37,2.221461918467294,-1.636156860536937,0
25775,Lucky Burgers Tavern,Burgers,QSR,South Auckland,1.05,36.5,1366,273,492,273,328,9964.5,17958.0,9964.5,11972.0,0.202122342158109,0.395233107497916,0.29,3,0.89,291.92,4012.15,2022.87,1122.45,4528.54,0.25,0.45,0.25,0.3,49859.0,11686.01,0.2343811548566959,0.050000000000000044,0.7,1093,0.8001464128843339,0.597355449656025,13.806524390243903,3145.3199999999997,1434.3,36.5,8.5549121522694,0,Cluster 0,72.01,High Potential,Hold / Stabilize,100.0,75.82,78.65,50.0,32.15,0.04504113156693323,1.8367742738626547,1
26274,Urban Burgers Bistro,Burgers,Cafe,West Auckland,1.04,43.42,1527,352,529,294,352,15283.84,22969.18,12765.48,15283.84,0.220944037288427,0.393518741847947,0.31,7,2.07,728.64,5892.49,1735.03,964.27,5163.85,0.3,0.45,0.25,0.3,66302.34,13755.64,0.2074683940265155,0.040000000000000036,0.7,1175,0.7694826457105436,0.6144627791363739,14.67002840909091,2699.3,1588.0800000000002,43.419999999999995,9.008277668631303,0,Cluster 0,67.37,High Potential,Hold / Stabilize,83.33,72.81,69.34,50.0,46.44,0.4444337482532263,1.5660023720697833,1
26100,Urban Burgers House,Burgers,QSR,South Auckland,1.05,42.81,1119,216,406,226,271,9246.96,17380.86,9675.06,11601.51,0.232086842898279,0.351238823961467,0.32,6,1.77,479.67,3852.97,1680.28,935.33,4354.38,0.24,0.45,0.25,0.3,47904.39,10822.96,0.22592835437420244,0.050000000000000044,0.7,903,0.806970509383378,0.583325666859746,16.06782287822878,2615.61,1174.95,42.81,9.671992850759606,0,Cluster 0,71.33,High Potential,Hold / Stabilize,100.0,76.19,75.83,50.0,30.79,-0.16399993558002704,1.9031947994424854,1
25779,Classic Burgers Grill,Burgers,Full-service,CBD,0.99,34.31,1833,642,536,298,357,22027.02,18390.16,10224.38,12248.67,0.366821483511012,0.451014979300089,0.28,5,1.48,528.36,4012.52,-1799.23,-1000.32,1702.9,0.54,0.45,0.25,0.3,62890.229999999996,2915.87,0.04636443530258993,-0.010000000000000009,0.7,1191,0.6497545008183306,0.817836462811101,4.770028011204482,-2799.55,1814.67,34.309999999999995,1.5907637752318602,1,Cluster 1,33.4,Low Potential,Rebalance Channels,0.0,41.09,41.32,50.0,49.07,2.8117954801612735,-0.8378398977373702,0
26101,King Burgers Tavern,Burgers,Full-service,CBD,0.99,32.18,597,164,195,108,130,5277.52,6275.1,3475.44,4183.4,0.378334257286042,0.516466749412939,0.33,18,5.31,690.3,555.19,-1410.65,-781.28,-250.21,0.38,0.45,0.25,0.3,19211.46,-1886.95,-0.09822002075844315,-0.010000000000000009,0.7,433,0.7252931323283082,0.894801006698981,-1.9246923076923077,-2191.9300000000003,591.03,32.18,-3.1607202680067004,1,Cluster 1,3.86,Low Potential,Optimize,0.0,15.2,7.8,50.0,39.98,2.3204736909546657,-1.9570736144980372,0
25053,King Burgers Tavern,Burgers,Full-service,West Auckland,1.04,33.51,1661,499,523,290,349,16721.49,17525.73,9717.9,11694.99,0.396553314290941,0.485376674565487,0.28,12,3.54,1235.46,1974.31,-2837.94,-1573.62,145.37,0.43,0.45,0.25,0.3,55660.11,-2291.88,-0.041176346938588515,0.040000000000000036,0.7,1162,0.699578567128236,0.881929988856428,0.41653295128939827,-4411.5599999999995,1727.44,33.51,-1.3798193859121013,1,Cluster 1,33.0,Low Potential,Optimize,83.33,25.29,19.79,50.0,62.59,2.825502348907071,-1.5503633505326437,0
25631,Classic Burgers Grill,Burgers,Full-service,South Auckland,1.05,36.33,1499,525,438,244,292,19073.25,15912.54,8864.52,10608.36,0.372706734831445,0.524310493981466,0.28,12,3.54,1033.68,1964.22,-2816.79,-1569.17,58.8,0.54,0.45,0.25,0.3,54458.67,-2362.9399999999996,-0.04338960169243942,0.050000000000000044,0.7,974,0.6497665110073382,0.897017228812911,0.2013698630136986,-4385.96,1573.95,36.33,-1.576344229486324,1,Cluster 1,35.82,Low Potential,Optimize,100.0,24.72,17.47,50.0,57.65,3.198433063220179,-1.653526257008765,0
26360,Urban Burgers Bistro,Burgers,Cafe,North Shore,1.03,44.7,1528,361,525,292,350,16136.7,23467.5,13052.4,15645.0,0.267324640452862,0.437447387818247,0.33,12,3.54,1239.0,4764.01,-816.01,-453.86,3379.84,0.31,0.45,0.25,0.3,68301.6,6873.98,0.10064156622978083,0.030000000000000027,0.7,1167,0.7637434554973822,0.704772028271109,9.656685714285715,-1269.87,1573.8400000000001,44.7,4.498678010471204,0,Cluster 0,55.32,Moderate Potential,Rebalance Channels,66.67,52.33,47.1,50.0,57.64,1.147156836977815,0.44800107734962813,1
26079,Top Burgers Eatery,Burgers,Cafe,CBD,0.99,43.28,562,166,178,99,119,7184.48,7703.84,4284.72,5150.32,0.243581773433834,0.436767387227155,0.31,14,4.13,491.47,2296.53,74.35,41.35,1154.83,0.42,0.45,0.25,0.3,24323.36,3567.06,0.1466516139217608,-0.010000000000000009,0.7,396,0.7046263345195729,0.680349160660989,9.704453781512605,115.69999999999999,556.38,43.28,6.347081850533808,0,Cluster 0,36.69,Low Potential,Hold / Stabilize,0.0,61.02,47.53,50.0,29.53,0.8647119380382541,0.668119096584819,1
25111,Classic Burgers Kitchen,Burgers,Ghost Kitchen,South Auckland,1.05,46.57,1487,122,614,341,410,5681.54,28593.98,15880.37,19093.7,0.29746993877925,0.321676251804456,0.29,13,3.84,1574.4,2163.84,2597.87,1442.79,5697.51,0.09,0.45,0.25,0.3,69249.59,11902.01,0.1718711980821836,0.050000000000000044,0.7,1365,0.917955615332885,0.619146190583706,13.896365853658537,4040.66,1561.3500000000001,46.57,8.00404169468729,0,Cluster 0,69.82,High Potential,Hold / Stabilize,100.0,66.66,58.6,50.0,59.58,-0.2251604204248908,1.4606642881714031,1
25595,Top Burgers Kitchen,Burgers,QSR,West Auckland,1.04,37.61,1276,271,452,251,302,10192.31,16999.72,9440.11,11358.22,0.218210295401514,0.37306306483224,0.3,14,4.13,1247.26,4165.87,1848.32,1026.39,3395.15,0.27,0.45,0.25,0.3,47990.36,10435.73,0.2174547138216925,0.040000000000000036,0.7,1005,0.7876175548589341,0.591273360233754,11.242218543046357,2874.71,1327.04,37.61,8.178471786833855,0,Cluster 0,67.0,High Potential,Hold / Stabilize,83.33,73.04,61.26,50.0,54.36,0.14243439352114529,1.6109798070867618,1
25881,Lucky Burgers Diner,Burgers,QSR,CBD,0.99,36.87,1197,199,449,250,299,7337.13,16554.63,9217.5,11024.13,0.201856870297343,0.401524102664553,0.28,15,4.43,1324.57,2910.05,1930.58,1074.94,3047.81,0.2,0.45,0.25,0.3,44133.39,8963.38,0.20309747336427134,-0.010000000000000009,0.7,998,0.83375104427736,0.603380972961896,10.193344481605351,3005.52,1185.03,36.87,7.488203842940685,0,Cluster 0,44.4,Moderate Potential,Hold / Stabilize,0.0,70.17,57.7,50.0,52.12,-0.06480555594964357,1.4608285006403936,1
26244,Urban Burgers House,Burgers,Cafe,West Auckland,1.04,34.3,1728,356,617,343,412,12210.8,21163.1,11764.9,14131.6,0.24282123086974,0.435210464918055,0.33,17,5.02,2068.24,3931.49,-169.98,-94.49,2481.69,0.26,0.45,0.25,0.3,59270.399999999994,6148.71,0.1037399781341108,0.040000000000000036,0.7,1372,0.7939814814814815,0.678031695787795,6.023519417475728,-264.46999999999997,1797.1200000000001,34.3,3.55828125,0,Cluster 0,61.25,High Potential,Rebalance Channels,83.33,51.48,42.85,50.0,76.51,1.0079875447662765,0.4770234721141008,1
26245,Classic Burgers Corner,Burgers,Full-service,North Shore,1.03,35.96,697,226,212,118,141,8126.96,7623.52,4243.28,5070.36,0.369292362453416,0.529286201111972,0.29,6,1.77,249.57,824.25,-1437.63,-800.19,264.67,0.48,0.45,0.25,0.3,25064.12,-1148.9,-0.045838433585539816,0.030000000000000027,0.7,471,0.6757532281205165,0.898578563565388,1.8770921985815603,-2237.82,717.91,35.96,-1.6483500717360116,1,Cluster 1,23.1,Low Potential,Optimize,66.67,24.3,27.24,50.0,16.06,2.5494545713492296,-1.5347657899739073,0
26490,Classic Burgers Eatery,Burgers,Full-service,West Auckland,1.04,41.27,1437,485,428,238,286,20015.95,17663.56,9822.26,11803.22,0.381961005600169,0.502269128710031,0.32,14,4.13,1181.18,2317.24,-3607.43,-2006.0,185.28,0.51,0.45,0.25,0.3,59304.990000000005,-3110.91,-0.05245612553007765,0.040000000000000036,0.7,952,0.662491301322199,0.8842301343102,0.6478321678321678,-5613.43,1494.48,41.27,-2.164864300626305,1,Cluster 1,31.19,Low Potential,Optimize,83.33,22.71,16.1,50.0,59.75,3.016774575151055,-1.589637811602563,0
25400,Top Burgers Corner,Burgers,Ghost Kitchen,West Auckland,1.04,44.01,1458,95,613,341,409,4180.95,26978.13,15007.41,18000.09,0.287121943430975,0.263713604072109,0.29,14,4.13,1689.17,1877.93,4293.96,2388.65,6395.83,0.07,0.45,0.25,0.3,64166.58,14956.37,0.23308660053255137,0.040000000000000036,0.7,1363,0.9348422496570644,0.5508355475030839,15.637726161369192,6682.610000000001,1516.3200000000002,44.01,10.258141289437587,0,Cluster 0,70.39,High Potential,Hold / Stabilize,83.33,77.95,67.49,50.0,60.46,-0.7298502471213183,2.0866504696176595,1
26532,King Burgers House,Burgers,Full-service,North Shore,1.03,34.87,2227,722,677,376,452,25176.14,23606.99,13111.12,15761.24,0.383675677911378,0.470021476503462,0.31,8,2.36,1066.72,3683.34,-3864.4,-2146.25,1239.19,0.48,0.45,0.25,0.3,77655.49,-1088.12,-0.014012145181235735,0.030000000000000027,0.7,1505,0.6757970363718007,0.85369715441484,2.741570796460177,-6010.65,2293.81,34.870000000000005,-0.48860350246969014,1,Cluster 1,33.59,Low Potential,Optimize,66.67,30.15,30.82,50.0,71.51,3.0961763260442887,-1.2760157580093772,0
25267,King Burgers Kitchen,Burgers,Cafe,West Auckland,1.04,35.82,818,238,261,145,174,8525.16,9349.02,5193.9,6232.68,0.210430280975997,0.436889241216704,0.28,4,1.18,205.32,3006.66,679.49,377.5,1992.82,0.41,0.45,0.25,0.3,29300.760000000002,6056.469999999999,0.2067000992465724,0.040000000000000036,0.7,580,0.7090464547677262,0.6473195221927011,11.452988505747125,1056.99,850.72,35.82,7.403997555012224,0,Cluster 0,62.18,High Potential,Hold / Stabilize,83.33,70.54,69.31,50.0,15.68,0.6457229813093888,1.2776004522965423,1
25119,Classic Burgers Eatery,Burgers,Cafe,CBD,0.99,33.49,1265,253,455,253,304,8472.97,15237.95,8472.97,10180.96,0.238450531568378,0.443626348115504,0.3,5,1.48,449.92,2693.75,273.11,151.86,2786.84,0.25,0.45,0.25,0.3,42364.85,5905.56,0.13939763742819816,-0.010000000000000009,0.7,1012,0.8,0.682076879683882,9.167236842105263,424.97,1252.35,33.49,4.668426877470356,0,Cluster 0,39.04,Low Potential,Hold / Stabilize,0.0,57.78,62.25,50.0,30.95,0.6171685661673026,0.7356572283013837,1
26494,Top Burgers House,Burgers,Full-service,CBD,0.99,41.87,1466,475,446,248,297,19888.25,18674.02,10383.76,12435.39,0.387959811929613,0.479524135775864,0.31,11,3.25,965.25,2635.51,-3314.34,-1842.95,682.64,0.48,0.45,0.25,0.3,61381.420000000006,-1839.1399999999999,-0.029962487019687713,-0.010000000000000009,0.7,991,0.6759890859481582,0.867483947705477,2.2984511784511783,-5157.29,1451.34,41.870000000000005,-1.2545293315143247,1,Cluster 1,11.68,Low Potential,Optimize,0.0,26.97,23.66,50.0,51.36,2.7886147382069155,-1.4024549317018236,0
25161,Top Burgers Corner,Burgers,Cafe,West Auckland,1.04,40.42,1119,319,360,200,240,12893.98,14551.2,8084.0,9700.8,0.279486142154783,0.420557478116825,0.3,13,3.84,921.6,3867.63,-0.63,-0.35,1988.22,0.4,0.45,0.25,0.3,45229.979999999996,5854.87,0.12944666347409395,0.040000000000000036,0.7,800,0.7149240393208222,0.700043620271608,8.28425,-0.98,1163.76,40.419999999999995,5.232234137622878,0,Cluster 0,58.87,Moderate Potential,Rebalance Channels,83.33,57.2,46.13,50.0,46.76,1.209978907871233,0.48828158973732977,1
26214,Urban Burgers Corner,Burgers,Cafe,CBD,0.99,37.88,1694,370,596,331,397,14015.6,22576.48,12538.28,15038.36,0.258535533044487,0.356650849501602,0.33,18,5.31,2108.07,5393.39,1237.5,687.27,3678.9,0.28,0.45,0.25,0.3,64168.72,10997.06,0.17137726917413967,-0.010000000000000009,0.7,1324,0.781582054309327,0.615186382546089,9.266750629722923,1924.77,1677.06,37.88,6.491770956316411,0,Cluster 0,45.06,Moderate Potential,Hold / Stabilize,0.0,64.55,50.9,50.0,74.97,0.6443616926686097,1.0613086888922107,1
25528,Lucky Burgers Bistro,Burgers,QSR,North Shore,1.03,36.79,1652,361,581,323,387,13281.19,21374.99,11883.17,14237.73,0.204108449220657,0.449127485696226,0.28,10,2.95,1141.65,4605.44,1427.08,793.37,3795.48,0.28,0.45,0.25,0.3,60777.08,10621.369999999999,0.17475946524578012,0.030000000000000027,0.7,1291,0.7814769975786925,0.653235934916883,9.807441860465117,2220.45,1701.56,36.79,6.4294007263922515,0,Cluster 0,60.64,High Potential,Hold / Stabilize,66.67,64.92,58.38,50.0,57.09,0.7146547873285082,1.0901992607606257,1
25973,King Burgers Kitchen,Burgers,Full-service,West Auckland,1.04,37.44,591,153,197,110,131,5728.32,7375.68,4118.4,4904.64,0.372759494010825,0.487910197372548,0.27,13,3.84,503.04,798.13,-963.78,-538.15,180.33,0.35,0.45,0.25,0.3,22127.04,-523.4699999999999,-0.023657479717124383,0.040000000000000036,0.7,438,0.7411167512690355,0.8606696913833729,1.3765648854961834,-1501.9299999999998,614.64,37.440000000000005,-0.8857360406091369,1,Cluster 1,29.05,Low Potential,Optimize,83.33,28.31,21.37,50.0,29.07,1.8236426670886277,-1.1651445900707016,0
25730,Top Burgers Eatery,Burgers,QSR,CBD,0.99,39.64,1809,395,636,354,424,15657.8,25211.04,14032.56,16807.36,0.239658871367574,0.433120136964135,0.32,5,1.48,627.52,5123.56,182.05,101.33,4872.2,0.28,0.45,0.25,0.3,71708.76,10279.14,0.14334566655454647,-0.010000000000000009,0.7,1414,0.7816473189607518,0.672779008331709,11.491037735849057,283.38,1790.91,39.64,5.682222222222222,0,Cluster 0,42.4,Moderate Potential,Hold / Stabilize,0.0,59.68,63.68,50.0,48.31,0.9335208786665272,0.829008695165989,1
26135,King Burgers Tavern,Burgers,Full-service,CBD,0.99,34.74,1202,395,363,202,242,13722.3,12610.62,7017.48,8407.08,0.380201764998492,0.464409941108897,0.31,18,5.31,1285.02,2132.28,-1949.75,-1084.98,21.34,0.49,0.45,0.25,0.3,41757.479999999996,-881.1099999999998,-0.02110065070976505,-0.010000000000000009,0.7,807,0.6713810316139767,0.844611706107389,0.08818181818181818,-3034.73,1189.98,34.739999999999995,-0.7330366056572377,1,Cluster 1,11.71,Low Potential,Optimize,0.0,28.86,15.53,50.0,59.28,2.6387590474148643,-1.412623719629673,0
26380,Classic Burgers Tavern,Burgers,Full-service,CBD,0.99,39.01,1834,505,598,332,399,19700.05,23327.98,12951.32,15564.99,0.393061458598822,0.511228195345029,0.28,11,3.25,1296.75,1885.5,-4299.11,-2386.79,192.98,0.38,0.45,0.25,0.3,71544.34,-4607.42,-0.06439950386012366,-0.010000000000000009,0.7,1329,0.7246455834242094,0.904289653943851,0.4836591478696742,-6685.9,1815.66,39.01,-2.5122246455834243,1,Cluster 1,10.72,Low Potential,Optimize,0.0,20.63,17.99,50.0,63.1,2.8533049192486843,-1.7343793119910347,0
25895,Top Burgers Corner,Burgers,Full-service,West Auckland,1.04,46.39,1073,376,314,174,209,17442.64,14566.46,8071.86,9695.51,0.377299415611196,0.472256360342726,0.31,6,1.77,369.93,2624.14,-2324.16,-1287.91,1088.7,0.54,0.45,0.25,0.3,49776.47,100.76999999999998,0.002024450508443045,0.040000000000000036,0.7,697,0.6495806150978565,0.8495557759539221,5.209090909090909,-3612.0699999999997,1115.92,46.39,0.09391425908667286,1,Cluster 1,47.9,Moderate Potential,Rebalance Channels,83.33,33.1,34.79,50.0,28.89,2.6009359897233653,-0.97113626512404,0
25330,Urban Burgers Tavern,Burgers,Ghost Kitchen,North Shore,1.03,44.91,1161,65,493,274,329,2919.15,22140.63,12305.34,14775.39,0.262536822527181,0.2416238550446,0.27,17,5.02,1651.58,1447.43,5000.22,2779.03,5674.64,0.06,0.45,0.25,0.3,52140.51,14901.32,0.2857916042631727,0.030000000000000027,0.7,1096,0.9440137812230835,0.5041606775717811,17.248145896656535,7779.25,1195.83,44.910000000000004,12.834900947459086,0,Cluster 0,68.8,High Potential,Hold / Stabilize,66.67,88.53,69.65,50.0,57.13,-1.2360079434943083,2.5955741566823454,1
25170,Lucky Burgers Tavern,Burgers,QSR,West Auckland,1.04,46.04,1530,334,538,299,359,15377.36,24769.52,13765.96,16528.36,0.217860502731055,0.394324672338553,0.29,12,3.54,1270.86,5963.57,2422.83,1346.51,5139.08,0.28,0.45,0.25,0.3,70441.20000000001,14871.99,0.21112630108516034,0.040000000000000036,0.7,1196,0.7816993464052288,0.612185175069608,14.314986072423398,3769.34,1591.2,46.040000000000006,9.720254901960784,0,Cluster 0,67.9,High Potential,Hold / Stabilize,83.33,74.27,61.37,50.0,58.2,0.362862336539519,1.5865769499191185,1
25442,Classic Burgers Grill,Burgers,Cafe,West Auckland,1.04,43.24,1155,318,377,209,251,13750.32,16301.48,9037.16,10853.24,0.264888013489544,0.398093697498553,0.3,4,1.18,296.18,4634.11,603.45,334.54,3361.56,0.38,0.45,0.25,0.3,49942.2,8933.66,0.178879985262964,0.040000000000000036,0.7,837,0.7246753246753247,0.662981710988097,13.392669322709164,937.99,1201.2,43.239999999999995,7.734770562770563,0,Cluster 0,62.57,High Potential,Hold / Stabilize,83.33,67.24,66.89,50.0,26.97,0.8202645734650542,1.1113212951335438,1
26588,Lucky Burgers Corner,Burgers,Cafe,West Auckland,1.04,38.95,2083,540,694,386,463,21033.0,27031.3,15034.7,18033.85,0.248576239868999,0.371197632467374,0.33,10,2.95,1365.85,7997.3,1357.68,755.13,5491.09,0.35,0.45,0.25,0.3,81132.85,15601.199999999999,0.19229202474706605,0.040000000000000036,0.7,1543,0.7407585213634181,0.6197738723363729,11.859805615550757,2112.81,2166.32,38.95,7.489774363898223,0,Cluster 0,69.03,High Potential,Hold / Stabilize,83.33,68.72,63.54,50.0,72.07,1.0214529728305604,1.2639690893325917,1
25294,Lucky Burgers Tavern,Burgers,Ghost Kitchen,CBD,0.99,34.43,998,82,412,229,275,2823.26,14185.16,7884.47,9468.25,0.262558714870829,0.207000498892739,0.33,9,2.66,731.5,1497.57,2843.28,1580.37,4290.85,0.09,0.45,0.25,0.3,34361.14,10212.07,0.29719823032646764,-0.010000000000000009,0.7,916,0.9178356713426854,0.469559213763568,15.603090909090911,4423.65,988.02,34.43,10.23253507014028,0,Cluster 0,51.57,Moderate Potential,Hold / Stabilize,0.0,86.55,88.33,50.0,31.77,-1.3590027502221746,2.7168575480869857,1
25174,Classic Burgers Corner,Burgers,Full-service,North Shore,1.03,33.99,1728,544,533,296,355,18490.56,18116.67,10061.04,12066.45,0.383637686388101,0.547367854113691,0.32,15,4.43,1572.65,1275.75,-4547.38,-2525.38,-740.13,0.46,0.45,0.25,0.3,58734.72,-6537.14,-0.11129941540540246,0.030000000000000027,0.7,1184,0.6851851851851852,0.9310055405017921,-2.08487323943662,-7072.76,1779.8400000000001,33.99,-3.7830671296296297,1,Cluster 1,24.45,Low Potential,Optimize,66.67,12.59,7.19,50.0,71.28,3.3560735948351805,-2.2189955137650372,0
25376,Top Burgers House,Burgers,Ghost Kitchen,South Auckland,1.05,43.85,1531,100,644,358,429,4385.0,28239.4,15698.3,18811.65,0.29566688031191,0.349170912150294,0.29,16,4.72,2024.88,1557.39,1840.14,1022.94,4656.31,0.07,0.45,0.25,0.3,67134.35,9076.78,0.13520321564147117,0.050000000000000044,0.7,1431,0.9346832135858916,0.644837792462204,10.853869463869465,2863.08,1607.55,43.85,5.928661005878511,0,Cluster 0,67.37,High Potential,Hold / Stabilize,100.0,58.92,49.66,50.0,68.06,-0.05685804656740503,1.0893720962894977,1
25418,Top Burgers Eatery,Burgers,Cafe,North Shore,1.03,43.29,1941,593,607,337,404,25670.97,26277.03,14588.73,17489.16,0.239532025568187,0.372590851527639,0.27,6,1.77,715.08,9957.18,3097.46,1719.68,6068.57,0.44,0.45,0.25,0.3,84025.89,20842.89,0.24805318932057727,0.030000000000000027,0.7,1348,0.6944873776403916,0.612122877095826,15.021212871287128,4817.14,1999.23,43.29,10.73822256568779,0,Cluster 0,67.2,High Potential,Hold / Stabilize,66.67,80.61,71.39,50.0,57.35,1.0749266268820956,1.6100601403073163,1
25015,Lucky Burgers Grill,Burgers,QSR,CBD,0.99,34.71,1299,276,460,256,307,9579.96,15966.6,8885.76,10655.97,0.221846213359386,0.446916462201625,0.32,3,0.89,273.23,3173.24,179.42,99.85,3256.42,0.27,0.45,0.25,0.3,45088.29,6708.93,0.14879539676488063,-0.010000000000000009,0.7,1023,0.7875288683602771,0.668762675561011,10.607231270358307,279.27,1286.01,34.71,5.1646882217090075,0,Cluster 0,40.06,Moderate Potential,Hold / Stabilize,0.0,59.72,67.64,50.0,27.37,0.612502418930436,0.8900998319873701,1
26027,Urban Burgers Bistro,Burgers,Cafe,West Auckland,1.04,38.25,1123,303,369,205,246,11589.75,14114.25,7841.25,9409.5,0.243503914065659,0.42334763079416,0.3,13,3.84,944.64,3861.11,467.87,259.93,2190.12,0.37,0.45,0.25,0.3,42954.75,6779.030000000001,0.15781793631670538,0.040000000000000036,0.7,820,0.730186999109528,0.666851544859819,8.902926829268292,727.8,1167.92,38.25,6.036536064113981,0,Cluster 0,61.15,High Potential,Hold / Stabilize,83.33,62.11,51.25,50.0,46.9,0.8939221821195756,0.8359209283038156,1
26391,Classic Burgers Bistro,Burgers,Ghost Kitchen,North Shore,1.03,43.92,805,45,342,190,228,1976.4,15020.64,8344.8,10013.76,0.295922063931357,0.23290582903428,0.28,14,4.13,941.64,931.22,2871.53,1595.29,3776.56,0.06,0.45,0.25,0.3,35355.6,9174.6,0.25949495978006315,0.030000000000000027,0.7,760,0.9440993788819876,0.528827892965637,16.563859649122808,4466.82,829.15,43.92,11.397018633540373,0,Cluster 0,64.85,High Potential,Hold / Stabilize,66.67,83.05,70.88,50.0,38.32,-1.2540305147676327,2.34749811038238,1
26514,Lucky Burgers Corner,Burgers,QSR,West Auckland,1.04,36.38,638,106,239,133,160,3856.28,8694.82,4838.54,5820.8,0.248522782940418,0.386922581051476,0.31,17,5.02,803.2,1405.82,474.34,263.96,1318.8,0.2,0.45,0.25,0.3,23210.44,3462.92,0.1491966546088743,0.040000000000000036,0.7,532,0.8338557993730408,0.635445363991894,8.2425,738.3,663.52,36.379999999999995,5.427774294670846,0,Cluster 0,59.24,Moderate Potential,Hold / Stabilize,83.33,60.13,49.42,50.0,39.98,-0.07330123511458744,1.0537899670113422,1
26677,Top Burgers Tavern,Burgers,Cafe,South Auckland,1.05,34.3,1342,333,454,252,303,11421.9,15572.2,8643.6,10392.9,0.216553137414157,0.409603461413644,0.29,13,3.84,1163.52,4270.0,1305.63,724.71,2721.8,0.33,0.45,0.25,0.3,46030.6,9022.14,0.1960030935942612,0.050000000000000044,0.7,1009,0.7518628912071535,0.6261565988278011,8.982838283828384,2030.3400000000001,1409.1000000000001,34.3,6.722906110283159,0,Cluster 0,69.25,High Potential,Hold / Stabilize,100.0,68.18,57.52,50.0,54.67,0.6052834210672309,1.2528629810947527,1
25181,King Burgers Cafe,Burgers,Full-service,South Auckland,1.05,36.18,2043,594,652,362,435,21490.92,23589.36,13097.16,15738.3,0.370753841416445,0.5194696117891,0.28,9,2.66,1157.1,2359.2,-4015.46,-2229.44,570.6,0.41,0.45,0.25,0.3,73915.74,-3315.1000000000004,-0.04484971671798185,0.050000000000000044,0.7,1449,0.7092511013215859,0.8902234532055451,1.3117241379310345,-6244.9,2145.15,36.18,-1.6226627508565836,1,Cluster 1,38.67,Low Potential,Optimize,100.0,24.46,23.49,50.0,69.05,2.9548329166227205,-1.4969591221374388,0
25468,Top Burgers House,Burgers,Full-service,West Auckland,1.04,32.39,1216,383,375,208,250,12405.37,12146.25,6737.12,8097.5,0.385193350294139,0.526770381326787,0.31,3,0.89,222.5,1092.12,-2696.03,-1495.4,490.37,0.46,0.45,0.25,0.3,39386.240000000005,-2608.9400000000005,-0.06623988479225232,0.040000000000000036,0.7,833,0.6850328947368421,0.9119637316209259,1.9614800000000001,-4191.43,1264.64,32.39000000000001,-2.145509868421053,1,Cluster 1,28.58,Low Potential,Optimize,83.33,20.88,30.15,50.0,26.68,2.853865122406363,-1.7225439207125446,0
26586,King Burgers Bistro,Burgers,Full-service,West Auckland,1.04,36.69,1582,498,488,271,325,18271.62,17904.72,9942.99,11924.25,0.357282414881047,0.527841170760803,0.28,12,3.54,1150.5,2098.98,-2956.49,-1641.82,219.32,0.46,0.45,0.25,0.3,58043.579999999994,-2280.0099999999998,-0.03928100230895475,0.040000000000000036,0.7,1084,0.6852085967130215,0.88512358564185,0.6748307692307692,-4598.3099999999995,1645.28,36.69,-1.4412199747155499,1,Cluster 1,32.55,Low Potential,Optimize,83.33,25.46,19.3,50.0,59.95,2.8790499592256285,-1.4990767444105928,0
26141,Lucky Burgers Eatery,Burgers,Full-service,West Auckland,1.04,34.93,1402,378,461,256,307,13203.54,16102.73,8942.08,10723.51,0.391132951912005,0.514671805570833,0.28,9,2.66,816.62,1243.71,-2991.96,-1661.48,193.48,0.37,0.45,0.25,0.3,48971.86,-3216.25,-0.0656754715871523,0.040000000000000036,0.7,1024,0.7303851640513552,0.9058047574828381,0.630228013029316,-4653.4400000000005,1458.0800000000002,34.93,-2.2940442225392297,1,Cluster 1,29.78,Low Potential,Optimize,83.33,20.75,21.09,50.0,46.91,2.6030379436685784,-1.665674333229694,0
25268,King Burgers Corner,Burgers,Cafe,CBD,0.99,37.1,904,253,293,163,195,9386.3,10870.3,6047.3,7234.5,0.217014490831643,0.400262145348825,0.28,16,4.72,920.4,3592.36,1116.63,621.2,1848.41,0.39,0.45,0.25,0.3,33538.399999999994,7178.599999999999,0.214041218424254,-0.010000000000000009,0.7,651,0.7201327433628318,0.617276636180468,9.479025641025641,1737.8300000000002,894.96,37.099999999999994,7.940929203539822,0,Cluster 0,43.11,Moderate Potential,Hold / Stabilize,0.0,72.25,53.91,50.0,45.1,0.5349865115728978,1.259745940240875,1
25308,Urban Burgers House,Burgers,QSR,West Auckland,1.04,44.68,1854,334,684,380,456,14923.12,30561.12,16978.4,20374.08,0.241154740788043,0.358429965469986,0.31,15,4.43,2020.08,5975.45,2763.19,1535.11,6138.01,0.22,0.45,0.25,0.3,82836.72,16411.760000000002,0.19812179912483258,0.040000000000000036,0.7,1520,0.819848975188781,0.5995847062580291,13.460548245614035,4298.3,1928.16,44.68,8.85208198489752,0,Cluster 0,69.23,High Potential,Hold / Stabilize,83.33,71.34,58.28,50.0,76.06,0.3124713086082716,1.5452550379206236,1
25067,Classic Burgers Kitchen,Burgers,Full-service,CBD,0.99,43.14,1160,343,368,204,245,14797.02,15875.52,8800.56,10569.3,0.35827633588342,0.504268040694296,0.31,11,3.25,796.25,2033.93,-2739.23,-1518.49,656.56,0.42,0.45,0.25,0.3,50042.399999999994,-1567.23,-0.031318042300129495,-0.010000000000000009,0.7,817,0.7043103448275863,0.862544376577716,2.679836734693877,-4257.72,1148.4,43.13999999999999,-1.3510603448275862,1,Cluster 1,10.29,Low Potential,Optimize,0.0,26.65,24.42,50.0,41.6,2.374733937628985,-1.2674478757878664,0
26241,Top Burgers Eatery,Burgers,QSR,South Auckland,1.05,38.16,1019,190,373,207,249,7250.4,14233.68,7899.12,9501.84,0.24545091053471,0.423436920926906,0.32,12,3.54,881.46,2400.7,158.17,87.78,2264.71,0.23,0.45,0.25,0.3,38885.04,4911.360000000001,0.12630461483387956,0.050000000000000044,0.7,829,0.8135426889106968,0.668887831461616,9.095220883534136,245.95,1069.95,38.160000000000004,4.8197841020608445,0,Cluster 0,63.29,High Potential,Hold / Stabilize,100.0,56.22,52.63,50.0,41.41,0.39511750490609526,0.8271863145343433,1
26201,Classic Burgers House,Burgers,Full-service,South Auckland,1.05,40.9,1340,409,419,233,279,16728.1,17137.1,9529.7,11411.1,0.385463857045397,0.521124046226032,0.32,11,3.25,906.75,1562.61,-3883.06,-2159.31,159.18,0.44,0.45,0.25,0.3,54805.99999999999,-4320.58,-0.07883406926248952,0.050000000000000044,0.7,931,0.6947761194029851,0.906587903271429,0.5705376344086022,-6042.37,1407.0,40.89999999999999,-3.224313432835821,1,Cluster 1,32.95,Low Potential,Optimize,100.0,17.72,17.63,50.0,49.94,2.847586688975374,-1.7220158111585429,0
25272,Urban Burgers Eatery,Burgers,QSR,CBD,0.99,32.02,1165,225,423,235,282,7204.5,13544.46,7524.7,9029.64,0.203551977090538,0.444050269783475,0.32,8,2.36,665.52,2538.85,438.81,243.78,2516.5,0.24,0.45,0.25,0.3,37303.3,5737.9400000000005,0.15381856296895985,-0.010000000000000009,0.7,940,0.8068669527896996,0.647602246874013,8.923758865248226,682.59,1153.35,32.02,4.925270386266095,0,Cluster 0,40.25,Moderate Potential,Hold / Stabilize,0.0,60.07,62.59,50.0,34.76,0.361887260414454,0.9775377509123282,1
25192,Lucky Burgers Bistro,Burgers,Cafe,South Auckland,1.05,43.45,1384,351,465,258,310,15250.95,20204.25,11210.1,13469.5,0.23134801954031,0.434121696907096,0.32,9,2.66,824.6,5101.9,293.57,162.89,3681.36,0.34,0.45,0.25,0.3,60134.799999999996,9239.72,0.15365013270186315,0.050000000000000044,0.7,1033,0.7463872832369942,0.665469716447406,11.875354838709677,456.46,1453.2,43.449999999999996,6.676098265895953,0,Cluster 0,66.74,High Potential,Hold / Stabilize,100.0,62.41,58.14,50.0,46.76,0.8722619190252304,0.9847805013109555,1
25435,Classic Burgers Bistro,Burgers,QSR,West Auckland,1.04,45.13,1249,225,461,256,307,10154.25,20804.93,11553.28,13854.91,0.213164031673223,0.396249585878104,0.33,18,5.31,1630.17,3966.11,1260.5,699.97,3781.37,0.22,0.45,0.25,0.3,56367.369999999995,9707.95,0.1722264139696424,0.040000000000000036,0.7,1024,0.8198558847077662,0.609413617551327,12.3171661237785,1960.47,1298.96,45.129999999999995,7.772578062449961,0,Cluster 0,64.71,High Potential,Hold / Stabilize,83.33,66.39,51.79,50.0,62.79,0.1080896710103703,1.391384910750251,1
25678,Urban Burgers Eatery,Burgers,QSR,CBD,0.99,43.24,772,139,285,158,190,6010.36,12323.4,6831.92,8215.6,0.237665633372962,0.396260366705246,0.32,12,3.54,672.6,2200.24,567.79,314.77,2334.92,0.22,0.45,0.25,0.3,33381.28,5417.719999999999,0.16229815034055015,-0.010000000000000009,0.7,633,0.8199481865284974,0.633926000078208,12.289052631578947,882.56,764.28,43.24,7.0177720207253875,0,Cluster 0,39.85,Low Potential,Hold / Stabilize,0.0,64.04,58.02,50.0,31.56,-0.01681324120936416,1.1893111178664302,1
26286,King Burgers Tavern,Burgers,QSR,South Auckland,1.05,45.42,1742,337,632,351,422,15306.54,28705.44,15942.42,19167.24,0.21829391522333,0.417047550738789,0.28,14,4.13,1742.86,5581.66,2430.16,1349.66,5246.64,0.24,0.45,0.25,0.3,79121.64,14608.119999999999,0.18462863004356328,0.050000000000000044,0.7,1405,0.8065442020665902,0.635341465962119,12.432796208530807,3779.8199999999997,1829.1000000000001,45.42,8.385832376578644,0,Cluster 0,71.2,High Potential,Hold / Stabilize,100.0,68.89,54.47,50.0,70.54,0.49257632022766634,1.3418870441587845,1
26246,Lucky Burgers Bistro,Burgers,QSR,West Auckland,1.04,38.73,1299,276,460,256,307,10689.48,17815.8,9914.88,11890.11,0.268982828743756,0.391698328708299,0.27,5,1.48,454.36,3627.14,1234.97,687.29,3580.18,0.27,0.45,0.25,0.3,50310.27,9129.58,0.18146553377670208,0.040000000000000036,0.7,1023,0.7875288683602771,0.660681157452055,11.661824104234528,1922.26,1350.96,38.73,7.028160123171671,0,Cluster 0,63.22,High Potential,Hold / Stabilize,83.33,66.63,65.55,50.0,34.13,0.49405744566630205,1.1516094820436973,1
25399,Urban Burgers Corner,Burgers,QSR,CBD,0.99,30.37,828,186,289,160,193,5648.82,8776.93,4859.2,5861.41,0.224838664345443,0.369480475550517,0.33,13,3.84,741.12,2291.62,664.25,367.75,1636.74,0.29,0.45,0.25,0.3,25146.36,4960.36,0.19725956361079694,-0.010000000000000009,0.7,642,0.7753623188405797,0.59431913989596,8.480518134715027,1032.0,819.72,30.37,5.990772946859903,0,Cluster 0,42.18,Moderate Potential,Hold / Stabilize,0.0,67.36,62.43,50.0,35.68,0.08808763459937109,1.3325863240106073,1
26074,Top Burgers Grill,Burgers,Full-service,North Shore,1.03,36.77,2031,559,662,368,442,20554.43,24341.74,13531.36,16252.34,0.378746072691865,0.537014340679161,0.28,16,4.72,2086.24,1731.5,-4765.15,-2648.9,-717.15,0.38,0.45,0.25,0.3,74679.87,-6399.699999999999,-0.08569511435946527,0.030000000000000027,0.7,1472,0.724766125061546,0.915760413371026,-1.6225113122171946,-7414.049999999999,2091.93,36.769999999999996,-3.1510093549975378,1,Cluster 1,27.52,Low Potential,Optimize,66.67,16.9,7.9,50.0,83.67,3.076763711253038,-1.9265974875611536,0
25605,King Burgers Tavern,Burgers,QSR,North Shore,1.03,43.27,1706,373,600,333,400,16139.71,25962.0,14408.91,17308.0,0.23818274660036,0.420431646029465,0.28,6,1.77,708.0,5509.86,1593.69,884.5,5200.7,0.28,0.45,0.25,0.3,73818.62,13188.75,0.17866427196823784,0.030000000000000027,0.7,1333,0.7813599062133646,0.658614392629825,13.00175,2478.19,1757.18,43.269999999999996,7.730803048065651,0,Cluster 0,61.25,High Potential,Hold / Stabilize,66.67,67.21,64.23,50.0,49.55,0.7154445233389564,1.181791116397808,1
25807,Top Burgers Kitchen,Burgers,Cafe,CBD,0.99,44.33,1736,513,550,306,367,22741.29,24381.5,13564.98,16269.11,0.258666134346277,0.40897305868566,0.32,11,3.25,1192.75,7558.31,301.38,167.67,4214.46,0.42,0.45,0.25,0.3,76956.88,12241.82,0.15907375662838721,-0.010000000000000009,0.7,1223,0.7044930875576036,0.667639193031937,11.483542234332425,469.04999999999995,1718.6399999999999,44.330000000000005,7.051739631336406,0,Cluster 0,43.3,Moderate Potential,Hold / Stabilize,0.0,63.65,54.46,50.0,59.98,1.372886202613463,0.7746312629423753,1
26050,Top Burgers House,Burgers,Ghost Kitchen,West Auckland,1.04,32.95,1386,126,567,315,378,4151.7,18682.65,10379.25,12455.1,0.289802645903546,0.219370783341583,0.31,13,3.84,1451.52,2037.76,3378.32,1876.84,4661.77,0.1,0.45,0.25,0.3,45668.700000000004,11954.69,0.26176987739961943,0.040000000000000036,0.7,1260,0.9090909090909091,0.509173429245129,12.332724867724869,5255.16,1441.44,32.95,8.625317460317461,0,Cluster 0,71.7,High Potential,Hold / Stabilize,83.33,79.61,75.55,50.0,55.71,-0.8478594861456261,2.286642809315104,1
25403,Top Burgers Diner,Burgers,Ghost Kitchen,South Auckland,1.05,34.3,637,57,261,145,174,1955.1,8952.3,4973.5,5968.2,0.276111770363059,0.269399675331078,0.3,13,3.84,668.16,888.57,1383.03,768.35,2044.32,0.1,0.45,0.25,0.3,21849.1,5084.2699999999995,0.23269928738483506,0.050000000000000044,0.7,580,0.9105180533751962,0.545511445694137,11.748965517241379,2151.38,668.85,34.3,7.981585557299843,0,Cluster 0,69.82,High Potential,Hold / Stabilize,100.0,74.82,69.95,50.0,30.82,-1.0258141332732884,2.038366920380562,1
26578,King Burgers Diner,Burgers,Cafe,CBD,0.99,38.1,675,159,232,129,155,6057.9,8839.2,4914.9,5905.5,0.22268630810082,0.359760212013498,0.33,15,4.43,686.65,2529.5,773.9,430.32,1779.21,0.31,0.45,0.25,0.3,25717.5,5512.93,0.21436492660639644,-0.010000000000000009,0.7,516,0.7644444444444445,0.582446520114318,11.478774193548388,1204.22,668.25,38.1,8.167303703703704,0,Cluster 0,43.16,Moderate Potential,Hold / Stabilize,0.0,72.6,60.92,50.0,35.46,-0.033046934621460175,1.5455030097775584,1
25487,Classic Burgers Grill,Burgers,QSR,South Auckland,1.05,35.26,1439,259,531,295,354,9132.34,18723.06,10401.7,12482.04,0.200697393529117,0.353761871880852,0.31,3,0.89,315.06,4068.83,2537.74,1409.85,5246.2,0.22,0.45,0.25,0.3,50739.14000000001,13262.619999999999,0.2613883483243902,0.050000000000000044,0.7,1180,0.8200138985406532,0.554459265409969,14.819774011299435,3947.5899999999997,1510.95,35.260000000000005,9.216553161917998,0,Cluster 0,74.83,High Potential,Hold / Stabilize,100.0,80.36,85.26,50.0,34.62,-0.2660597591704722,2.2017641748752146,1
25771,Lucky Burgers Corner,Burgers,Ghost Kitchen,West Auckland,1.04,40.86,660,31,283,157,189,1266.66,11563.38,6415.02,7722.54,0.251700412121136,0.221080633962993,0.32,11,3.25,614.25,667.81,2396.15,1329.31,3457.22,0.05,0.45,0.25,0.3,26967.6,7850.49,0.2911082187513906,0.040000000000000036,0.7,629,0.953030303030303,0.47278104608412896,18.29216931216931,3725.46,686.4,40.86,11.894681818181818,0,Cluster 0,71.23,High Potential,Hold / Stabilize,83.33,87.98,84.5,50.0,26.72,-1.688882506580967,2.871368612824822,1
25327,Urban Burgers Corner,Burgers,Ghost Kitchen,CBD,0.99,34.39,1281,37,560,311,373,1272.43,19258.4,10695.29,12827.47,0.299884437245782,0.205399782257155,0.3,18,5.31,1980.63,629.49,3749.91,2082.54,4365.32,0.03,0.45,0.25,0.3,44053.590000000004,10827.259999999998,0.24577474843707398,-0.010000000000000009,0.7,1244,0.9711163153786104,0.505284219502937,11.703270777479892,5832.45,1268.19,34.39,8.452193598750975,0,Cluster 0,49.64,Moderate Potential,Hold / Stabilize,0.0,77.22,67.84,50.0,61.8,-1.116019998612813,2.1644252367195937,1
25813,Urban Burgers Tavern,Burgers,Cafe,North Shore,1.03,44.37,579,153,192,106,128,6788.61,8519.04,4703.22,5679.36,0.272136336062104,0.428637852496468,0.3,13,3.84,491.52,2031.33,-6.6,-3.64,1207.89,0.36,0.45,0.25,0.3,25690.230000000003,3228.98,0.1256890265287621,0.030000000000000027,0.7,426,0.7357512953367875,0.7007741885585721,9.436640625,-10.24,596.37,44.370000000000005,5.576822107081174,0,Cluster 0,51.93,Moderate Potential,Rebalance Channels,66.67,57.16,46.02,50.0,28.48,0.7749688947229029,0.572662035535551,1
26057,Lucky Burgers Tavern,Burgers,Full-service,South Auckland,1.05,44.05,966,255,320,178,213,11232.75,14096.0,7840.9,9382.65,0.355171969602816,0.468937209108844,0.3,11,3.25,692.25,1975.74,-1749.44,-973.13,958.07,0.36,0.45,0.25,0.3,42552.3,211.24,0.004964244000911819,0.050000000000000044,0.7,711,0.7360248447204969,0.82410917871166,4.497981220657278,-2722.57,1014.3000000000001,44.050000000000004,0.21867494824016565,1,Cluster 1,52.58,Moderate Potential,Rebalance Channels,100.0,33.66,30.35,50.0,37.28,1.787854693775076,-0.715482097803987,0
25976,Lucky Burgers Tavern,Burgers,Full-service,North Shore,1.03,34.27,1009,336,303,168,202,11514.72,10383.81,5757.36,6922.54,0.358282660192344,0.518133828393184,0.3,4,1.18,238.36,1423.03,-1831.88,-1015.69,617.15,0.5,0.45,0.25,0.3,34578.43,-807.3900000000002,-0.023349527436612946,0.030000000000000027,0.7,673,0.6669970267591675,0.876416488585528,3.05519801980198,-2847.57,1039.27,34.27,-0.8001883052527257,1,Cluster 1,26.35,Low Potential,Optimize,66.67,28.47,33.99,50.0,21.75,2.6350997535293117,-1.3272954232727046,0
25573,Top Burgers Tavern,Burgers,Cafe,North Shore,1.03,44.39,1946,575,617,343,411,25524.25,27388.63,15225.77,18244.29,0.212252619564533,0.377365897689015,0.31,8,2.36,969.96,10474.68,2749.31,1528.39,6517.16,0.42,0.45,0.25,0.3,86382.94,21269.54,0.24622384929246446,0.030000000000000027,0.7,1371,0.7045220966084276,0.589618517253548,15.85683698296837,4277.7,2004.38,44.39,10.929876670092497,0,Cluster 0,67.96,High Potential,Hold / Stabilize,66.67,80.63,71.52,50.0,62.18,0.9126735423286602,1.7505446000928142,1
26573,King Burgers House,Burgers,Full-service,South Auckland,1.05,34.62,1576,511,479,266,320,17690.82,16582.98,9208.92,11078.4,0.371734361897688,0.50042545821052,0.31,6,1.77,566.4,2261.6,-3020.75,-1677.5,849.86,0.48,0.45,0.25,0.3,54561.12,-1586.79,-0.029082797420580807,0.050000000000000044,0.7,1065,0.675761421319797,0.8721598201082079,2.6558125,-4698.25,1654.8000000000002,34.620000000000005,-1.0068464467005076,1,Cluster 1,37.55,Low Potential,Optimize,100.0,27.42,31.31,50.0,46.25,2.857905277906262,-1.3480389892009268,0
25819,Lucky Burgers Cafe,Burgers,Cafe,CBD,0.99,35.4,799,224,259,144,172,7929.6,9168.6,5097.6,6088.8,0.257844529766589,0.362598595372401,0.31,18,5.31,913.32,3009.73,637.74,354.57,1397.73,0.39,0.45,0.25,0.3,28284.600000000002,5399.77,0.19090848023305967,-0.010000000000000009,0.7,575,0.7196495619524406,0.62044312513899,8.126337209302326,992.31,791.01,35.400000000000006,6.758160200250313,0,Cluster 0,41.37,Moderate Potential,Hold / Stabilize,0.0,67.54,50.09,50.0,46.42,0.580416067059969,1.0437776757344077,1
25817,Top Burgers House,Burgers,QSR,West Auckland,1.04,33.88,1496,259,557,309,371,8774.92,18871.16,10468.92,12569.48,0.21076321715489,0.417573497397825,0.32,13,3.84,1424.64,3261.32,974.95,540.86,3246.97,0.21,0.45,0.25,0.3,50684.479999999996,8024.1,0.15831473460909534,0.040000000000000036,0.7,1237,0.8268716577540107,0.628336714552715,8.751940700808625,1515.81,1555.8400000000001,33.879999999999995,5.36370320855615,0,Cluster 0,64.0,High Potential,Hold / Stabilize,83.33,61.27,57.19,50.0,59.4,0.337276813742875,1.1413168322856573,1
26669,Classic Burgers Cafe,Burgers,Cafe,CBD,0.99,44.18,844,232,275,153,184,10249.76,12149.5,6759.54,8129.12,0.229393369760364,0.38555605977308,0.29,16,4.72,868.48,3946.68,1154.82,642.5,2261.64,0.38,0.45,0.25,0.3,37287.920000000006,8005.639999999999,0.21469795043542247,-0.010000000000000009,0.7,612,0.7251184834123223,0.614949429533444,12.291521739130435,1797.32,835.56,44.18000000000001,9.485355450236966,0,Cluster 0,43.44,Moderate Potential,Hold / Stabilize,0.0,74.43,54.27,50.0,43.19,0.42652094339791946,1.3670494398432573,1
25538,Top Burgers Cafe,Burgers,Full-service,CBD,0.99,40.02,1573,473,495,275,330,18929.46,19809.9,11005.5,13206.6,0.382410141965374,0.535522962594405,0.33,12,3.54,1168.2,1553.48,-4911.53,-2728.63,-84.38,0.43,0.45,0.25,0.3,62951.46,-6171.06,-0.09802886223766694,-0.010000000000000009,0.7,1100,0.6993006993006993,0.917933104559779,-0.2556969696969697,-7640.16,1557.27,40.019999999999996,-3.9231150667514307,1,Cluster 1,7.46,Low Potential,Optimize,0.0,14.19,14.24,50.0,57.11,3.0424600065988607,-1.9938281982555766,0
25944,Classic Burgers Corner,Burgers,Cafe,South Auckland,1.05,33.54,1021,270,338,188,225,9055.8,11336.52,6305.52,7546.5,0.236880169678479,0.388876719539985,0.32,10,2.95,663.75,3389.07,614.93,342.03,2160.48,0.36,0.45,0.25,0.3,34244.34,6506.51,0.19000249384277812,0.050000000000000044,0.7,751,0.7355533790401567,0.625756889218464,9.602133333333333,956.9599999999999,1072.05,33.54,6.372683643486778,0,Cluster 0,67.27,High Potential,Hold / Stabilize,100.0,66.9,62.62,50.0,36.81,0.5615135505571593,1.2219655940149823,1
26510,Classic Burgers Grill,Burgers,Cafe,West Auckland,1.04,42.18,741,148,267,148,178,6242.64,11262.06,6242.64,7508.04,0.233899442944676,0.445459345006384,0.33,14,4.13,735.14,2001.65,-105.4,-58.42,1672.25,0.25,0.45,0.25,0.3,31255.38,3510.08,0.11230322587663308,0.040000000000000036,0.7,593,0.8002699055330634,0.67935878795106,9.394662921348315,-163.82,770.64,42.18,4.736950067476383,0,Cluster 0,56.89,Moderate Potential,Rebalance Channels,83.33,54.22,47.68,50.0,36.43,0.39316639251747243,0.7218427518029884,1
25459,Urban Burgers Bistro,Burgers,QSR,West Auckland,1.04,35.68,1896,414,667,370,445,14771.52,23798.56,13201.6,15877.6,0.229524979330599,0.440200649155304,0.29,12,3.54,1575.3,4878.65,958.47,531.69,3668.66,0.28,0.45,0.25,0.3,67649.28,10037.47,0.14837511943955647,0.040000000000000036,0.7,1482,0.7816455696202531,0.669725628485903,8.244179775280898,1490.16,1971.8400000000001,35.68,5.294024261603375,0,Cluster 0,64.36,High Potential,Hold / Stabilize,83.33,59.83,52.5,50.0,70.47,0.9928491927414657,0.8110864146833578,1
26311,Classic Burgers Corner,Burgers,QSR,South Auckland,1.05,47.0,1671,278,627,348,418,13066.0,29469.0,16356.0,19646.0,0.258775432854891,0.43368758673314,0.33,4,1.18,493.24,4018.28,-661.96,-367.41,5548.63,0.2,0.45,0.25,0.3,78537.0,8537.54,0.10870723353323912,0.050000000000000044,0.7,1393,0.8336325553560742,0.692463019588031,13.274234449760765,-1029.3700000000001,1754.5500000000002,47.0,5.109239976062239,0,Cluster 0,65.25,High Potential,Rebalance Channels,100.0,54.24,62.35,50.0,44.8,0.6823591257923005,0.8198163370904943,1
26675,King Burgers Grill,Burgers,QSR,West Auckland,1.04,36.44,900,156,335,186,223,5684.64,12207.4,6777.84,8126.12,0.258730385135859,0.352583625377156,0.31,7,2.07,461.61,2209.54,960.55,533.32,2696.9,0.21,0.45,0.25,0.3,32796.0,6400.31,0.19515520185388463,0.040000000000000036,0.7,744,0.8266666666666667,0.611314010513015,12.093721973094171,1493.87,936.0,36.44,7.111455555555556,0,Cluster 0,63.26,High Potential,Hold / Stabilize,83.33,68.59,69.82,50.0,25.43,-0.1551101991437242,1.5041305946301038,1
25584,King Burgers Cafe,Burgers,Cafe,CBD,0.99,35.23,760,209,248,138,165,7363.07,8737.04,4861.74,5812.95,0.204013291820884,0.418974408041686,0.32,3,0.89,146.85,2775.97,498.12,277.18,2044.7,0.38,0.45,0.25,0.3,26774.8,5595.969999999999,0.20900137442669972,-0.010000000000000009,0.7,551,0.725,0.6229876998625701,12.392121212121213,775.3,752.4,35.23,7.363118421052631,0,Cluster 0,41.66,Moderate Potential,Hold / Stabilize,0.0,70.79,74.7,50.0,10.18,0.4043182834730066,1.3779861148146182,1
25706,Lucky Burgers House,Burgers,Full-service,CBD,0.99,40.08,767,207,252,140,168,8296.56,10100.16,5611.2,6733.44,0.380485535098705,0.546463824948296,0.32,8,2.36,396.48,606.07,-2494.23,-1385.68,95.4,0.37,0.45,0.25,0.3,30741.36,-3178.44,-0.10339295333713278,-0.010000000000000009,0.7,560,0.7301173402868318,0.926949360047001,0.5678571428571428,-3879.91,759.33,40.08,-4.143989569752281,1,Cluster 1,3.01,Low Potential,Optimize,0.0,13.17,19.53,50.0,22.07,2.432034948132637,-1.917617466307792,0
26637,Lucky Burgers Cafe,Burgers,QSR,North Shore,1.03,38.16,1847,381,660,366,440,14538.96,25185.6,13966.56,16790.4,0.268138573672622,0.418827313138172,0.28,14,4.13,1817.2,4551.19,831.98,461.37,3438.77,0.26,0.45,0.25,0.3,70481.51999999999,9283.31,0.1317126815653238,0.030000000000000027,0.7,1466,0.7937195452084461,0.686965886810794,7.815386363636364,1293.35,1902.41,38.16,5.026155928532756,0,Cluster 0,58.71,Moderate Potential,Hold / Stabilize,66.67,57.23,46.51,50.0,72.9,1.0146791247950802,0.6115704436423299,1
25049,Urban Burgers Cafe,Burgers,QSR,North Shore,1.03,45.84,1847,415,644,358,430,19023.6,29520.96,16410.72,19711.2,0.210861113574356,0.410226645460352,0.28,3,0.89,382.7,7208.27,2919.98,1623.22,7086.11,0.29,0.45,0.25,0.3,84666.48,18837.579999999998,0.22249159289485046,0.030000000000000027,0.7,1432,0.7753113156469952,0.6210877590347079,16.479325581395347,4543.2,1902.41,45.839999999999996,10.199014618299945,0,Cluster 0,65.36,High Potential,Hold / Stabilize,66.67,76.44,74.99,50.0,47.23,0.529995168231056,1.6782870651293544,1
26479,Urban Burgers Grill,Burgers,Full-service,West Auckland,1.04,37.76,804,268,241,134,161,10119.68,9100.16,5059.84,6079.36,0.365018412494101,0.546738259424456,0.31,12,3.54,569.94,892.99,-2018.02,-1122.05,-33.48,0.5,0.45,0.25,0.3,30359.04,-2280.56,-0.07511963487646513,0.040000000000000036,0.7,536,0.6666666666666666,0.911756671918557,-0.2079503105590062,-3140.0699999999997,836.1600000000001,37.76,-2.8365174129353234,1,Cluster 1,26.14,Low Potential,Optimize,83.33,18.75,15.2,50.0,33.87,2.822799856872339,-1.8067081750924818,0
25145,Classic Burgers Cafe,Burgers,Full-service,West Auckland,1.04,43.89,1067,374,312,173,208,16414.86,13693.68,7592.97,9129.12,0.366971562313847,0.535327718942426,0.3,13,3.84,798.72,1603.74,-2770.22,-1536.05,93.2,0.54,0.45,0.25,0.3,46830.630000000005,-2609.33,-0.05571844752035152,0.040000000000000036,0.7,693,0.6494845360824743,0.902299281256273,0.4480769230769231,-4306.2699999999995,1109.68,43.89000000000001,-2.445482661668229,1,Cluster 1,28.55,Low Potential,Optimize,83.33,21.89,14.96,50.0,45.02,2.997732941825788,-1.644767377552467,0
25833,Urban Burgers Corner,Burgers,Cafe,West Auckland,1.04,42.38,1213,353,387,215,258,14960.14,16401.06,9111.7,10934.04,0.242346808724105,0.367625953280367,0.28,12,3.54,913.32,5834.86,1804.56,1002.54,3351.25,0.41,0.45,0.25,0.3,51406.94,11993.21,0.23329943388966545,0.040000000000000036,0.7,860,0.7089859851607585,0.609972762004472,12.989341085271318,2807.1,1261.52,42.38,9.887230008244023,0,Cluster 0,67.18,High Potential,Hold / Stabilize,83.33,77.48,61.71,50.0,47.58,0.6473391056795282,1.533286908018143,1
25228,Top Burgers Eatery,Burgers,Cafe,West Auckland,1.04,46.7,2055,638,638,354,425,29794.6,29794.6,16531.8,19847.5,0.239928396362811,0.42289025252685,0.29,5,1.48,629.0,10046.18,1405.75,779.99,6063.21,0.45,0.45,0.25,0.3,95968.5,18295.13,0.19063682354105776,0.040000000000000036,0.7,1417,0.6895377128953771,0.662818648889661,14.266376470588236,2185.74,2137.2000000000003,46.7,8.902739659367397,0,Cluster 0,67.9,High Potential,Hold / Stabilize,83.33,70.4,65.22,50.0,59.46,1.4971105946792962,1.120773949710596,1
26441,King Burgers Grill,Burgers,QSR,CBD,0.99,37.27,1565,282,577,321,385,10510.14,21504.79,11963.67,14348.95,0.232442121561617,0.364000278245658,0.27,16,4.72,1817.2,4241.45,2872.13,1597.84,3973.43,0.22,0.45,0.25,0.3,58327.55,12684.85,0.21747613263372112,-0.010000000000000009,0.7,1283,0.8198083067092652,0.596442399807275,10.320597402597402,4469.97,1549.35,37.27,8.105335463258786,0,Cluster 0,47.09,Moderate Potential,Hold / Stabilize,0.0,72.94,57.12,50.0,66.19,0.1482120610450717,1.4928002979957962,1
25593,Top Burgers Diner,Burgers,Ghost Kitchen,West Auckland,1.04,38.24,829,61,346,192,230,2332.64,13231.04,7342.08,8795.2,0.280705251719337,0.289620228344575,0.33,15,4.43,1018.9,1002.28,1318.8,731.82,2760.17,0.08,0.45,0.25,0.3,31700.960000000003,5813.07,0.18337204930071516,0.040000000000000036,0.7,768,0.9264173703256936,0.570325480063912,12.000739130434782,2050.62,862.1600000000001,38.24,7.012147165259348,0,Cluster 0,63.87,High Potential,Hold / Stabilize,83.33,66.87,62.79,50.0,41.71,-0.7865787804477902,1.6802350751508048,1
25230,Urban Burgers Tavern,Burgers,Ghost Kitchen,South Auckland,1.05,32.1,975,55,414,230,276,1765.5,13289.4,7383.0,8859.6,0.268912851030473,0.300634364027064,0.3,13,3.84,1059.84,759.96,1733.64,963.13,2753.8,0.06,0.45,0.25,0.3,31297.5,6210.530000000001,0.1984353382858056,0.050000000000000044,0.7,920,0.9435897435897436,0.569547215057537,9.97753623188406,2696.77,1023.75,32.1,6.36977435897436,0,Cluster 0,69.09,High Potential,Hold / Stabilize,100.0,68.03,66.25,50.0,42.25,-0.812390530586614,1.7428462583052626,1
26444,Lucky Burgers Grill,Burgers,Cafe,CBD,0.99,43.35,764,157,273,152,182,6805.95,11834.55,6589.2,7889.7,0.253676384091377,0.355854926933534,0.29,10,2.95,536.9,2657.51,1189.0,662.01,2543.78,0.26,0.45,0.25,0.3,33119.4,7052.300000000001,0.21293562081438674,-0.010000000000000009,0.7,607,0.7945026178010471,0.609531311024911,13.976813186813187,1851.01,756.36,43.35,9.230759162303666,0,Cluster 0,42.98,Moderate Potential,Hold / Stabilize,0.0,73.85,65.12,50.0,26.64,-0.1000276138130607,1.5420193779863454,1
25839,Classic Burgers Tavern,Burgers,QSR,North Shore,1.03,42.63,902,208,312,174,208,8867.04,13300.56,7417.62,8867.04,0.273925772868097,0.371560124936514,0.27,7,2.07,430.56,3143.49,1124.08,626.89,2712.93,0.3,0.45,0.25,0.3,38452.259999999995,7607.389999999999,0.19783986688948843,0.030000000000000027,0.7,694,0.7694013303769401,0.645485897804611,13.04293269230769,1750.9699999999998,929.0600000000001,42.629999999999995,8.433913525498891,0,Cluster 0,58.54,Moderate Potential,Hold / Stabilize,66.67,70.74,64.55,50.0,25.2,0.29331763627682833,1.3091032009308392,1
25113,Urban Burgers Diner,Burgers,QSR,North Shore,1.03,43.37,1530,255,574,319,382,11059.35,24894.38,13835.03,16567.34,0.268876346964389,0.394695023051463,0.28,14,4.13,1577.66,3720.68,1404.76,780.69,3996.07,0.2,0.45,0.25,0.3,66356.1,9902.199999999999,0.14922817947407996,0.030000000000000027,0.7,1275,0.8333333333333334,0.663571370015852,10.460916230366493,2185.45,1575.9,43.370000000000005,6.472026143790849,0,Cluster 0,58.93,Moderate Potential,Hold / Stabilize,66.67,61.54,50.11,50.0,62.38,0.46321045108390685,0.9577021313889389,1
25274,Top Burgers Eatery,Burgers,QSR,CBD,0.99,43.97,943,170,348,193,232,7474.9,15301.56,8486.21,10201.04,0.245497362390161,0.383827749593183,0.29,9,2.66,617.12,2770.76,1234.45,684.62,3164.15,0.22,0.45,0.25,0.3,41463.71,7853.98,0.18941816832116565,-0.010000000000000009,0.7,773,0.8197242841993637,0.6293251119833441,13.638577586206896,1919.0700000000002,933.5699999999999,43.97,8.328716861081654,0,Cluster 0,42.11,Moderate Potential,Hold / Stabilize,0.0,69.46,63.71,50.0,30.01,-0.029190083627329947,1.3796300355832711,1
26448,King Burgers Eatery,Burgers,Cafe,North Shore,1.03,31.39,1638,387,563,313,375,12147.93,17672.57,9825.07,11771.25,0.224799098894,0.420522309606895,0.27,4,1.18,442.5,4308.61,1496.49,831.97,3732.51,0.31,0.45,0.25,0.3,51416.82,10369.58,0.20167680537224977,0.030000000000000027,0.7,1251,0.7637362637362637,0.645321408500895,9.95336,2328.46,1687.14,31.39,6.33063492063492,0,Cluster 0,61.59,High Potential,Hold / Stabilize,66.67,68.41,69.61,50.0,42.63,0.7254358679361058,1.2237693497355686,1
26168,Top Burgers Tavern,Burgers,QSR,CBD,0.99,34.97,1300,276,461,256,307,9651.72,16121.17,8952.32,10735.79,0.226521106697619,0.36486871689558,0.32,3,0.89,273.23,3943.79,1428.5,793.27,4113.52,0.27,0.45,0.25,0.3,45461.0,10279.08,0.2261076527133147,-0.010000000000000009,0.7,1024,0.7876923076923077,0.5913898235931989,13.399087947882737,2221.77,1287.0,34.97,7.906984615384616,0,Cluster 0,45.98,Moderate Potential,Hold / Stabilize,0.0,73.83,79.57,50.0,27.4,0.10698484031489687,1.673169063434298,1
25764,Classic Burgers Tavern,Burgers,Cafe,North Shore,1.03,37.11,1456,336,504,280,336,12468.96,18703.44,10390.8,12468.96,0.2360489904508,0.409529471863061,0.29,12,3.54,1189.44,4419.27,1204.9,669.39,3229.83,0.3,0.45,0.25,0.3,54032.159999999996,9523.39,0.17625410496267407,0.030000000000000027,0.7,1120,0.7692307692307693,0.645578462313861,9.612589285714286,1874.29,1499.68,37.11,6.540789835164834,0,Cluster 0,60.02,High Potential,Hold / Stabilize,66.67,65.27,56.22,50.0,55.25,0.6709148632106726,1.0747089503010192,1
25441,King Burgers Diner,Burgers,QSR,South Auckland,1.05,36.78,1735,347,625,347,416,12762.66,22987.5,12762.66,15300.48,0.237731875423342,0.408459956105798,0.29,12,3.54,1472.64,4515.53,1466.79,814.36,3940.79,0.25,0.45,0.25,0.3,63813.3,10737.47,0.16826382587955802,0.050000000000000044,0.7,1388,0.8,0.64619183152914,9.473052884615385,2281.15,1821.75,36.78,6.188743515850144,0,Cluster 0,69.5,High Potential,Hold / Stabilize,100.0,63.72,56.13,50.0,65.63,0.6477565891169107,1.0886926161425856,1
25118,Lucky Burgers Kitchen,Burgers,Ghost Kitchen,North Shore,1.03,39.18,794,37,341,189,227,1449.66,13360.38,7405.02,8893.86,0.284464301879052,0.325273341638967,0.3,17,5.02,1139.54,565.75,1205.94,668.39,2331.4,0.05,0.45,0.25,0.3,31108.92,4771.48,0.1533798023203634,0.030000000000000027,0.7,757,0.9534005037783375,0.609737643518019,10.270484581497797,1874.33,817.82,39.18,6.009420654911838,0,Cluster 0,56.95,Moderate Potential,Hold / Stabilize,66.67,61.47,53.38,50.0,44.95,-0.6748158935650765,1.3232853891029783,1
25240,Lucky Burgers Diner,Burgers,Full-service,CBD,0.99,42.77,697,184,231,128,154,7869.68,9879.87,5474.56,6586.58,0.358047951781191,0.482824533013627,0.3,14,4.13,636.02,1252.28,-1391.8,-771.21,412.09,0.36,0.45,0.25,0.3,29810.690000000002,-498.64000000000004,-0.01672688555682542,-0.010000000000000009,0.7,513,0.7360114777618364,0.8408724847948179,2.675909090909091,-2163.01,690.03,42.77,-0.7154088952654233,1,Cluster 1,9.5,Low Potential,Optimize,0.0,29.48,22.78,50.0,33.83,1.8025176543556556,-1.048984651631125,0
25362,Urban Burgers Diner,Burgers,QSR,CBD,0.99,35.17,1766,306,657,365,438,10762.02,23106.69,12837.05,15404.46,0.262723354194313,0.357786394609138,0.3,11,3.25,1423.5,4084.08,1836.76,1020.42,4422.34,0.21,0.45,0.25,0.3,62110.219999999994,11363.6,0.18295861776049097,-0.010000000000000009,0.7,1460,0.8267270668176671,0.620509748803451,10.096666666666668,2857.18,1748.34,35.169999999999995,6.434654586636467,0,Cluster 0,45.49,Moderate Potential,Hold / Stabilize,0.0,66.03,61.73,50.0,60.93,0.39296539332617053,1.2024940886014284,1
26132,King Burgers Corner,Burgers,Full-service,CBD,0.99,39.73,1317,355,433,240,289,14104.15,17203.09,9535.2,11481.97,0.360780011594761,0.525970330834389,0.29,17,5.02,1450.78,1597.29,-3040.65,-1685.35,-150.45,0.37,0.45,0.25,0.3,52324.41,-3279.16,-0.06266979407890122,-0.010000000000000009,0.7,962,0.7304479878511769,0.8867503424291501,-0.5205882352941176,-4726.0,1303.83,39.730000000000004,-2.4898709187547454,1,Cluster 1,8.95,Low Potential,Optimize,0.0,20.89,10.68,50.0,60.61,2.4890094946507952,-1.6362212627831947,0
25406,Lucky Burgers House,Burgers,Cafe,CBD,0.99,37.64,749,181,256,142,170,6812.84,9635.84,5344.88,6398.8,0.228273102976382,0.430526344710961,0.31,4,1.18,200.6,2324.54,300.64,166.76,1982.67,0.32,0.45,0.25,0.3,28192.36,4774.61,0.16935829423290563,-0.010000000000000009,0.7,568,0.7583444592790387,0.658799447687343,11.662764705882353,467.4,741.51,37.64,6.3746461949265685,0,Cluster 0,38.86,Low Potential,Hold / Stabilize,0.0,64.12,67.54,50.0,12.16,0.4174568192427521,1.0452194879805357,1
25729,Lucky Burgers Tavern,Burgers,Full-service,South Auckland,1.05,42.75,1015,295,324,180,216,12611.25,13851.0,7695.0,9234.0,0.380284496734384,0.536712755588815,0.31,8,2.36,509.76,1046.77,-3144.14,-1746.74,256.69,0.41,0.45,0.25,0.3,43391.25,-3587.4199999999996,-0.08267611557629706,0.050000000000000044,0.7,720,0.7093596059113301,0.9169972523231991,1.1883796296296296,-4890.88,1065.75,42.75,-3.534403940886699,1,Cluster 1,30.7,Low Potential,Optimize,100.0,16.79,21.06,50.0,31.94,2.594783520517183,-1.6826361474927831,0
25851,King Burgers Diner,Burgers,Cafe,West Auckland,1.04,36.7,1417,382,466,259,310,14019.4,17102.2,9505.3,11377.0,0.231182709317654,0.371880022669211,0.27,9,2.66,824.6,5564.82,2170.91,1206.58,3691.36,0.37,0.45,0.25,0.3,52003.899999999994,12633.67,0.24293697203478973,0.040000000000000036,0.7,1035,0.7304163726182075,0.603062731986865,11.907612903225807,3377.49,1473.68,36.699999999999996,8.915786873676781,0,Cluster 0,68.36,High Potential,Hold / Stabilize,83.33,77.46,67.76,50.0,47.42,0.5599933033498747,1.6185968456592474,1
26337,Classic Burgers Tavern,Burgers,Full-service,West Auckland,1.04,42.88,2113,570,694,386,463,24441.6,29758.72,16551.68,19853.44,0.369565804698505,0.46549183446914,0.28,9,2.66,1231.58,4031.46,-3423.97,-1904.4,2043.09,0.37,0.45,0.25,0.3,90605.44,746.1800000000001,0.008235487847087327,0.040000000000000036,0.7,1543,0.7302413629910081,0.835057639167645,4.4127213822894165,-5328.37,2197.52,42.88,0.35313771888310463,1,Cluster 1,53.91,Moderate Potential,Rebalance Channels,83.33,34.28,32.0,50.0,70.74,2.454989090305003,-0.8413732177755736,0
25975,Classic Burgers Eatery,Burgers,QSR,CBD,0.99,30.06,825,148,305,169,203,4448.88,9168.3,5080.14,6102.18,0.202494739685208,0.436107656639069,0.32,8,2.36,479.08,1607.81,379.55,210.31,1726.23,0.22,0.45,0.25,0.3,24799.5,3923.9,0.15822496421298818,-0.010000000000000009,0.7,677,0.8206060606060606,0.638602396324277,8.5035960591133,589.86,816.75,30.06,4.756242424242425,0,Cluster 0,38.99,Low Potential,Hold / Stabilize,0.0,60.43,63.97,50.0,23.92,0.07252321563487471,1.0567038613533424,1
25328,Classic Burgers House,Burgers,QSR,West Auckland,1.04,32.52,970,168,361,200,241,5463.36,11739.72,6504.0,7837.32,0.215737533532083,0.401023594220169,0.33,10,2.95,710.95,2093.77,625.01,346.27,2292.62,0.21,0.45,0.25,0.3,31544.399999999998,5357.67,0.16984536082474228,0.040000000000000036,0.7,802,0.8268041237113402,0.616761127752252,9.512946058091286,971.28,1008.8000000000001,32.519999999999996,5.523371134020619,0,Cluster 0,62.11,High Potential,Hold / Stabilize,83.33,63.04,64.0,50.0,34.77,-0.015354951995407611,1.3005576818333153,1
26583,Lucky Burgers Cafe,Burgers,QSR,North Shore,1.03,43.03,1024,211,366,203,244,9079.33,15748.98,8735.09,10499.32,0.253250066973269,0.390933547052555,0.27,5,1.48,361.12,3230.57,1351.52,749.61,3374.71,0.26,0.45,0.25,0.3,44062.719999999994,8706.41,0.19759129713281434,0.030000000000000027,0.7,813,0.7939453125,0.644183614025824,13.83077868852459,2101.13,1054.72,43.029999999999994,8.502353515625,0,Cluster 0,59.17,Moderate Potential,Hold / Stabilize,66.67,70.8,68.09,50.0,24.58,0.18424879263968316,1.3970063247521933,1
25857,Classic Burgers Diner,Burgers,Ghost Kitchen,West Auckland,1.04,32.08,671,55,277,154,185,1764.4,8886.16,4940.32,5934.8,0.27597480394179,0.327067295927554,0.32,13,3.84,710.4,700.39,683.86,380.2,1645.47,0.09,0.45,0.25,0.3,21525.68,3409.92,0.15841172032660525,0.040000000000000036,0.7,616,0.9180327868852459,0.603042099869344,8.894432432432433,1064.06,697.84,32.08,5.081847988077496,0,Cluster 0,60.54,High Potential,Hold / Stabilize,83.33,60.9,61.08,50.0,31.75,-0.617220296726033,1.3354574833606467,1
25979,Classic Burgers Bistro,Burgers,Cafe,West Auckland,1.04,35.84,1759,493,570,316,380,17669.12,20428.8,11325.44,13619.2,0.20595526734367,0.354645486129448,0.29,4,1.18,448.4,7763.8,3052.05,1692.01,5535.87,0.39,0.45,0.25,0.3,63042.56,18043.73,0.28621505852554213,0.040000000000000036,0.7,1266,0.7197271176805002,0.560600753473118,14.56807894736842,4744.06,1829.3600000000001,35.839999999999996,10.257947697555428,0,Cluster 0,73.23,High Potential,Hold / Stabilize,83.33,85.11,82.67,50.0,47.21,0.505139859974534,2.0971425130328134,1
26625,Urban Burgers House,Burgers,Cafe,West Auckland,1.04,45.87,1169,276,402,223,268,12660.12,18439.74,10229.01,12293.16,0.267751501314342,0.361398966470733,0.28,11,3.25,871.0,4695.0,1675.24,929.3,3687.91,0.31,0.45,0.25,0.3,53622.03,10987.45,0.20490552110764923,0.040000000000000036,0.7,893,0.7639007698887939,0.629150467785075,13.760858208955224,2604.54,1215.76,45.87,9.39901625320787,0,Cluster 0,65.23,High Potential,Hold / Stabilize,83.33,72.99,60.4,50.0,43.77,0.3844579956033354,1.4187744805714753,1
26345,Lucky Burgers Eatery,Burgers,Full-service,South Auckland,1.05,40.74,2077,737,603,335,402,30025.38,24566.22,13647.9,16377.48,0.377221892296802,0.537403645506129,0.27,11,3.25,1306.5,2563.4,-4535.55,-2519.75,91.72,0.55,0.45,0.25,0.3,84616.98,-4400.179999999999,-0.05200114681474096,0.050000000000000044,0.7,1340,0.6451612903225806,0.9146255378029309,0.2281592039800995,-7055.3,2180.85,40.739999999999995,-2.1185267212325467,1,Cluster 1,37.72,Low Potential,Optimize,100.0,22.83,16.39,50.0,74.87,3.6023151891286087,-1.758562525127641,0
25982,Lucky Burgers Diner,Burgers,Full-service,CBD,0.99,35.49,767,227,243,135,162,8056.23,8624.07,4791.15,5749.38,0.39270140187582,0.531614781892858,0.29,12,3.54,573.48,609.73,-1848.28,-1026.82,-138.34,0.42,0.45,0.25,0.3,27220.829999999998,-2403.71,-0.08830406714269919,-0.010000000000000009,0.7,540,0.7040417209908736,0.924316183768678,-0.8539506172839506,-2875.1,759.33,35.489999999999995,-3.1339113428943937,1,Cluster 1,4.0,Low Potential,Optimize,0.0,16.57,13.26,50.0,31.4,2.614798233658601,-1.9986090840541553,0
26387,King Burgers Tavern,Burgers,QSR,West Auckland,1.04,39.14,1607,311,583,324,389,12172.54,22818.62,12681.36,15225.46,0.248795143533498,0.413692677649669,0.28,10,2.95,1147.55,4108.38,1312.35,729.33,3991.23,0.24,0.45,0.25,0.3,62897.98,10141.289999999999,0.1612339537772119,0.040000000000000036,0.7,1296,0.806471686372122,0.662487821183167,10.260231362467866,2041.6799999999998,1671.28,39.14,6.310696950840074,0,Cluster 0,63.88,High Potential,Hold / Stabilize,83.33,62.94,56.96,50.0,56.12,0.6127973154607818,1.0148934192852894,1
25984,Urban Burgers Eatery,Burgers,Full-service,North Shore,1.03,32.55,1689,592,494,274,329,19269.6,16079.7,8918.7,10708.95,0.372221825784072,0.533280635951087,0.3,17,5.02,1651.58,1820.93,-3304.42,-1832.81,-639.61,0.54,0.45,0.25,0.3,54976.95,-3955.9100000000003,-0.07195579238208014,0.030000000000000027,0.7,1097,0.6494967436352872,0.905502461735159,-1.9441033434650457,-5137.23,1739.67,32.55,-2.3421610420367083,1,Cluster 1,26.88,Low Potential,Optimize,66.67,19.84,7.79,50.0,74.65,3.446379065046634,-1.9945542517112842,0
25136,Lucky Burgers Bistro,Burgers,Full-service,South Auckland,1.05,36.91,718,201,233,129,155,7418.91,8600.03,4761.39,5721.05,0.3750371051603,0.523758488497697,0.29,6,1.77,274.35,750.83,-1623.65,-898.93,304.65,0.39,0.45,0.25,0.3,26501.38,-1467.1,-0.05535938128505006,0.050000000000000044,0.7,517,0.7200557103064067,0.898795593657997,1.9654838709677418,-2522.58,753.9,36.910000000000004,-2.0433147632311974,1,Cluster 1,31.14,Low Potential,Optimize,100.0,22.48,27.21,50.0,17.22,2.241650492973217,-1.465293353142061,0
25986,Urban Burgers Diner,Burgers,Full-service,CBD,0.99,34.6,1341,396,425,236,284,13701.6,14705.0,8165.6,9826.4,0.367587539204396,0.451949392282404,0.31,5,1.48,420.32,2472.63,-1904.84,-1057.75,1352.98,0.42,0.45,0.25,0.3,46398.6,863.0200000000002,0.01860013017634153,-0.010000000000000009,0.7,945,0.7046979865771812,0.8195369314868,4.764014084507043,-2962.59,1327.59,34.6,0.643564504101417,1,Cluster 1,29.74,Low Potential,Rebalance Channels,0.0,36.07,41.06,50.0,33.38,2.184691777971546,-0.8498757358668673,0
25865,Lucky Burgers Tavern,Burgers,Full-service,South Auckland,1.05,33.02,1182,325,386,214,257,10731.5,12745.72,7066.28,8486.14,0.365703985537402,0.51030377978459,0.28,5,1.48,380.36,1330.62,-1988.43,-1102.39,671.86,0.38,0.45,0.25,0.3,39029.64,-1088.3400000000001,-0.027884961275584406,0.050000000000000044,0.7,857,0.7250423011844331,0.876007765321992,2.6142412451361867,-3090.82,1241.1000000000001,33.019999999999996,-0.9207614213197971,1,Cluster 1,35.48,Low Potential,Optimize,100.0,27.7,32.36,50.0,30.59,2.293839271614083,-1.253888552919103,0
25017,King Burgers Corner,Burgers,QSR,West Auckland,1.04,44.7,816,173,289,161,193,7733.1,12918.3,7196.7,8627.1,0.205784262046218,0.446330712852068,0.31,13,3.84,741.12,2690.23,489.41,272.65,2260.12,0.27,0.45,0.25,0.3,36475.200000000004,5712.41,0.15661079308680964,0.040000000000000036,0.7,643,0.7879901960784313,0.652114974898286,11.710466321243523,762.06,848.64,44.7,7.000502450980392,0,Cluster 0,60.34,High Potential,Hold / Stabilize,83.33,63.25,53.52,50.0,36.61,0.261995714874883,1.1353212771981689,1
26233,Urban Burgers Diner,Burgers,Cafe,West Auckland,1.04,35.51,766,226,243,135,162,8025.26,8628.93,4793.85,5752.62,0.253127012141049,0.428174694231711,0.29,4,1.18,191.16,2557.64,247.64,137.58,1642.19,0.42,0.45,0.25,0.3,27200.66,4585.049999999999,0.1685639245518307,0.040000000000000036,0.7,540,0.7049608355091384,0.68130170637276,10.136975308641976,385.22,796.64,35.51,5.985704960835508,0,Cluster 0,59.11,Moderate Potential,Hold / Stabilize,83.33,63.49,64.07,50.0,13.93,0.9030696891144891,0.8584356836285919,1
25868,Urban Burgers Cafe,Burgers,QSR,CBD,0.99,32.03,1723,355,616,342,410,11370.65,19730.48,10954.26,13132.3,0.234714273512363,0.389967869943939,0.33,3,0.89,364.9,4267.61,894.14,496.42,4563.89,0.26,0.45,0.25,0.3,55187.69,10222.060000000001,0.18522355257123466,-0.010000000000000009,0.7,1368,0.7939640162507254,0.624682143456302,11.131439024390245,1390.56,1705.77,32.03,5.932710388856647,0,Cluster 0,44.94,Moderate Potential,Hold / Stabilize,0.0,65.66,74.43,50.0,40.9,0.5405630768620953,1.2387381400810908,1
25752,Lucky Burgers Cafe,Burgers,QSR,West Auckland,1.04,42.74,571,106,209,116,140,4530.44,8932.66,4957.84,5983.6,0.204433186091483,0.368527346709743,0.31,16,4.72,660.8,1934.68,1045.47,580.26,1894.43,0.23,0.45,0.25,0.3,24404.54,5454.84,0.22351742749504805,0.040000000000000036,0.7,465,0.8143607705779334,0.572960532801226,13.531642857142858,1625.73,593.84,42.74,9.553134851138354,0,Cluster 0,64.72,High Potential,Hold / Stabilize,83.33,75.71,60.74,50.0,35.4,-0.47964640869923486,1.8627971714186977,1
26679,Classic Burgers Bistro,Burgers,Full-service,South Auckland,1.05,43.21,2217,768,652,362,435,33185.28,28172.92,15642.02,18796.35,0.350344858248718,0.518257090845145,0.28,9,2.66,1157.1,4360.48,-4186.55,-2324.43,1312.7,0.53,0.45,0.25,0.3,95796.57,-837.8000000000004,-0.008745615839899074,0.050000000000000044,0.7,1449,0.6535859269282814,0.868601949093863,3.0177011494252874,-6510.98,2327.85,43.21,-0.377898060442039,1,Cluster 1,41.86,Moderate Potential,Optimize,100.0,31.01,26.83,50.0,74.94,3.2766488826967577,-1.208919195933402,0
25428,Urban Burgers House,Burgers,Cafe,West Auckland,1.04,44.37,1007,214,357,198,238,9495.18,15840.09,8785.26,10560.06,0.217458676826209,0.386310460767709,0.33,17,5.02,1194.76,3762.28,1049.1,581.86,2989.46,0.27,0.45,0.25,0.3,44680.59,8382.7,0.18761390572505873,0.040000000000000036,0.7,793,0.7874875868917577,0.603769137593918,12.560756302521009,1630.96,1047.28,44.37,8.324428997020854,0,Cluster 0,64.35,High Potential,Hold / Stabilize,83.33,69.21,54.3,50.0,52.34,0.11080926025220651,1.4616784018827473,1
25993,Urban Burgers Tavern,Burgers,Cafe,CBD,0.99,29.79,1320,403,413,229,275,12005.37,12303.27,6821.91,8192.25,0.205143917854875,0.386287430371158,0.27,15,4.43,1218.25,4905.02,1704.85,945.3,2128.85,0.44,0.45,0.25,0.3,39322.8,9684.02,0.24626984853570955,-0.010000000000000009,0.7,917,0.6946969696969697,0.5914313482260329,7.741272727272727,2650.1499999999996,1306.8,29.790000000000003,7.336378787878788,0,Cluster 0,46.76,Moderate Potential,Hold / Stabilize,0.0,75.78,59.54,50.0,56.04,0.7768309307604939,1.4175106528349113,1
25792,Lucky Burgers House,Burgers,Cafe,South Auckland,1.05,31.95,1477,332,515,286,344,10607.4,16454.25,9137.7,10990.8,0.250087344944477,0.435533619252965,0.32,5,1.48,509.12,3334.74,-92.49,-51.36,2946.16,0.29,0.45,0.25,0.3,47190.15000000001,6137.049999999999,0.1300493853060437,0.050000000000000044,0.7,1145,0.7752200406228842,0.685620964197442,8.564418604651163,-143.85,1550.8500000000001,31.950000000000006,4.155077860528097,0,Cluster 0,64.88,High Potential,Rebalance Channels,100.0,55.83,61.7,50.0,40.57,0.9145251740145617,0.6853995814593603,1
26481,Classic Burgers Corner,Burgers,Full-service,CBD,0.99,37.26,1844,646,539,300,359,24069.96,20083.14,11178.0,13376.34,0.39807917958824,0.524663152103312,0.29,5,1.48,531.32,1859.59,-4272.53,-2378.03,502.1,0.54,0.45,0.25,0.3,68707.44,-4288.869999999999,-0.062422206386964774,-0.010000000000000009,0.7,1198,0.6496746203904555,0.9227423316915521,1.398607242339833,-6650.5599999999995,1825.56,37.26,-2.3258514099783074,1,Cluster 1,10.23,Low Potential,Optimize,0.0,21.15,25.15,50.0,49.42,3.5088586064817595,-1.9145795330575124,0
25633,King Burgers Bistro,Burgers,Cafe,CBD,0.99,34.47,1323,328,448,249,298,11306.16,15442.56,8583.03,10272.06,0.220614445898682,0.417049959558062,0.28,4,1.18,351.64,4096.62,1271.47,706.69,3370.29,0.33,0.45,0.25,0.3,45603.81,9445.07,0.20711142336572316,-0.010000000000000009,0.7,995,0.7520786092214664,0.637664405456744,11.30969798657718,1978.16,1309.77,34.47,7.139130763416477,0,Cluster 0,43.79,Moderate Potential,Hold / Stabilize,0.0,70.24,70.79,50.0,30.47,0.5843554550158008,1.2704686464409267,1
25634,Lucky Burgers Tavern,Burgers,Full-service,South Auckland,1.05,32.98,1176,392,353,196,235,12928.16,11641.94,6464.08,7750.3,0.377704025036655,0.525246279360727,0.27,16,4.72,1109.2,1254.67,-2013.48,-1117.96,-357.04,0.5,0.45,0.25,0.3,38784.48,-2233.81,-0.057595460864758266,0.050000000000000044,0.7,784,0.6666666666666666,0.902950304397382,-1.5193191489361704,-3131.44,1234.8,32.980000000000004,-1.8994982993197278,1,Cluster 1,33.48,Low Potential,Optimize,100.0,22.37,9.88,50.0,56.05,2.976938951601252,-1.8034079140401678,0
25514,Top Burgers Grill,Burgers,Cafe,South Auckland,1.05,33.28,1492,395,494,274,329,13145.6,16440.32,9118.72,10949.12,0.222624632734805,0.388613134040497,0.28,12,3.54,1164.66,5110.51,1788.09,991.77,3091.94,0.36,0.45,0.25,0.3,49653.76,10982.310000000001,0.22117781211332235,0.050000000000000044,0.7,1097,0.735254691689008,0.6112377667753021,9.397993920972645,2779.8599999999997,1566.6000000000001,33.28,7.360797587131368,0,Cluster 0,71.52,High Potential,Hold / Stabilize,100.0,72.43,61.52,50.0,57.41,0.6739189304759735,1.4140708171400416,1
26363,Urban Burgers Bistro,Burgers,Full-service,West Auckland,1.04,39.07,944,244,315,175,210,9533.08,12307.05,6837.25,8204.7,0.386807536554989,0.548085522628389,0.29,17,5.02,1054.2,620.67,-2767.77,-1537.65,-520.02,0.35,0.45,0.25,0.3,36882.08,-4204.77,-0.11400577190874268,0.040000000000000036,0.7,700,0.7415254237288136,0.9348930591833781,-2.476285714285714,-4305.42,981.76,39.07,-4.454205508474577,1,Cluster 1,24.35,Low Potential,Optimize,83.33,11.32,3.26,50.0,50.23,2.5465639275662912,-2.060602019606324,0
25273,Urban Burgers Diner,Burgers,QSR,West Auckland,1.04,35.47,1810,326,668,371,445,11563.22,23693.96,13159.37,15784.15,0.274782668221742,0.353325877268799,0.28,5,1.48,658.6,4300.26,2177.27,1209.23,5211.39,0.22,0.45,0.25,0.3,64200.700000000004,12898.150000000001,0.20090357270247833,0.040000000000000036,0.7,1484,0.8198895027624309,0.6281085454905411,11.710988764044945,3386.5,1882.4,35.47,7.126049723756907,0,Cluster 0,67.48,High Potential,Hold / Stabilize,83.33,69.38,70.57,50.0,51.25,0.40643109420353046,1.3878181066685031,1
25799,Classic Burgers Tavern,Burgers,Cafe,North Shore,1.03,40.97,1453,360,492,273,328,14749.2,20157.24,11184.81,13438.16,0.256673604026437,0.374815878807567,0.29,8,2.36,774.08,5435.24,1582.56,878.13,4178.02,0.33,0.45,0.25,0.3,59529.41,12073.95,0.20282327676353587,0.030000000000000027,0.7,1093,0.7522367515485203,0.6314894828340041,12.737865853658539,2460.69,1496.5900000000001,40.97,8.309669649002066,0,Cluster 0,61.86,High Potential,Hold / Stabilize,66.67,71.24,65.07,50.0,45.82,0.6281247432721574,1.3342887173498599,1
25679,King Burgers Corner,Burgers,Cafe,West Auckland,1.04,35.23,1472,405,480,267,320,14268.15,16910.4,9406.41,11273.6,0.23035262202844,0.405054507683963,0.31,11,3.25,1040.0,5202.07,923.19,513.52,3070.27,0.38,0.45,0.25,0.3,51858.560000000005,9709.050000000001,0.18722174314134446,0.040000000000000036,0.7,1067,0.7248641304347826,0.635407129712403,9.59459375,1436.71,1530.88,35.230000000000004,6.595822010869566,0,Cluster 0,65.02,High Potential,Hold / Stabilize,83.33,66.82,59.43,50.0,53.93,0.9116923191052526,1.117830477748073,1
26530,Classic Burgers Corner,Burgers,QSR,South Auckland,1.05,32.53,1788,334,654,364,436,10865.02,21274.62,11840.92,14183.08,0.25713261788711,0.365716954646632,0.31,4,1.18,514.48,4097.75,1428.6,795.12,4834.67,0.23,0.45,0.25,0.3,58163.64,11156.14,0.19180608366326454,0.050000000000000044,0.7,1454,0.8131991051454138,0.622849572533742,11.088692660550459,2223.72,1877.4,32.53,6.239451901565995,0,Cluster 0,71.17,High Potential,Hold / Stabilize,100.0,66.96,73.08,50.0,48.76,0.43598726005671407,1.3697020635789772,1
26289,Classic Burgers Corner,Burgers,Cafe,West Auckland,1.04,32.53,1605,450,520,289,346,14638.5,16915.6,9401.17,11255.38,0.217269171178341,0.380000990000553,0.28,13,3.84,1328.64,5895.36,2076.05,1153.8,3204.24,0.39,0.45,0.25,0.3,52210.649999999994,12329.449999999999,0.23614818049574177,0.040000000000000036,0.7,1155,0.719626168224299,0.597270161178894,9.260809248554912,3229.8500000000004,1669.2,32.529999999999994,7.681900311526479,0,Cluster 0,68.91,High Potential,Hold / Stabilize,83.33,74.88,61.97,50.0,63.05,0.7588870658589185,1.4949865706425995,1
26330,Lucky Burgers Corner,Burgers,Full-service,West Auckland,1.04,39.35,825,248,260,144,173,9758.8,10231.0,5666.4,6807.55,0.392022967257071,0.486661771452054,0.29,8,2.36,408.28,1183.89,-1725.81,-955.84,417.58,0.43,0.45,0.25,0.3,32463.749999999996,-1080.1799999999998,-0.03327342035347118,0.040000000000000036,0.7,577,0.6993939393939393,0.878684738709125,2.413757225433526,-2681.65,858.0,39.349999999999994,-1.3093090909090908,1,Cluster 1,29.13,Low Potential,Optimize,83.33,26.45,26.97,50.0,25.25,2.314579945940647,-1.3195983670552143,0
25885,Top Burgers Diner,Burgers,Full-service,North Shore,1.03,34.32,1174,323,383,213,255,11085.36,13144.56,7310.16,8751.6,0.387164082087111,0.515003904979676,0.28,6,1.77,451.35,1084.5,-2394.52,-1331.68,404.84,0.38,0.45,0.25,0.3,40291.68,-2236.8599999999997,-0.05551667242467923,0.030000000000000027,0.7,851,0.7248722316865417,0.9021679870667869,1.587607843137255,-3726.2,1209.22,34.32,-1.9053321976149913,1,Cluster 1,24.95,Low Potential,Optimize,66.67,22.64,26.69,50.0,31.9,2.472642354017972,-1.5747446059643608,0
26249,King Burgers Cafe,Burgers,QSR,North Shore,1.03,35.41,1436,249,534,297,356,8817.09,18908.94,10516.77,12605.96,0.213341122977436,0.359465803625062,0.32,4,1.18,420.08,3766.6,2026.91,1127.32,4965.1,0.21,0.45,0.25,0.3,50848.76,11885.93,0.23375063620037145,0.030000000000000027,0.7,1187,0.8266016713091922,0.572806926602498,13.946910112359552,3154.23,1479.08,35.410000000000004,8.277110027855153,0,Cluster 0,64.55,High Potential,Hold / Stabilize,66.67,75.36,80.79,50.0,35.92,-0.15138119219840745,1.9241075478916176,1
25888,Urban Burgers Bistro,Burgers,QSR,West Auckland,1.04,41.3,1555,290,569,316,380,11977.0,23499.7,13050.8,15694.0,0.211456354279071,0.357483346411027,0.28,17,5.02,1907.6,5162.81,3549.87,1971.46,4857.46,0.23,0.45,0.25,0.3,64221.5,15541.599999999999,0.2419999532866719,0.040000000000000036,0.7,1265,0.8135048231511254,0.568939700690098,12.782789473684211,5521.33,1617.2,41.3,9.99459807073955,0,Cluster 0,70.57,High Potential,Hold / Stabilize,83.33,78.79,59.67,50.0,70.71,-0.020667524771819594,1.887163615370887,1
25243,Classic Burgers Kitchen,Burgers,QSR,South Auckland,1.05,43.9,852,186,300,166,200,8165.4,13170.0,7287.4,8780.0,0.222447801288217,0.43631492650602,0.28,4,1.18,236.0,2786.34,806.49,446.26,2760.06,0.28,0.45,0.25,0.3,37402.8,6799.15,0.18178184520944954,0.050000000000000044,0.7,666,0.7816901408450704,0.658762727794237,13.8003,1252.75,894.6,43.900000000000006,7.980223004694835,0,Cluster 0,65.56,High Potential,Hold / Stabilize,100.0,67.96,67.54,50.0,17.09,0.24754117596534872,1.3205512892818287,1
26335,Classic Burgers Grill,Burgers,Cafe,North Shore,1.03,37.85,1666,374,581,323,388,14155.9,21990.85,12225.55,14685.8,0.256328370049596,0.380535143613815,0.3,16,4.72,1831.36,5140.52,1388.43,771.88,3501.59,0.29,0.45,0.25,0.3,63058.100000000006,10802.420000000002,0.17130899916109113,0.030000000000000027,0.7,1292,0.7755102040816326,0.6368635136634111,9.02471649484536,2160.31,1715.98,37.85,6.4840456182473,0,Cluster 0,61.21,High Potential,Hold / Stabilize,66.67,64.53,50.89,50.0,71.56,0.7393509821958633,1.0311910261393629,1
26133,Top Burgers Grill,Burgers,Full-service,South Auckland,1.05,43.17,2337,819,683,380,455,35356.23,29485.11,16404.6,19642.35,0.381036338047124,0.471940107853152,0.3,12,3.54,1610.7,5198.2,-4510.53,-2509.52,1277.19,0.54,0.45,0.25,0.3,100888.29000000001,-544.6599999999999,-0.005398644381820723,0.050000000000000044,0.7,1518,0.6495507060333762,0.852976445900276,2.807010989010989,-7020.049999999999,2453.85,43.17,-0.23305947796320062,1,Cluster 1,43.16,Moderate Potential,Optimize,100.0,31.65,24.26,50.0,86.0,3.328207745785875,-1.1977225671147647,0
25892,Urban Burgers Kitchen,Burgers,Full-service,South Auckland,1.05,40.54,860,258,271,150,181,10459.32,10986.34,6081.0,7337.74,0.391001238534227,0.522507620276883,0.31,6,1.77,320.37,904.64,-2455.54,-1359.16,314.28,0.43,0.45,0.25,0.3,34864.4,-2595.7800000000007,-0.07445359736579435,0.050000000000000044,0.7,602,0.7,0.91350885881111,1.7363535911602208,-3814.7,903.0,40.54,-3.0183488372093032,1,Cluster 1,30.44,Low Potential,Optimize,100.0,18.59,24.94,50.0,22.03,2.5594685731633025,-1.6480263179241827,0
26377,Classic Burgers Kitchen,Burgers,Cafe,West Auckland,1.04,38.11,1642,349,582,323,388,13300.39,22180.02,12309.53,14786.68,0.234164984412491,0.381075059808791,0.3,13,3.84,1489.92,5117.46,1879.98,1043.36,4199.4,0.27,0.45,0.25,0.3,62576.62,12240.2,0.19560340587267258,0.040000000000000036,0.7,1293,0.7874543239951279,0.615240044221282,10.82319587628866,2923.34,1707.68,38.11,7.454445797807552,0,Cluster 0,67.1,High Potential,Hold / Stabilize,83.33,69.11,59.2,50.0,64.29,0.48049819423553847,1.3634228726247157,1
25287,Lucky Burgers Corner,Burgers,QSR,South Auckland,1.05,47.23,526,98,193,107,128,4628.54,9115.39,5053.61,6045.44,0.211309203915298,0.36264536564704,0.31,5,1.48,189.44,1971.97,1057.8,586.45,2386.19,0.23,0.45,0.25,0.3,24842.98,6002.41,0.24161392876377955,0.050000000000000044,0.7,428,0.8136882129277566,0.573954569562338,18.642109375,1644.25,552.3000000000001,47.23,11.411425855513308,0,Cluster 0,69.71,High Potential,Hold / Stabilize,100.0,80.66,78.92,50.0,8.4,-0.6162369228843324,2.160684833681751,1
25368,Top Burgers Diner,Burgers,QSR,South Auckland,1.05,38.55,1561,341,549,305,366,13145.55,21163.95,11757.75,14109.3,0.266912924479693,0.354677672032267,0.32,5,1.48,541.68,4974.4,1236.17,686.76,4797.41,0.28,0.45,0.25,0.3,60176.55,11694.74,0.19434048645194846,0.050000000000000044,0.7,1220,0.7815502882767457,0.62159059651196,13.107677595628415,1922.93,1639.0500000000002,38.550000000000004,7.4918257527226135,0,Cluster 0,70.58,High Potential,Hold / Stabilize,100.0,68.99,71.57,50.0,43.41,0.47406625242005057,1.4110698543179396,1
25451,Classic Burgers Corner,Burgers,Cafe,South Auckland,1.05,41.44,984,300,308,171,205,12432.0,12763.52,7086.24,8495.2,0.222411846090108,0.436329520796426,0.32,11,3.25,666.25,4242.53,271.33,150.64,2232.81,0.44,0.45,0.25,0.3,40776.96000000001,6897.3099999999995,0.16914723412436825,0.050000000000000044,0.7,684,0.6951219512195121,0.6587413668865341,10.891756097560975,421.96999999999997,1033.2,41.440000000000005,7.0094613821138205,0,Cluster 0,65.59,High Potential,Hold / Stabilize,100.0,64.95,55.84,50.0,37.89,0.99161414699703,0.9823913548017427,1
25048,King Burgers Tavern,Burgers,Cafe,South Auckland,1.05,40.63,554,114,198,110,132,4631.82,8044.74,4469.3,5363.16,0.200429155789316,0.35453076865524,0.28,7,2.07,273.24,2061.35,1327.7,737.61,2113.58,0.26,0.45,0.25,0.3,22509.02,6240.24,0.27723286042662004,0.050000000000000044,0.7,440,0.7942238267148014,0.554959924444556,16.011969696969697,2065.31,581.7,40.63,11.263971119133574,0,Cluster 0,71.62,High Potential,Hold / Stabilize,100.0,85.26,78.51,50.0,14.01,-0.6163896738333667,2.304794662539038,1
26503,Urban Burgers Diner,Burgers,Cafe,CBD,0.99,36.75,1997,560,647,359,431,20580.0,23777.25,13193.25,15839.25,0.263923700116575,0.382818424794823,0.27,9,2.66,1146.46,7270.05,1979.64,1098.44,4448.88,0.39,0.45,0.25,0.3,73389.75,14797.010000000002,0.20162229739166576,-0.010000000000000009,0.7,1437,0.7195793690535803,0.646742124911398,10.322227378190256,3078.08,1977.03,36.75,7.409619429143716,0,Cluster 0,46.72,Moderate Potential,Hold / Stabilize,0.0,69.86,61.02,50.0,63.64,1.2318999554675372,1.0298930860012452,1
25453,Lucky Burgers Bistro,Burgers,QSR,CBD,0.99,40.73,1883,423,657,365,438,17228.79,26759.61,14866.45,17839.74,0.2507327029109,0.355853980407119,0.33,4,1.18,516.84,6778.04,1696.92,942.73,6501.55,0.29,0.45,0.25,0.3,76694.59000000001,15919.239999999998,0.20756666148159858,-0.010000000000000009,0.7,1460,0.7753584705257568,0.606586683318019,14.843721461187215,2639.65,1864.17,40.730000000000004,8.454190122145512,0,Cluster 0,47.89,Moderate Potential,Hold / Stabilize,0.0,72.08,75.58,50.0,48.33,0.574349993248553,1.4939608988616113,1
26020,Classic Burgers Bistro,Burgers,QSR,South Auckland,1.05,44.75,1737,301,646,359,431,13469.75,28908.5,16065.25,19287.25,0.272589227110147,0.380867166561075,0.3,6,1.77,762.87,4667.86,1345.51,747.73,5921.0,0.21,0.45,0.25,0.3,77730.75,12682.1,0.16315422146319186,0.050000000000000044,0.7,1436,0.82671272308578,0.653456393671222,13.737819025522041,2093.24,1823.8500000000001,44.75,7.301151410477836,0,Cluster 0,69.39,High Potential,Hold / Stabilize,100.0,64.54,65.02,50.0,51.7,0.4853415956618387,1.2095552983947753,1
25295,Lucky Burgers Kitchen,Burgers,Full-service,West Auckland,1.04,43.59,1826,640,534,296,356,27897.6,23277.06,12902.64,15518.04,0.373207673185971,0.532346804463305,0.31,8,2.36,840.16,2634.8,-5017.47,-2781.22,625.45,0.54,0.45,0.25,0.3,79595.34,-4538.44,-0.05701891593151056,0.040000000000000036,0.7,1186,0.6495071193866374,0.9055544776492759,1.7568820224719102,-7798.6900000000005,1899.04,43.589999999999996,-2.4854545454545454,1,Cluster 1,32.13,Low Potential,Optimize,83.33,21.66,22.83,50.0,58.79,3.384997830998103,-1.6507740961735524,0
26671,Classic Burgers Cafe,Burgers,Full-service,West Auckland,1.04,42.22,1874,641,555,308,370,27063.02,23432.1,13003.76,15621.4,0.394817593600601,0.498372889729217,0.3,9,2.66,984.2,2890.59,-4526.86,-2512.2,684.31,0.52,0.45,0.25,0.3,79120.28,-3464.1599999999994,-0.04378346487145899,0.040000000000000036,0.7,1233,0.6579509071504802,0.893190483329818,1.8494864864864864,-7039.0599999999995,1948.96,42.22,-1.8485378868729987,1,Cluster 1,33.43,Low Potential,Optimize,83.33,24.3,23.04,50.0,62.73,3.2693009656453396,-1.5584106900943757,0
26024,King Burgers Tavern,Burgers,Cafe,North Shore,1.03,43.59,1346,363,442,246,295,15823.17,19266.78,10723.14,12859.05,0.245329592768103,0.43988708013203,0.29,14,4.13,1218.35,4980.87,477.49,265.76,2829.46,0.37,0.45,0.25,0.3,58672.14,8553.58,0.14578605791436958,0.030000000000000027,0.7,983,0.7303120356612184,0.685216672900133,9.591389830508474,743.25,1386.38,43.589999999999996,6.35481426448737,0,Cluster 0,57.19,Moderate Potential,Hold / Stabilize,66.67,60.92,46.78,50.0,56.27,1.0952498856783166,0.7098437315487176,1
26308,King Burgers Corner,Burgers,QSR,North Shore,1.03,40.48,654,143,230,128,153,5788.64,9310.4,5181.44,6193.44,0.250099211297929,0.40528278448619,0.28,13,3.84,587.52,1994.87,601.62,334.81,1546.85,0.28,0.45,0.25,0.3,26473.92,4478.15,0.16915326479795964,0.030000000000000027,0.7,511,0.7813455657492355,0.6553819957841189,10.110130718954247,936.4300000000001,673.62,40.48,6.847324159021406,0,Cluster 0,55.6,Moderate Potential,Hold / Stabilize,66.67,64.73,53.02,50.0,30.97,0.23290026388609883,1.0637177608762196,1
26269,King Burgers Bistro,Burgers,QSR,West Auckland,1.04,46.32,1416,264,518,288,346,12228.48,23993.76,13340.16,16026.72,0.253642575778067,0.438303783792071,0.29,13,3.84,1328.64,3767.03,433.17,240.84,3608.45,0.23,0.45,0.25,0.3,65589.12,8049.49,0.12272599479913743,0.040000000000000036,0.7,1152,0.8135593220338984,0.6919463595701381,10.429046242774566,674.01,1472.64,46.31999999999999,5.684668079096045,0,Cluster 0,60.54,High Potential,Hold / Stabilize,83.33,56.91,47.38,50.0,56.72,0.6734568636735796,0.7402588946040312,1
25056,King Burgers Bistro,Burgers,QSR,North Shore,1.03,42.74,1118,209,409,227,273,8932.66,17480.66,9701.98,11668.02,0.265899494551122,0.386587538965978,0.31,13,3.84,1048.32,3104.22,655.75,363.95,3006.47,0.23,0.45,0.25,0.3,47783.32000000001,7130.389999999999,0.14922341101455483,0.030000000000000027,0.7,909,0.8130590339892666,0.6524870335171,11.012710622710623,1019.7,1151.54,42.74000000000001,6.377808586762074,0,Cluster 0,57.17,Moderate Potential,Hold / Stabilize,66.67,61.41,53.46,50.0,46.37,0.3156454878989291,1.0159300455115683,1
25664,Classic Burgers Diner,Burgers,Full-service,South Auckland,1.05,33.27,2067,547,684,380,456,18198.69,22756.68,12642.6,15171.12,0.371119313745294,0.5243249097839,0.3,6,1.77,807.12,1902.78,-4447.66,-2470.92,779.11,0.36,0.45,0.25,0.3,68769.09,-4236.6900000000005,-0.06160747510254972,0.050000000000000044,0.7,1520,0.7353652636671505,0.895444223529194,1.7085745614035088,-6918.58,2170.35,33.269999999999996,-2.049680696661829,1,Cluster 1,37.88,Low Potential,Optimize,100.0,21.63,27.72,50.0,62.87,2.842897276361465,-1.563205496892402,0
25098,Urban Burgers House,Burgers,QSR,South Auckland,1.05,32.49,1402,271,509,283,339,8804.79,16537.41,9194.67,11014.11,0.266895290240645,0.420822645397857,0.32,12,3.54,1200.06,2749.58,-127.63,-70.96,2239.45,0.24,0.45,0.25,0.3,45550.98,4790.44,0.1051665628269688,0.050000000000000044,0.7,1131,0.8067047075606276,0.687717935638502,6.606047197640118,-198.58999999999997,1472.1000000000001,32.49,3.4168616262482168,0,Cluster 0,63.47,High Potential,Rebalance Channels,100.0,51.48,49.73,50.0,54.37,0.7915306854456783,0.500662458624762,1
26272,Classic Burgers House,Burgers,Full-service,South Auckland,1.05,40.98,1981,694,579,322,386,28440.12,23727.42,13195.56,15818.28,0.352443372423295,0.465550076309592,0.29,14,4.13,1594.18,5176.29,-2562.41,-1425.03,1284.85,0.54,0.45,0.25,0.3,81181.37999999999,2473.7,0.030471273092425876,0.050000000000000044,0.7,1287,0.6496718828874306,0.817993448732887,3.328626943005181,-3987.4399999999996,2080.05,40.98,1.2487127713276123,1,Cluster 1,59.18,Moderate Potential,Rebalance Channels,100.0,38.49,26.31,50.0,78.62,2.9247559470061804,-0.8465273389862497,0
25952,Urban Burgers Diner,Burgers,QSR,CBD,0.99,38.99,1361,236,506,281,338,9201.64,19728.94,10956.19,13178.62,0.220859476216137,0.38831839018967,0.31,13,3.84,1297.92,3596.2,1594.54,885.5,3852.58,0.21,0.45,0.25,0.3,53065.39,9928.82,0.18710538073874516,-0.010000000000000009,0.7,1125,0.8265980896399706,0.609177866405807,11.398165680473372,2480.04,1347.39,38.99,7.295238795003674,0,Cluster 0,44.37,Moderate Potential,Hold / Stabilize,0.0,67.75,60.14,50.0,52.68,0.10683876805403929,1.3685695480008762,1
26638,King Burgers Tavern,Burgers,QSR,South Auckland,1.05,42.95,1770,342,643,357,428,14688.9,27616.85,15333.15,18382.6,0.249971202947199,0.427493211836554,0.32,13,3.84,1643.52,4737.69,70.02,38.88,4285.52,0.24,0.45,0.25,0.3,76021.5,9132.11,0.12012535927336346,0.050000000000000044,0.7,1428,0.8067796610169492,0.677464414783753,10.012897196261683,108.9,1858.5,42.95,5.159384180790961,0,Cluster 0,66.76,High Potential,Hold / Stabilize,100.0,55.85,49.61,50.0,69.15,0.8537525721705861,0.7507405866494754,1
26678,Classic Burgers Eatery,Burgers,Full-service,West Auckland,1.04,32.08,1076,296,351,195,234,9495.68,11260.08,6255.6,7506.72,0.398038577020634,0.502873965259641,0.29,14,4.13,966.42,940.9,-2149.69,-1194.27,-222.6,0.38,0.45,0.25,0.3,34518.08,-2625.66,-0.07606622384559047,0.040000000000000036,0.7,780,0.724907063197026,0.9009125422802751,-0.9512820512820512,-3343.96,1119.04,32.08,-2.4402044609665428,1,Cluster 1,27.98,Low Potential,Optimize,83.33,19.15,13.53,50.0,47.66,2.5164041072082473,-1.793723257783119,0
25549,Classic Burgers Kitchen,Burgers,Full-service,CBD,0.99,36.24,2259,792,660,367,440,28702.08,23918.4,13300.08,15945.6,0.395926966192201,0.537365405936725,0.3,6,1.77,778.8,1914.65,-5579.98,-3102.81,284.89,0.54,0.45,0.25,0.3,81866.16,-6483.249999999999,-0.07919328328090629,-0.010000000000000009,0.7,1467,0.649402390438247,0.933292372128926,0.6474772727272727,-8682.789999999999,2236.41,36.24,-2.869964586100044,1,Cluster 1,11.16,Low Potential,Optimize,0.0,18.15,21.89,50.0,64.99,3.8165361741814063,-2.0976515458517353,0
25711,Urban Burgers Bistro,Burgers,Full-service,West Auckland,1.04,34.78,2294,754,693,385,462,26224.12,24102.54,13390.3,16068.36,0.361362559814006,0.486428520735353,0.28,5,1.48,683.76,3991.54,-3080.09,-1711.16,1761.99,0.49,0.45,0.25,0.3,79785.32,962.2799999999997,0.012060865332118736,0.040000000000000036,0.7,1540,0.6713164777680907,0.8477910805493589,3.813831168831169,-4791.25,2385.76,34.78,0.4194768962510897,1,Cluster 1,54.52,Moderate Potential,Rebalance Channels,83.33,34.89,36.71,50.0,67.47,3.0569633304857793,-1.051684411932323,0
25916,King Burgers Tavern,Burgers,Ghost Kitchen,West Auckland,1.04,42.82,1305,85,549,305,366,3639.7,23508.18,13060.1,15672.12,0.266825651482213,0.231089033186436,0.33,15,4.43,1621.38,1827.44,4045.41,2247.45,6247.36,0.07,0.45,0.25,0.3,55880.100000000006,14367.66,0.257115860565747,0.040000000000000036,0.7,1220,0.9348659003831418,0.49791468466864897,17.069289617486337,6292.86,1357.2,42.82000000000001,11.009701149425288,0,Cluster 0,72.32,High Potential,Hold / Stabilize,83.33,82.2,73.95,50.0,57.66,-1.0811615961546746,2.4807038198766125,1
26280,Urban Burgers Cafe,Burgers,Cafe,South Auckland,1.05,36.28,956,220,331,184,221,7981.6,12008.68,6675.52,8017.88,0.236116115953773,0.406607018969953,0.32,7,2.07,457.47,2851.64,447.65,248.84,2407.13,0.3,0.45,0.25,0.3,34683.68,5955.26,0.17170208005609555,0.050000000000000044,0.7,736,0.7698744769874477,0.642723134923726,10.891990950226244,696.49,1003.8000000000001,36.28,6.229351464435147,0,Cluster 0,65.7,High Potential,Hold / Stabilize,100.0,64.24,64.98,50.0,27.61,0.3902639623933857,1.1765518990491137,1
25797,King Burgers Kitchen,Burgers,QSR,North Shore,1.03,43.64,1482,324,521,290,347,14139.36,22736.44,12655.6,15143.08,0.245809584632516,0.388785904622637,0.27,4,1.18,409.46,5166.59,2169.16,1207.4,5123.89,0.28,0.45,0.25,0.3,64674.48,13667.04,0.2113204466429417,0.030000000000000027,0.7,1158,0.7813765182186235,0.6345954892551531,14.766253602305476,3376.56,1526.46,43.64,9.222024291497977,0,Cluster 0,62.44,High Potential,Hold / Stabilize,66.67,73.62,71.27,50.0,37.45,0.4124843210415151,1.5026660655553847,1
25554,King Burgers Grill,Burgers,Ghost Kitchen,CBD,0.99,38.48,888,25,388,216,259,962.0,14930.24,8311.68,9966.32,0.264472639421001,0.28690854946617,0.28,13,3.84,994.56,431.57,2517.52,1401.51,3476.52,0.03,0.45,0.25,0.3,34170.24,7827.120000000001,0.22906248244086086,-0.010000000000000009,0.7,863,0.9718468468468469,0.551381188887171,13.422857142857143,3919.0299999999997,879.12,38.48,8.814324324324325,0,Cluster 0,45.81,Moderate Potential,Hold / Stabilize,0.0,75.46,69.05,50.0,37.59,-1.1393271003693046,2.014543835764839,1
25434,Urban Burgers Kitchen,Burgers,Ghost Kitchen,North Shore,1.03,31.95,1561,74,669,372,446,2364.3,21374.55,11885.4,14249.7,0.296564737323206,0.310099168575834,0.32,5,1.48,660.08,929.96,1567.53,871.63,4944.84,0.05,0.45,0.25,0.3,49873.95,8313.96,0.16669944931171482,0.030000000000000027,0.7,1487,0.9525944907110826,0.60666390589904,11.087085201793723,2439.16,1607.8300000000002,31.95,5.326047405509288,0,Cluster 0,60.89,High Potential,Hold / Stabilize,66.67,62.35,73.87,50.0,42.41,-0.34168206091826303,1.4145564677112978,1
26284,King Burgers Bistro,Burgers,Full-service,West Auckland,1.04,34.17,1860,636,551,306,367,21732.12,18827.67,10456.02,12540.39,0.351476474502124,0.466235793032683,0.31,11,3.25,1192.75,3961.5,-2404.52,-1335.36,1093.21,0.52,0.45,0.25,0.3,63556.2,1314.8300000000002,0.02068767484525507,0.040000000000000036,0.7,1224,0.6580645161290323,0.817712267534807,2.978773841961853,-3739.88,1934.4,34.17,0.7068978494623657,1,Cluster 1,53.75,Moderate Potential,Rebalance Channels,83.33,36.44,31.33,50.0,66.93,2.830457832671535,-0.9352016334447449,0
26567,Lucky Burgers Corner,Burgers,QSR,South Auckland,1.05,35.83,1452,317,511,284,340,11358.11,18309.13,10175.72,12182.2,0.224479051977396,0.441456094151363,0.3,11,3.25,1105.0,3794.35,623.7,346.63,2964.64,0.28,0.45,0.25,0.3,52025.16,7729.32,0.148568884747303,0.050000000000000044,0.7,1135,0.7816804407713499,0.665935146128759,8.719529411764706,970.33,1524.6000000000001,35.830000000000005,5.323223140495868,0,Cluster 0,66.48,High Potential,Hold / Stabilize,100.0,59.9,54.73,50.0,53.72,0.7395302981231401,0.8892915602605462,1
25841,Classic Burgers Grill,Burgers,Ghost Kitchen,North Shore,1.03,43.79,1051,68,442,246,295,2977.72,19355.18,10772.34,12918.05,0.274847667873837,0.252528993401211,0.31,13,3.84,1132.8,1407.34,3147.6,1751.83,4972.57,0.07,0.45,0.25,0.3,46023.29000000001,11279.34,0.24507895893579096,0.030000000000000027,0.7,983,0.9352997145575642,0.527376661275048,16.856169491525424,4899.43,1082.53,43.790000000000006,10.732007611798288,0,Cluster 0,65.39,High Potential,Hold / Stabilize,66.67,80.21,72.75,50.0,44.15,-1.0711438162960716,2.2953229403097573,1
25234,Lucky Burgers Tavern,Burgers,QSR,South Auckland,1.05,32.29,935,192,334,186,223,6199.68,10784.86,6005.94,7200.67,0.276884880065918,0.446010593674146,0.32,9,2.66,593.18,1717.96,-462.62,-257.63,1402.16,0.26,0.45,0.25,0.3,30191.15,2399.8700000000003,0.07948918805676498,0.050000000000000044,0.7,743,0.7946524064171123,0.722895473740064,6.2877130044843055,-720.25,981.75,32.29,2.5667058823529416,0,Cluster 0,58.81,Moderate Potential,Rebalance Channels,100.0,46.87,49.28,50.0,31.57,0.8231464237154243,0.221730523520648,1
26369,Classic Burgers Tavern,Burgers,QSR,CBD,0.99,37.02,1109,249,387,215,258,9217.98,14326.74,7959.3,9551.16,0.239561068043113,0.365068233245984,0.29,7,2.07,534.06,3644.52,1509.62,838.68,3242.19,0.29,0.45,0.25,0.3,41055.18,9235.01,0.22494140812438285,-0.010000000000000009,0.7,860,0.7754733994589721,0.604629301289097,12.566627906976745,2348.2999999999997,1097.91,37.02,8.327330928764653,0,Cluster 0,44.83,Moderate Potential,Hold / Stabilize,0.0,74.24,70.85,50.0,30.64,0.1527822791930816,1.5523117177414387,1
25157,Lucky Burgers Diner,Burgers,Cafe,West Auckland,1.04,34.2,688,159,238,132,159,5437.8,8139.6,4514.4,5437.8,0.236957102157176,0.352045321743935,0.29,13,3.84,610.56,2234.92,984.87,546.23,1624.36,0.3,0.45,0.25,0.3,23529.600000000002,5390.38,0.2290893172854617,0.040000000000000036,0.7,529,0.7688953488372093,0.589002423901111,10.216100628930818,1531.1,715.52,34.2,7.834854651162791,0,Cluster 0,64.37,High Potential,Hold / Stabilize,83.33,74.14,63.25,50.0,32.32,-0.06932058520625049,1.6316715213755368,1
25683,Top Burgers Tavern,Burgers,Full-service,South Auckland,1.05,36.03,1564,541,460,256,307,19492.23,16573.8,9223.68,11061.21,0.350697084167041,0.538399680703878,0.32,18,5.31,1630.17,2161.75,-3465.53,-1928.64,-403.45,0.53,0.45,0.25,0.3,56350.92,-3635.87,-0.06452192794722783,0.050000000000000044,0.7,1023,0.6540920716112532,0.8890967648709189,-1.314169381107492,-5394.17,1642.2,36.03,-2.3247250639386188,1,Cluster 1,35.53,Low Potential,Optimize,100.0,20.86,8.68,50.0,73.85,3.2390417979969164,-1.7725697784097894,0
26656,King Burgers Bistro,Burgers,Cafe,West Auckland,1.04,36.03,1779,490,580,322,387,17654.7,20897.4,11601.66,13943.61,0.205670053847134,0.393928523105569,0.29,14,4.13,1598.31,7068.97,2307.1,1280.84,3984.73,0.38,0.45,0.25,0.3,64097.37000000001,14641.64,0.22842809307152537,0.040000000000000036,0.7,1289,0.7245643620011242,0.599598576952703,10.296459948320413,3587.9399999999996,1850.16,36.03000000000001,8.23026419336706,0,Cluster 0,69.66,High Potential,Hold / Stabilize,83.33,74.58,59.98,50.0,71.21,0.824976764162277,1.489443960048356,1
26171,Lucky Burgers Corner,Burgers,Cafe,West Auckland,1.04,32.71,1073,228,380,211,254,7457.88,12429.8,6901.81,8308.34,0.252243951316923,0.388911581528373,0.31,11,3.25,825.5,2676.22,607.13,337.12,2155.9,0.27,0.45,0.25,0.3,35097.83,5776.37,0.1645791207034737,0.040000000000000036,0.7,845,0.7875116495806151,0.641155532845296,8.487795275590551,944.25,1115.92,32.71,5.383383038210624,0,Cluster 0,61.66,High Potential,Hold / Stabilize,83.33,62.14,58.55,50.0,40.56,0.3904679505651823,1.0403953581659666,1
25847,Urban Burgers Diner,Burgers,Ghost Kitchen,CBD,0.99,34.17,817,60,341,189,227,2050.2,11651.97,6458.13,7756.59,0.286487936391495,0.282257170125376,0.29,11,3.25,737.75,884.16,1645.9,912.24,2607.32,0.08,0.45,0.25,0.3,27916.89,6049.620000000001,0.2167010723615704,-0.010000000000000009,0.7,757,0.9265605875152999,0.5687451065168709,11.485991189427313,2558.1400000000003,808.83,34.17,7.40467564259486,0,Cluster 0,44.01,Moderate Potential,Hold / Stabilize,0.0,71.89,69.71,50.0,30.66,-0.8687701729912749,1.767725541583005,1
26253,Top Burgers Grill,Burgers,Cafe,South Auckland,1.05,40.69,1604,424,531,295,354,17252.56,21606.39,12003.55,14404.26,0.202886239923537,0.41931969486177,0.28,17,5.02,1777.08,6517.91,2112.98,1173.88,3664.76,0.36,0.45,0.25,0.3,65266.76,13469.53,0.20637656902227106,0.050000000000000044,0.7,1180,0.7356608478802993,0.6222059347853071,10.352429378531074,3286.86,1684.2,40.69,8.39746259351621,0,Cluster 0,71.68,High Potential,Hold / Stabilize,100.0,71.84,51.46,50.0,72.87,0.7961465364619495,1.3301691466294425,1
25689,Top Burgers Grill,Burgers,Cafe,North Shore,1.03,33.55,583,127,205,114,137,4260.85,6877.75,3824.7,4596.35,0.278869404383004,0.401834239251912,0.27,12,3.54,484.98,1360.47,339.05,188.54,982.62,0.28,0.45,0.25,0.3,19559.65,2870.68,0.1467654073564711,0.030000000000000027,0.7,456,0.7821612349914236,0.680703643634916,7.172408759124088,527.59,600.49,33.550000000000004,4.923979416809606,0,Cluster 0,53.05,Moderate Potential,Hold / Stabilize,66.67,59.12,50.81,50.0,26.28,0.39062325276644,0.7182020426648639,1
26175,Urban Burgers Eatery,Burgers,QSR,South Auckland,1.05,35.36,1437,268,526,292,351,9476.48,18599.36,10325.12,12411.36,0.25149632409215,0.380554727022536,0.3,13,3.84,1347.84,3486.86,1263.81,701.58,3218.91,0.23,0.45,0.25,0.3,50812.32,8671.16,0.17065073982057893,0.050000000000000044,0.7,1169,0.813500347947112,0.632051051114686,9.17068376068376,1965.3899999999999,1508.8500000000001,35.36,6.034210160055672,0,Cluster 0,68.46,High Potential,Hold / Stabilize,100.0,63.83,56.61,50.0,57.88,0.3705167308666302,1.161372633011995,1
26296,Lucky Burgers Tavern,Burgers,QSR,West Auckland,1.04,35.53,863,183,306,170,204,6501.99,10872.18,6040.1,7248.12,0.227525226604193,0.439100263384171,0.31,10,2.95,601.8,2167.6,254.13,141.18,1814.54,0.27,0.45,0.25,0.3,30662.389999999996,4377.45,0.14276284399226546,0.040000000000000036,0.7,680,0.7879490150637312,0.666625489988364,8.894803921568627,395.31,897.52,35.529999999999994,5.072363847045191,0,Cluster 0,58.97,Moderate Potential,Hold / Stabilize,83.33,58.78,56.32,50.0,31.19,0.41487566817567256,0.8857173537103725,1
25205,Lucky Burgers Eatery,Burgers,Cafe,CBD,0.99,34.14,558,111,201,112,134,3789.54,6862.14,3823.68,4574.76,0.235506526790559,0.417362198419869,0.28,13,3.84,514.56,1315.47,460.66,256.69,1073.48,0.25,0.45,0.25,0.3,19050.120000000003,3106.3,0.16305934030861746,-0.010000000000000009,0.7,447,0.8010752688172043,0.6528687252104279,8.011044776119403,717.35,552.42,34.14000000000001,5.566845878136201,0,Cluster 0,37.79,Low Potential,Hold / Stabilize,0.0,62.18,53.4,50.0,27.07,0.10743973190426637,0.9480701718899751,1
26500,Top Burgers Corner,Burgers,Cafe,South Auckland,1.05,34.63,645,174,212,118,141,6025.62,7341.56,4086.34,4882.83,0.261287534516305,0.379190825647674,0.3,16,4.72,665.52,2166.34,436.98,243.23,1089.96,0.37,0.45,0.25,0.3,22336.35,3936.51,0.17623783653103575,0.050000000000000044,0.7,471,0.7302325581395349,0.640478360163979,7.730212765957447,680.21,677.25,34.629999999999995,6.103116279069768,0,Cluster 0,64.45,High Potential,Hold / Stabilize,100.0,64.68,50.34,50.0,38.09,0.5285589717293425,0.9991704682987089,1
25733,Top Burgers Eatery,Burgers,Full-service,North Shore,1.03,41.97,1988,588,630,350,420,24678.36,26441.1,14689.5,17627.4,0.372292826755438,0.542617245507427,0.27,9,2.66,1117.2,2099.88,-4889.23,-2716.24,382.71,0.42,0.45,0.25,0.3,83436.35999999999,-5122.879999999999,-0.06139865161903036,0.030000000000000027,0.7,1400,0.704225352112676,0.9149100722628649,0.9112142857142856,-7605.469999999999,2047.64,41.96999999999999,-2.576901408450704,1,Cluster 1,28.23,Low Potential,Optimize,66.67,20.94,19.69,50.0,65.91,3.0816153754983193,-1.6695219816352154,0
26058,King Burgers Bistro,Burgers,QSR,North Shore,1.03,41.0,724,140,263,146,175,5740.0,10783.0,5986.0,7175.0,0.244181077126414,0.406234253034927,0.31,15,4.43,775.25,2006.62,426.84,236.95,1733.02,0.24,0.45,0.25,0.3,29684.0,4403.43,0.14834355208192967,0.030000000000000027,0.7,584,0.8066298342541437,0.650415330161341,9.902971428571428,663.79,745.72,41.0,6.082085635359117,0,Cluster 0,55.17,Moderate Potential,Hold / Stabilize,66.67,60.89,50.45,50.0,37.96,0.15487942887912623,1.0060071611846015,1
25210,King Burgers House,Burgers,QSR,CBD,0.99,44.41,1500,260,558,310,372,11546.6,24780.78,13767.1,16520.52,0.24405518066138,0.412344996677712,0.32,14,4.13,1536.36,3967.41,584.82,324.9,4140.09,0.21,0.45,0.25,0.3,66615.0,9017.22,0.1353632064850259,-0.010000000000000009,0.7,1240,0.8266666666666667,0.656400177339092,11.129274193548387,909.72,1485.0,44.41,6.01148,0,Cluster 0,41.42,Moderate Potential,Hold / Stabilize,0.0,59.05,51.22,50.0,59.45,0.48465730535165913,0.8950698781971071,1
26624,King Burgers House,Burgers,Full-service,West Auckland,1.04,45.44,976,263,321,178,214,11950.72,14586.24,8088.32,9724.16,0.379812815610785,0.547967098210938,0.27,6,1.77,378.78,863.08,-2884.87,-1599.71,323.5,0.37,0.45,0.25,0.3,44349.44,-3298.0,-0.07436396040175479,0.040000000000000036,0.7,713,0.7305327868852459,0.9277799138217231,1.5116822429906542,-4484.58,1015.0400000000001,45.440000000000005,-3.3790983606557377,1,Cluster 1,26.26,Low Potential,Optimize,83.33,18.11,22.74,50.0,25.64,2.426813261549375,-1.6120355810699771,0
26666,Lucky Burgers Corner,Burgers,Cafe,CBD,0.99,30.13,942,254,310,172,206,7653.02,9340.3,5182.36,6206.78,0.23328559845686,0.435655094264075,0.31,5,1.48,304.88,2533.6,196.7,109.14,1749.93,0.37,0.45,0.25,0.3,28382.46,4589.37,0.1616974004367486,-0.010000000000000009,0.7,688,0.7303609341825902,0.668940692720935,8.494805825242718,305.84,932.58,30.13,4.871942675159236,0,Cluster 0,38.72,Low Potential,Hold / Stabilize,0.0,61.06,64.28,50.0,20.65,0.806631001561397,0.7825075679122976,1
26544,Lucky Burgers Cafe,Burgers,Cafe,CBD,0.99,37.97,764,237,237,132,158,8998.89,8998.89,5012.04,5999.26,0.250163233075291,0.400088280905038,0.32,13,3.84,606.72,3147.35,267.7,149.1,1491.51,0.45,0.45,0.25,0.3,29009.08,5055.66,0.17427853623761938,-0.010000000000000009,0.7,527,0.6897905759162304,0.650251513980329,9.43993670886076,416.79999999999995,756.36,37.97,6.617356020942408,0,Cluster 0,39.58,Low Potential,Hold / Stabilize,0.0,65.11,53.81,50.0,33.64,0.9127360366943343,0.8602832394528059,1
26467,Top Burgers Kitchen,Burgers,Ghost Kitchen,CBD,0.99,35.27,654,31,280,156,187,1093.37,9875.6,5502.12,6595.49,0.29014265530277,0.31063922084868,0.27,11,3.25,607.75,436.49,1276.11,710.97,2025.29,0.05,0.45,0.25,0.3,23066.58,4448.86,0.1928703778366797,-0.010000000000000009,0.7,623,0.9525993883792049,0.6007818761514501,10.83042780748663,1987.08,647.46,35.27,6.802538226299694,0,Cluster 0,41.24,Moderate Potential,Hold / Stabilize,0.0,67.86,64.77,50.0,25.46,-0.8798004256384372,1.529469870019197,1
26064,Lucky Burgers Grill,Burgers,Cafe,North Shore,1.03,37.53,815,173,289,160,193,6492.69,10846.17,6004.8,7243.29,0.236922437045723,0.421518147201277,0.31,4,1.18,227.74,2217.64,342.3,189.51,2246.27,0.27,0.45,0.25,0.3,30586.95,4995.719999999999,0.16332847832163713,0.030000000000000027,0.7,642,0.7877300613496933,0.658440584247,11.638704663212435,531.81,839.45,37.53,6.129717791411042,0,Cluster 0,55.73,Moderate Potential,Hold / Stabilize,66.67,62.98,67.59,50.0,15.31,0.27358034590604197,1.1113356051117962,1
25821,Lucky Burgers Kitchen,Burgers,Full-service,CBD,0.99,43.95,1767,604,523,291,349,26545.8,22985.85,12789.45,15338.55,0.372618224634789,0.490142874442972,0.29,18,5.31,1853.19,3643.12,-3511.34,-1953.73,251.86,0.52,0.45,0.25,0.3,77659.65,-1570.0900000000001,-0.020217577596602615,-0.010000000000000009,0.7,1163,0.6581777023203169,0.862761099077761,0.7216618911174786,-5465.07,1749.33,43.949999999999996,-0.8885625353706849,1,Cluster 1,13.84,Low Potential,Optimize,0.0,28.77,12.74,50.0,77.3,3.0687919314678234,-1.4287610907824055,0
26550,Lucky Burgers House,Burgers,Ghost Kitchen,South Auckland,1.05,36.91,1669,109,702,390,468,4023.19,25910.82,14394.9,17273.88,0.292186635581311,0.200301467615645,0.27,18,5.31,2485.08,2041.82,6154.13,3418.96,6281.62,0.07,0.45,0.25,0.3,61602.78999999999,17896.53,0.2905149263531733,0.050000000000000044,0.7,1560,0.9346914319952067,0.492488103196956,13.422264957264957,9573.09,1752.45,36.91,10.722905931695625,0,Cluster 0,79.65,High Potential,Hold / Stabilize,100.0,86.31,69.81,50.0,77.4,-0.9494838867371003,2.5290594668541404,1
25461,Urban Burgers Bistro,Burgers,Ghost Kitchen,CBD,0.99,43.34,1312,85,552,307,368,3683.9,23923.68,13305.38,15949.12,0.272898288373835,0.28623418204952,0.32,11,3.25,1196.0,1624.11,2891.6,1608.19,5835.45,0.07,0.45,0.25,0.3,56862.08,11959.349999999999,0.2103220634911702,-0.010000000000000009,0.7,1227,0.9352134146341463,0.559132470423355,15.857201086956522,4499.79,1298.8799999999999,43.34,9.115358231707315,0,Cluster 0,47.04,Moderate Potential,Hold / Stabilize,0.0,73.34,71.19,50.0,46.45,-0.7225457558163033,1.905231394140227,1
26553,Top Burgers Eatery,Burgers,Cafe,CBD,0.99,39.57,1278,287,446,248,297,11356.59,17648.22,9813.36,11752.29,0.229424154255539,0.43789301731158,0.33,6,1.77,525.69,3778.14,47.35,26.33,3384.1,0.29,0.45,0.25,0.3,50570.46,7235.92,0.143085904300653,-0.010000000000000009,0.7,991,0.7754303599374022,0.667317171567119,11.394276094276094,73.68,1265.22,39.57,5.661909233176839,0,Cluster 0,40.04,Moderate Potential,Hold / Stabilize,0.0,59.62,62.89,50.0,33.7,0.6776809774154907,0.869864224574477,1
26634,King Burgers Eatery,Burgers,Full-service,North Shore,1.03,43.9,1343,397,426,236,284,17428.3,18701.4,10360.4,12467.6,0.376072446699254,0.475723231676966,0.28,3,0.89,252.76,2582.95,-2464.76,-1365.46,1594.99,0.42,0.45,0.25,0.3,58957.7,347.7199999999996,0.005897787735953058,0.030000000000000027,0.7,946,0.7043931496649293,0.85179567837622,5.616161971830986,-3830.2200000000003,1383.29,43.9,0.2589128816083392,1,Cluster 1,45.09,Moderate Potential,Rebalance Channels,66.67,33.84,39.43,50.0,30.5,2.2892746258497954,-0.8766640448899092,0
26191,Urban Burgers Diner,Burgers,QSR,CBD,0.99,30.26,1335,231,497,276,331,6990.06,15039.22,8351.76,10016.06,0.256929046288133,0.400165946595371,0.33,5,1.48,489.88,2396.93,194.08,107.78,2944.68,0.21,0.45,0.25,0.3,40397.1,5643.469999999999,0.13969987944679196,-0.010000000000000009,0.7,1104,0.8269662921348314,0.657094992883504,8.89631419939577,301.86,1321.65,30.259999999999998,4.227318352059925,0,Cluster 0,40.0,Moderate Potential,Hold / Stabilize,0.0,57.22,66.1,50.0,33.19,0.4206978547837796,0.8385204769459714,1
26030,King Burgers Grill,Burgers,Cafe,West Auckland,1.04,44.95,1893,587,588,326,392,26385.65,26430.6,14653.7,17620.4,0.272363112736493,0.42031517776195,0.3,7,2.07,811.44,8108.88,193.52,107.29,4603.69,0.45,0.45,0.25,0.3,85090.35,13013.380000000001,0.15293602623564248,0.040000000000000036,0.7,1306,0.6899101954569467,0.692678290498443,11.744107142857143,300.81,1968.72,44.95,6.8744743792921295,0,Cluster 0,64.24,High Potential,Hold / Stabilize,83.33,62.58,57.28,50.0,58.7,1.656115015937057,0.7046567306311621,1
25709,Urban Burgers House,Burgers,QSR,West Auckland,1.04,34.47,1194,261,420,233,280,8996.67,14477.4,8031.51,9651.6,0.264220881983638,0.392079221224412,0.29,13,3.84,1075.2,3092.15,777.43,431.29,2242.05,0.28,0.45,0.25,0.3,41157.18,6542.92,0.15897396274477504,0.040000000000000036,0.7,933,0.7814070351758794,0.65630010320805,8.00732142857143,1208.72,1241.76,34.47,5.479832495812396,0,Cluster 0,61.68,High Potential,Hold / Stabilize,83.33,61.51,52.88,50.0,49.28,0.5704258349400045,0.9041326962638595,1
25629,Urban Burgers Eatery,Burgers,Cafe,North Shore,1.03,31.54,1028,272,340,189,227,8578.88,10723.6,5961.06,7159.58,0.237896356582642,0.370157764805481,0.32,17,5.02,1139.54,3362.46,771.52,428.87,1666.63,0.36,0.45,0.25,0.3,32423.120000000003,6229.48,0.19213080049051415,0.030000000000000027,0.7,756,0.7354085603112841,0.608054121388123,7.341982378854626,1200.3899999999999,1058.84,31.540000000000003,6.059805447470817,0,Cluster 0,59.49,Moderate Potential,Hold / Stabilize,66.67,66.76,53.64,50.0,52.72,0.5325466990261589,1.1750544454467067,1
26113,Classic Burgers Tavern,Burgers,Cafe,South Auckland,1.05,38.68,1118,295,370,206,247,11410.6,14311.6,7968.08,9553.96,0.247202175743878,0.357885528006591,0.28,14,4.13,1020.11,4506.19,1644.58,915.63,2752.87,0.36,0.45,0.25,0.3,43244.24,9819.27,0.22706538489287825,0.050000000000000044,0.7,823,0.7361359570661896,0.605087703750469,11.145222672064778,2560.21,1173.9,38.68,8.78288908765653,0,Cluster 0,70.53,High Potential,Hold / Stabilize,100.0,75.15,59.13,50.0,49.42,0.4329326032897964,1.5136238436912939,1
25548,King Burgers Eatery,Burgers,Full-service,CBD,0.99,42.37,1039,275,344,191,229,11651.75,14575.28,8092.67,9702.73,0.398462304950226,0.525687976041809,0.3,14,4.13,945.77,883.78,-3267.05,-1813.97,-209.82,0.36,0.45,0.25,0.3,44022.42999999999,-4407.06,-0.10010942149263458,-0.010000000000000009,0.7,764,0.7353224254090471,0.924150280992035,-0.9162445414847161,-5081.02,1028.61,42.36999999999999,-4.241636188642926,1,Cluster 1,4.57,Low Potential,Optimize,0.0,13.48,9.95,50.0,44.74,2.5377565262589123,-1.957357861358721,0
26562,Top Burgers House,Burgers,QSR,South Auckland,1.05,40.77,530,95,196,109,130,3873.15,7990.92,4443.93,5300.1,0.271988562624902,0.414969183690846,0.32,7,2.07,269.1,1212.46,-55.6,-30.92,1390.06,0.22,0.45,0.25,0.3,21608.1,2516.0,0.11643781729999399,0.050000000000000044,0.7,435,0.8207547169811321,0.686957746315748,10.69276923076923,-86.52000000000001,556.5,40.769999999999996,4.747169811320755,0,Cluster 0,59.81,Moderate Potential,Rebalance Channels,100.0,54.79,58.16,50.0,13.2,0.17564246396891262,0.7903740361769532,1
26682,King Burgers House,Burgers,Cafe,CBD,0.99,37.19,1487,393,492,274,328,14615.67,18297.48,10190.06,12198.32,0.26696758216247,0.434124010475352,0.3,15,4.43,1453.04,4368.75,-19.97,-11.12,2193.14,0.36,0.45,0.25,0.3,55301.53,6530.799999999999,0.1180943818371752,-0.010000000000000009,0.7,1094,0.7357094821788837,0.7010915926378221,6.6864024390243895,-31.089999999999996,1472.1299999999999,37.19,4.391930060524546,0,Cluster 0,38.87,Low Potential,Rebalance Channels,0.0,54.54,42.63,50.0,61.37,1.3113862603247117,0.31078544251198936,1
25835,Top Burgers House,Burgers,Full-service,West Auckland,1.04,32.7,1247,336,410,228,273,10987.2,13407.0,7455.6,8927.1,0.392805652704556,0.510969362407923,0.29,16,4.72,1288.56,1057.24,-2597.94,-1444.71,-429.55,0.37,0.45,0.25,0.3,40776.9,-3414.96,-0.08374741581630776,0.040000000000000036,0.7,911,0.7305533279871692,0.903775015112479,-1.5734432234432234,-4042.65,1296.88,32.7,-2.738540497193264,1,Cluster 1,28.42,Low Potential,Optimize,83.33,17.72,9.75,50.0,58.05,2.6024130253264723,-1.8585351417695617,0
25472,Urban Burgers Eatery,Burgers,Full-service,West Auckland,1.04,41.22,1904,667,557,309,371,27493.74,22959.54,12736.98,15292.62,0.399503626895603,0.522762945154682,0.31,15,4.43,1643.53,2137.18,-5332.73,-2958.37,-454.78,0.54,0.45,0.25,0.3,78482.87999999999,-6608.7,-0.08420562548163371,0.040000000000000036,0.7,1237,0.6496848739495799,0.922266572050285,-1.225822102425876,-8291.099999999999,1980.16,41.21999999999999,-3.470955882352941,1,Cluster 1,30.87,Low Potential,Optimize,83.33,16.67,8.54,50.0,77.74,3.6129672550725753,-2.0257693019326894,0
26565,King Burgers Cafe,Burgers,Cafe,West Auckland,1.04,36.36,892,250,289,160,193,9090.0,10508.04,5817.6,7017.48,0.201447498872876,0.406881635729223,0.31,12,3.54,683.22,3560.29,858.2,475.13,2065.32,0.39,0.45,0.25,0.3,32433.12,6958.9400000000005,0.21456276793598644,0.040000000000000036,0.7,642,0.7197309417040358,0.6083291346020989,10.701139896373057,1333.33,927.6800000000001,36.36,7.801502242152467,0,Cluster 0,64.28,High Potential,Hold / Stabilize,83.33,72.14,61.97,50.0,36.82,0.4632455436707287,1.4447862780518645,1
25353,King Burgers Grill,Burgers,Cafe,CBD,0.99,36.75,616,169,201,112,134,6210.75,7386.75,4116.0,4924.5,0.203970046825707,0.40808353566099,0.32,9,2.66,356.44,2409.44,501.9,279.67,1554.0,0.38,0.45,0.25,0.3,22638.0,4745.01,0.20960376358335542,-0.010000000000000009,0.7,447,0.7256493506493507,0.612053582486697,11.597014925373134,781.5699999999999,609.84,36.75,7.702938311688312,0,Cluster 0,41.55,Moderate Potential,Hold / Stabilize,0.0,71.34,66.37,50.0,19.58,0.30456986996170715,1.3870481079541102,1
25515,King Burgers House,Burgers,Full-service,South Auckland,1.05,43.36,2194,731,658,366,439,31696.16,28530.88,15869.76,19035.04,0.369602838286664,0.490447119437158,0.31,3,0.89,390.71,4435.88,-4851.67,-2698.65,2273.24,0.5,0.45,0.25,0.3,95131.84,-841.2000000000003,-0.008842465361754806,0.050000000000000044,0.7,1463,0.6668185961713765,0.8600499577238221,5.178223234624145,-7550.32,2303.7000000000003,43.36,-0.38340929808568835,1,Cluster 1,41.9,Moderate Potential,Optimize,100.0,30.99,38.15,50.0,60.16,3.095157844276463,-1.0768139933883427,0
26121,Top Burgers Cafe,Burgers,QSR,North Shore,1.03,39.09,1033,186,381,212,254,7270.74,14893.29,8287.08,9928.86,0.203553366139531,0.365151353762485,0.31,9,2.66,675.64,3135.84,1806.49,1005.18,3606.63,0.22,0.45,0.25,0.3,40379.97,9554.14,0.23660592120301227,0.030000000000000027,0.7,847,0.8199419167473379,0.568704719902016,14.199330708661417,2811.67,1063.99,39.09,9.248925459825749,0,Cluster 0,63.17,High Potential,Hold / Stabilize,66.67,77.06,73.05,50.0,34.22,-0.34265858905105245,1.9640805592522665,1
26042,Urban Burgers Tavern,Burgers,Full-service,South Auckland,1.05,31.66,604,169,196,109,130,5350.54,6205.36,3450.94,4115.8,0.387936294206884,0.465761834406294,0.29,4,1.18,153.4,782.79,-891.7,-495.89,448.75,0.39,0.45,0.25,0.3,19122.64,-156.05000000000007,-0.00816048411725578,0.050000000000000044,0.7,435,0.7201986754966887,0.853698128613178,3.451923076923077,-1387.5900000000001,634.2,31.66,-0.258360927152318,1,Cluster 1,34.12,Low Potential,Optimize,100.0,31.25,37.49,50.0,8.7,1.9021669811675304,-1.048235776426123,0
26531,Classic Burgers Grill,Burgers,Full-service,North Shore,1.03,33.65,2229,781,652,362,434,26280.65,21939.8,12181.3,14604.1,0.364005263929721,0.480285178474151,0.31,4,1.18,512.12,4092.15,-3385.1,-1879.46,1761.88,0.54,0.45,0.25,0.3,75005.85,589.4700000000003,0.00785898699901408,0.030000000000000027,0.7,1448,0.6496186630776133,0.844290442403872,4.0596313364055305,-5264.5599999999995,2295.87,33.650000000000006,0.2644549125168238,1,Cluster 1,49.82,Moderate Potential,Rebalance Channels,66.67,34.11,38.94,50.0,62.24,3.210594915057364,-1.116902967910735,0
26046,King Burgers Eatery,Burgers,QSR,West Auckland,1.04,36.88,1752,372,621,345,414,13719.36,22902.48,12723.6,15268.32,0.214621344208717,0.352614082256332,0.32,13,3.84,1589.76,5937.25,2582.59,1434.77,5017.83,0.27,0.45,0.25,0.3,64613.759999999995,14972.44,0.23172215949048627,0.040000000000000036,0.7,1380,0.7876712328767124,0.567235426465049,12.120362318840579,4017.36,1822.0800000000002,36.879999999999995,8.545913242009133,0,Cluster 0,70.71,High Potential,Hold / Stabilize,83.33,75.45,66.6,50.0,67.98,0.252354631951896,1.7895160499980527,1
25480,Urban Burgers Eatery,Burgers,Full-service,CBD,0.99,31.8,917,280,287,159,191,8904.0,9126.6,5056.2,6073.8,0.352518945711199,0.532947250339203,0.29,15,4.43,846.13,1019.81,-1601.41,-887.19,-150.47,0.44,0.45,0.25,0.3,29160.6,-1619.2600000000002,-0.0555290357537225,-0.010000000000000009,0.7,637,0.6946564885496184,0.885466196050402,-0.7878010471204189,-2488.6000000000004,907.83,31.799999999999997,-1.7658233369683753,1,Cluster 1,7.53,Low Potential,Optimize,0.0,22.83,14.21,50.0,43.18,2.546809431769973,-1.706672291368462,0
25239,Top Burgers House,Burgers,QSR,South Auckland,1.05,37.51,1410,263,516,287,344,9865.13,19355.16,10765.37,12903.44,0.203787863515317,0.391328164888546,0.33,10,2.95,1014.8,3994.23,1449.39,806.15,4209.6,0.23,0.45,0.25,0.3,52889.100000000006,10459.369999999999,0.19776040809921133,0.050000000000000044,0.7,1147,0.8134751773049645,0.595116028403863,12.237209302325583,2255.54,1480.5,37.510000000000005,7.417992907801418,0,Cluster 0,70.8,High Potential,Hold / Stabilize,100.0,69.36,67.34,50.0,49.97,0.1012342901133712,1.6040508514080865,1
25846,Classic Burgers Tavern,Burgers,QSR,South Auckland,1.05,47.16,1190,274,412,229,275,12921.84,19429.92,10799.64,12969.0,0.212298370189965,0.353666315111332,0.28,6,1.77,486.75,5608.53,2992.89,1663.53,5142.25,0.3,0.45,0.25,0.3,56120.399999999994,15407.2,0.27453831405335677,0.050000000000000044,0.7,916,0.7697478991596639,0.565964685301297,18.69909090909091,4656.42,1249.5,47.16,12.947226890756303,0,Cluster 0,74.97,High Potential,Hold / Stabilize,100.0,87.17,78.51,50.0,33.19,-0.1195355568046124,2.2538702009429934,1
26615,Lucky Burgers Kitchen,Burgers,Ghost Kitchen,North Shore,1.03,42.6,1391,66,596,331,398,2811.6,25389.6,14100.6,16954.8,0.253053117392119,0.244501442066394,0.3,3,0.89,354.22,1412.68,5140.01,2854.6,8164.64,0.05,0.45,0.25,0.3,59256.59999999999,17571.93,0.29653962596571526,0.030000000000000027,0.7,1325,0.9525521207764198,0.497554559458513,20.514170854271356,7994.610000000001,1432.73,42.599999999999994,12.632588066139467,0,Cluster 0,70.21,High Potential,Hold / Stabilize,66.67,89.7,94.03,50.0,32.1,-1.2659981081900997,2.8421487119213933,1
25121,Top Burgers Eatery,Burgers,Full-service,South Auckland,1.05,32.36,2057,533,686,381,457,17247.88,22198.96,12329.16,14788.52,0.380920616758522,0.516802579420619,0.32,15,4.43,2024.51,1764.06,-4833.23,-2684.34,-511.99,0.35,0.45,0.25,0.3,66564.52,-6265.5,-0.09412672096185776,0.050000000000000044,0.7,1524,0.7408847836655323,0.897723196179141,-1.120328227571116,-7517.57,2159.85,32.36,-3.045940690325717,1,Cluster 1,36.47,Low Potential,Optimize,100.0,15.9,12.33,50.0,83.53,2.9381286355286633,-1.8652032668737564,0
25242,Urban Burgers Grill,Burgers,Full-service,South Auckland,1.05,40.49,1561,506,475,264,316,20487.94,19232.75,10689.36,12794.84,0.390296198741999,0.518385925423354,0.29,13,3.84,1213.44,1870.92,-3821.2,-2123.78,-45.04,0.48,0.45,0.25,0.3,63204.89,-4119.1,-0.06517059044007513,0.050000000000000044,0.7,1055,0.6758488148622678,0.9086821241653531,-0.14253164556962025,-5944.98,1639.0500000000002,40.49,-2.6387572069186422,1,Cluster 1,34.69,Low Potential,Optimize,100.0,20.35,13.97,50.0,62.08,3.098134689711855,-1.747868108254777,0
26496,King Burgers Tavern,Burgers,Full-service,North Shore,1.03,42.42,1473,464,454,252,303,19682.88,19258.68,10689.84,12853.26,0.384389365266543,0.455317755485885,0.28,11,3.25,984.75,3155.03,-2305.4,-1279.65,1075.54,0.46,0.45,0.25,0.3,62484.659999999996,645.52,0.010330855605199741,0.030000000000000027,0.7,1009,0.6849966055668704,0.839707120752428,3.5496369636963694,-3585.05,1517.19,42.419999999999995,0.438234894772573,1,Cluster 1,46.45,Moderate Potential,Rebalance Channels,66.67,34.68,27.94,50.0,53.49,2.4934062405782456,-0.967079243809471,0
25972,Top Burgers Diner,Burgers,QSR,West Auckland,1.04,36.51,1190,245,425,236,284,8944.95,15516.75,8616.36,10368.84,0.243372947108001,0.403086853749119,0.31,5,1.48,420.32,3162.4,675.6,375.16,3245.48,0.26,0.45,0.25,0.3,43446.899999999994,7458.639999999999,0.17167254740844573,0.040000000000000036,0.7,945,0.7941176470588235,0.6464598008571201,11.427746478873239,1050.76,1237.6000000000001,36.51,6.267764705882352,0,Cluster 0,62.52,High Potential,Hold / Stabilize,83.33,64.29,67.74,50.0,30.48,0.3695942997975366,1.1877835755409258,1
26094,Classic Burgers House,Burgers,QSR,South Auckland,1.05,35.24,1109,249,387,215,258,8774.76,13637.88,7576.6,9091.92,0.272624118216336,0.376150059769861,0.27,14,4.13,1065.54,3081.92,1107.75,615.42,2127.78,0.29,0.45,0.25,0.3,39081.159999999996,6932.870000000001,0.1773967302915267,0.050000000000000044,0.7,860,0.7754733994589721,0.648774177986197,8.247209302325583,1723.17,1164.45,35.239999999999995,6.2514607754734,0,Cluster 0,66.61,High Potential,Hold / Stabilize,100.0,65.04,52.4,50.0,49.12,0.48969947482573867,1.0340658692138116,1
26579,Top Burgers House,Burgers,QSR,CBD,0.99,37.09,1279,213,480,266,320,7900.17,17803.2,9865.94,11868.8,0.269427785519511,0.447769112372771,0.3,18,5.31,1699.2,2234.19,-306.16,-169.66,1657.33,0.2,0.45,0.25,0.3,47438.11,3415.7,0.07200329018167038,-0.010000000000000009,0.7,1066,0.8334636434714621,0.717196897892282,5.17915625,-475.82000000000005,1266.21,37.09,2.6706020328381546,0,Cluster 0,35.3,Low Potential,Rebalance Channels,0.0,46.0,35.17,50.0,61.73,0.797067542502958,0.11256169692202501,1
26499,King Burgers Bistro,Burgers,Full-service,North Shore,1.03,43.77,1362,360,451,250,301,15757.2,19740.27,10942.5,13174.77,0.398786766186822,0.541071644704789,0.29,5,1.48,445.48,947.66,-4537.47,-2515.23,346.87,0.36,0.45,0.25,0.3,59614.740000000005,-5758.170000000001,-0.09658970247962166,0.030000000000000027,0.7,1002,0.73568281938326,0.939858410891611,1.1523920265780732,-7052.700000000001,1402.8600000000001,43.77,-4.2277312775330405,1,Cluster 1,22.53,Low Potential,Optimize,66.67,13.97,22.52,50.0,35.8,2.7033682522923286,-1.839326658123162,0
26421,Classic Burgers Kitchen,Burgers,Full-service,South Auckland,1.05,44.6,782,211,257,143,171,9410.6,11462.2,6377.8,7626.6,0.357330623781309,0.453170109260827,0.32,16,4.72,807.12,1783.3,-1495.83,-832.31,638.12,0.37,0.45,0.25,0.3,34877.200000000004,93.28000000000009,0.0026745266248437397,0.050000000000000044,0.7,571,0.7301790281329923,0.810500733042136,3.7316959064327486,-2328.14,821.1,44.60000000000001,0.1192838874680308,1,Cluster 1,52.04,Moderate Potential,Rebalance Channels,100.0,33.22,24.13,50.0,42.72,1.7028243905687743,-0.7167427852824354,0
26584,Urban Burgers Corner,Burgers,QSR,CBD,0.99,34.04,1848,404,650,361,433,13752.16,22126.0,12288.44,14739.32,0.237446340378374,0.429754122323357,0.3,12,3.54,1532.82,4576.71,725.72,403.06,3372.42,0.28,0.45,0.25,0.3,62905.920000000006,9077.91,0.14430931142887662,-0.010000000000000009,0.7,1444,0.7813852813852814,0.6672004627017311,7.788498845265589,1128.78,1829.52,34.040000000000006,4.912288961038961,0,Cluster 0,42.65,Moderate Potential,Hold / Stabilize,0.0,58.77,52.89,50.0,65.88,0.9863937508435481,0.6988804871953078,1
25816,King Burgers Bistro,Burgers,QSR,South Auckland,1.05,42.63,1180,258,415,230,277,10998.54,17691.45,9804.9,11808.51,0.221569500248879,0.433779739751481,0.31,6,1.77,490.29,3790.66,613.02,339.75,3579.52,0.28,0.45,0.25,0.3,50303.4,8322.95,0.1654550189450415,0.050000000000000044,0.7,922,0.7813559322033898,0.65534924000036,12.92245487364621,952.77,1239.0,42.63,7.053347457627119,0,Cluster 0,66.5,High Potential,Hold / Stabilize,100.0,64.51,64.73,50.0,32.86,0.45834554217459,1.198812936557994,1
25937,King Burgers Bistro,Burgers,Cafe,CBD,0.99,37.94,1145,290,385,214,256,11002.6,14606.9,8119.16,9712.64,0.219882669001818,0.408589818095788,0.28,16,4.72,1208.32,4087.77,1336.93,743.13,2400.19,0.34,0.45,0.25,0.3,43441.3,8568.02,0.1972321270311892,-0.010000000000000009,0.7,855,0.7467248908296943,0.628472487097606,9.3757421875,2080.06,1133.55,37.940000000000005,7.482986899563319,0,Cluster 0,43.2,Moderate Potential,Hold / Stabilize,0.0,69.37,52.19,50.0,52.79,0.5559116680366024,1.159671068682021,1
26299,King Burgers Eatery,Burgers,Full-service,South Auckland,1.05,43.03,1673,469,542,301,361,20181.07,23322.26,12952.03,15533.83,0.392292053031269,0.496667760517448,0.28,10,2.95,1064.95,2240.91,-3940.52,-2188.37,659.93,0.39,0.45,0.25,0.3,71989.19,-3228.05,-0.04484076011967908,0.050000000000000044,0.7,1204,0.7196652719665272,0.888959813548717,1.8280609418282547,-6128.889999999999,1756.65,43.03,-1.929497907949791,1,Cluster 1,36.75,Low Potential,Optimize,100.0,24.05,22.05,50.0,58.87,2.662607831763236,-1.3984786566871947,0
26022,Lucky Burgers House,Burgers,Full-service,CBD,0.99,32.09,708,245,208,116,139,7862.05,6674.72,3722.44,4460.51,0.364883194654249,0.470524621219374,0.33,13,3.84,533.76,1294.03,-1104.05,-615.72,200.41,0.53,0.45,0.25,0.3,22719.72,-225.33,-0.009917815888576091,-0.010000000000000009,0.7,463,0.653954802259887,0.835407815873623,1.441798561151079,-1719.77,700.92,32.09,-0.3182627118644068,1,Cluster 1,10.06,Low Potential,Optimize,0.0,30.93,25.27,50.0,31.85,2.453832711534892,-1.2757435542293711,0
25537,Lucky Burgers Bistro,Burgers,Cafe,West Auckland,1.04,33.6,2023,478,695,386,464,16060.8,23352.0,12969.6,15590.4,0.237761562708765,0.352279457473196,0.29,8,2.36,1095.04,6584.27,2801.28,1555.82,5296.38,0.31,0.45,0.25,0.3,67972.8,16237.75,0.23888599557470047,0.040000000000000036,0.7,1545,0.7637172516065249,0.590041020181961,11.414612068965518,4357.1,2103.92,33.6,8.026569451309935,0,Cluster 0,71.36,High Potential,Hold / Stabilize,83.33,75.72,71.46,50.0,65.39,0.6166628303927703,1.6554119534209102,1
26386,Lucky Burgers Grill,Burgers,QSR,CBD,0.99,40.93,531,122,184,102,123,4993.46,7531.12,4174.86,5034.39,0.207575804181397,0.392601751745678,0.28,9,2.66,327.18,1996.5,902.4,500.24,1685.68,0.3,0.45,0.25,0.3,21733.829999999998,5084.820000000001,0.23395876382579606,-0.010000000000000009,0.7,409,0.7702448210922788,0.600177555927075,13.704715447154472,1402.6399999999999,525.6899999999999,40.93,9.575932203389831,0,Cluster 0,42.96,Moderate Potential,Hold / Stabilize,0.0,77.15,68.2,50.0,16.87,-0.16675661024026248,1.6978445126448936,1
26349,King Burgers House,Burgers,Cafe,South Auckland,1.05,43.51,1561,469,491,273,328,20406.19,21363.41,11878.23,14271.28,0.2221803567186,0.381613180157728,0.32,9,2.66,872.48,8085.06,1628.03,905.2,4781.89,0.43,0.45,0.25,0.3,67919.11,15400.18,0.22674295938212383,0.050000000000000044,0.7,1092,0.6995515695067265,0.603793536876328,14.57893292682927,2533.23,1639.0500000000002,43.51,9.865586162716207,0,Cluster 0,73.08,High Potential,Hold / Stabilize,100.0,76.57,67.64,50.0,52.75,0.8662207714155371,1.586695562136532,1
26592,Top Burgers Tavern,Burgers,Ghost Kitchen,West Auckland,1.04,40.65,998,65,420,233,280,2642.25,17073.0,9471.45,11382.0,0.254982054687571,0.301066610391717,0.28,15,4.43,1240.4,1173.03,2799.14,1552.86,3812.65,0.07,0.45,0.25,0.3,40568.7,9337.68,0.23016956422069232,0.040000000000000036,0.7,933,0.9348697394789579,0.556048665079288,13.616607142857143,4352.0,1037.92,40.65,9.356392785571142,0,Cluster 0,67.52,High Potential,Hold / Stabilize,83.33,76.34,64.99,50.0,47.38,-0.9274564936429573,2.043389957952069,1
26633,Classic Burgers Eatery,Burgers,Cafe,CBD,0.99,30.63,1593,338,565,314,376,10352.94,17305.95,9617.82,11516.88,0.22019971722737,0.41634623715654,0.29,5,1.48,556.48,3762.82,1271.19,706.47,3629.38,0.27,0.45,0.25,0.3,48793.59,9369.86,0.1920305515540054,-0.010000000000000009,0.7,1255,0.7878217200251099,0.63654595438391,9.652606382978723,1977.66,1577.07,30.63,5.881895794099185,0,Cluster 0,44.19,Moderate Potential,Hold / Stabilize,0.0,66.51,69.27,50.0,41.42,0.5540481150707113,1.1790400770822531,1
26309,Top Burgers Cafe,Burgers,Full-service,West Auckland,1.04,46.76,1053,295,341,190,227,13794.2,15945.16,8884.4,10614.52,0.359175120096188,0.452749521797523,0.29,4,1.18,267.86,2594.35,-1625.2,-905.54,1728.47,0.39,0.45,0.25,0.3,49238.28,1792.08,0.03639607232421604,0.040000000000000036,0.7,758,0.7198480531813866,0.8119246418937109,7.6144052863436125,-2530.74,1095.1200000000001,46.76,1.7018803418803419,1,Cluster 1,50.63,Moderate Potential,Rebalance Channels,83.33,39.9,43.93,50.0,23.55,1.7741553027178028,-0.41988496812217263,0
25018,Lucky Burgers House,Burgers,QSR,West Auckland,1.04,31.81,1329,282,471,262,314,8970.42,14982.51,8334.22,9988.34,0.269880897123367,0.375582011579536,0.32,18,5.31,1667.34,3180.35,517.45,287.84,1873.9,0.27,0.45,0.25,0.3,42275.490000000005,5859.540000000001,0.13860371577005967,0.040000000000000036,0.7,1047,0.7878103837471784,0.645462908702903,5.967834394904459,805.29,1382.16,31.810000000000002,4.408984198645599,0,Cluster 0,61.73,High Potential,Hold / Stabilize,83.33,57.32,46.23,50.0,65.47,0.6446489807724991,0.7569652015979991,1
25462,Classic Burgers Grill,Burgers,Cafe,West Auckland,1.04,42.89,1191,267,416,231,277,11451.63,17842.24,9907.59,11880.53,0.265862619709224,0.3540653136326,0.3,6,1.77,490.29,4352.44,1428.67,793.32,4025.17,0.29,0.45,0.25,0.3,51081.990000000005,10599.599999999999,0.20750170461252582,0.040000000000000036,0.7,924,0.7758186397984886,0.619927933341824,14.53129963898917,2221.9900000000002,1238.64,42.89000000000001,8.899748110831233,0,Cluster 0,65.47,High Potential,Hold / Stabilize,83.33,72.67,70.19,50.0,32.84,0.2667935486408888,1.5243241918639563,1
25748,King Burgers House,Burgers,QSR,CBD,0.99,34.92,895,161,330,184,220,5622.12,11523.6,6425.28,7682.4,0.20463999202475,0.432947133923881,0.33,12,3.54,778.8,2037.53,373.51,208.26,2005.4,0.22,0.45,0.25,0.3,31253.4,4624.700000000001,0.14797430039611692,-0.010000000000000009,0.7,734,0.8201117318435754,0.637587125948631,9.115454545454545,581.77,886.05,34.92,5.167262569832403,0,Cluster 0,39.22,Low Potential,Hold / Stabilize,0.0,59.61,57.46,50.0,35.48,0.12576388570669159,1.0176492753231163,1
25586,Classic Burgers Corner,Burgers,QSR,West Auckland,1.04,32.07,874,196,305,170,203,6285.72,9781.35,5451.9,6510.21,0.271731525175273,0.447104084421881,0.31,7,2.07,420.21,1767.32,-282.05,-157.21,1410.23,0.29,0.45,0.25,0.3,28029.18,2738.29,0.09769426005327306,0.040000000000000036,0.7,678,0.7757437070938215,0.718835609597154,6.946945812807882,-439.26,908.96,32.07,3.1330549199084667,0,Cluster 0,55.19,Moderate Potential,Rebalance Channels,83.33,50.09,53.25,50.0,24.55,0.8352151040171678,0.3212627245372688,1
25668,Lucky Burgers Bistro,Burgers,QSR,CBD,0.99,42.18,644,124,234,130,156,5230.32,9870.12,5483.4,6580.08,0.271654561050236,0.408055930281989,0.33,3,0.89,138.84,1675.22,-95.84,-53.25,1968.69,0.24,0.45,0.25,0.3,27163.92,3494.82,0.1286566887253386,-0.010000000000000009,0.7,520,0.8074534161490683,0.6797104913322249,12.619807692307692,-149.09,637.56,42.18,5.4267391304347825,0,Cluster 0,36.0,Low Potential,Rebalance Channels,0.0,57.36,65.95,50.0,6.48,0.23487042645208273,0.8418682437594809,1
26127,King Burgers Cafe,Burgers,Ghost Kitchen,North Shore,1.03,45.5,1161,65,493,274,329,2957.5,22431.5,12467.0,14969.5,0.285928341536783,0.293624113139231,0.31,4,1.18,388.22,1243.47,2477.5,1376.95,5905.67,0.06,0.45,0.25,0.3,52825.5,11003.59,0.2083007259751446,0.030000000000000027,0.7,1096,0.9440137812230835,0.579552454676014,17.950364741641337,3854.45,1195.83,45.5,9.477683031869079,0,Cluster 0,62.53,High Potential,Hold / Stabilize,66.67,73.56,79.75,50.0,26.8,-0.7951606082501079,1.9743346501673187,1
26277,Classic Burgers House,Burgers,Full-service,West Auckland,1.04,42.43,1989,547,649,360,433,23209.21,27537.07,15274.8,18372.19,0.363928655453492,0.478824666119181,0.31,17,5.02,2173.66,3649.57,-4206.38,-2333.28,715.31,0.38,0.45,0.25,0.3,84393.27,-2174.78,-0.025769590395063494,0.040000000000000036,0.7,1442,0.7249874308697838,0.842753321572673,1.6519861431870668,-6539.66,2068.56,42.43,-1.0934037204625442,1,Cluster 1,36.55,Low Potential,Optimize,83.33,27.75,17.46,50.0,85.25,2.582694040647926,-1.1579008245374194,0
26359,Classic Burgers Corner,Burgers,QSR,South Auckland,1.05,46.28,1946,389,701,389,467,18002.92,32442.28,18002.92,21612.76,0.2069785749726,0.418698744033463,0.27,18,5.31,2479.77,6738.9,3384.47,1878.11,5610.38,0.25,0.45,0.25,0.3,90060.87999999999,17611.86,0.19555505120536246,0.050000000000000044,0.7,1557,0.8001027749229188,0.625677319006063,12.013661670235546,5262.58,2043.3000000000002,46.279999999999994,9.050287769784173,0,Cluster 0,73.19,High Potential,Hold / Stabilize,100.0,71.26,49.28,50.0,86.77,0.5805577004615972,1.3974888198329698,1
26279,King Burgers Diner,Burgers,QSR,West Auckland,1.04,32.93,561,101,207,115,138,3325.93,6816.51,3786.95,4544.34,0.240024389028549,0.398121363692917,0.29,15,4.43,611.34,1203.5,489.8,272.11,1033.05,0.22,0.45,0.25,0.3,18473.73,2998.46,0.16230939826445445,0.040000000000000036,0.7,460,0.8199643493761141,0.638145752721466,7.485869565217391,761.9100000000001,583.44,32.93,5.344848484848485,0,Cluster 0,59.16,Moderate Potential,Hold / Stabilize,83.33,61.78,52.34,50.0,32.73,-0.05479828266852224,1.0797633849600605,1
25673,Lucky Burgers Diner,Burgers,QSR,West Auckland,1.04,43.08,1157,253,407,226,271,10899.24,17533.56,9736.08,11674.68,0.258244108911604,0.422158598154783,0.3,16,4.72,1279.12,3483.37,343.61,190.8,2452.08,0.28,0.45,0.25,0.3,49843.560000000005,6469.860000000001,0.12980332865469482,0.040000000000000036,0.7,904,0.7813310285220397,0.680402707066387,9.048265682656826,534.4100000000001,1203.28,43.080000000000005,5.591927398444253,0,Cluster 0,59.86,Moderate Potential,Hold / Stabilize,83.33,57.73,44.18,50.0,55.04,0.6939102220663569,0.7162486489686053,1
25028,Urban Burgers Kitchen,Burgers,Cafe,CBD,0.99,35.61,1933,522,635,353,423,18588.42,22612.35,12570.33,15063.03,0.225109694935381,0.364110324322246,0.31,6,1.77,748.71,7635.75,2278.87,1266.84,5438.88,0.37,0.45,0.25,0.3,68834.13,16620.34,0.2414549294078388,-0.010000000000000009,0.7,1411,0.7299534402483187,0.589220019257627,12.857872340425532,3545.71,1913.67,35.61,8.59821003621314,0,Cluster 0,49.88,Moderate Potential,Hold / Stabilize,0.0,76.83,74.92,50.0,54.59,0.7719849008031554,1.6095216541174542,1
26120,Urban Burgers Kitchen,Burgers,Cafe,South Auckland,1.05,42.66,956,220,331,184,221,9385.2,14120.46,7849.44,9427.86,0.210449503902346,0.3555563315982,0.28,12,3.54,782.34,4073.12,2174.47,1208.77,3309.3,0.3,0.45,0.25,0.3,40782.96,10765.66,0.26397446384470374,0.050000000000000044,0.7,736,0.7698744769874477,0.566005835500546,14.97420814479638,3383.24,1003.8000000000001,42.66,11.261150627615063,0,Cluster 0,72.96,High Potential,Hold / Stabilize,100.0,83.47,68.49,50.0,39.28,-0.1646340256348057,2.077114021706816,1
25798,Top Burgers Tavern,Burgers,QSR,West Auckland,1.04,46.45,1520,332,535,297,356,15421.4,24850.75,13795.65,16536.2,0.273251890223473,0.420943902456202,0.27,7,2.07,736.92,4715.93,889.76,493.94,4319.92,0.28,0.45,0.25,0.3,70604.0,10419.55,0.14757733272902385,0.040000000000000036,0.7,1188,0.781578947368421,0.694195792679675,12.134606741573034,1383.7,1580.8,46.45,6.854967105263158,0,Cluster 0,62.13,High Potential,Hold / Stabilize,83.33,61.84,57.05,50.0,46.2,0.8393071328783624,0.8614665585620225,1
26404,Top Burgers Eatery,Burgers,Cafe,West Auckland,1.04,45.98,1403,386,458,254,305,17748.28,21058.84,11678.92,14023.9,0.21447697095573,0.351445858273655,0.33,15,4.43,1351.15,7704.12,2191.74,1215.51,4736.3,0.38,0.45,0.25,0.3,64509.939999999995,15847.670000000002,0.24566245139896276,0.040000000000000036,0.7,1017,0.7248752672843906,0.565922829229385,15.528852459016393,3407.25,1459.1200000000001,45.98,11.295559515324307,0,Cluster 0,70.43,High Potential,Hold / Stabilize,83.33,81.05,63.47,50.0,60.95,0.41291397257336276,1.8759741333609705,1
25354,Classic Burgers Diner,Burgers,QSR,CBD,0.99,36.87,1558,301,566,314,377,11097.87,20868.42,11577.18,13899.99,0.238315882049501,0.421141669014469,0.28,4,1.18,444.86,3779.3,1263.43,700.91,4288.68,0.24,0.45,0.25,0.3,57443.46,10032.32,0.1746468614529835,-0.010000000000000009,0.7,1257,0.806803594351733,0.65945755106397,11.37580901856764,1964.3400000000001,1542.42,36.87,6.439229781771502,0,Cluster 0,42.91,Moderate Potential,Hold / Stabilize,0.0,64.92,67.43,50.0,37.97,0.5307919471493516,1.0800173793603067,1
25437,King Burgers Corner,Burgers,QSR,CBD,0.99,43.71,1707,307,630,350,420,13418.97,27537.3,15298.5,18358.2,0.211043594963849,0.405638395482674,0.31,11,3.25,1365.0,5143.73,2018.98,1121.66,5672.03,0.22,0.45,0.25,0.3,74612.97,13956.399999999998,0.18705058919380904,-0.010000000000000009,0.7,1400,0.8201523140011716,0.616681990446523,13.504833333333332,3140.6400000000003,1689.93,43.71,8.175981253661393,0,Cluster 0,46.06,Moderate Potential,Hold / Stabilize,0.0,68.94,62.32,50.0,59.05,0.31925862845920605,1.4009578807464094,1
25681,Top Burgers Grill,Burgers,Full-service,North Shore,1.03,37.76,1299,450,382,212,255,16992.0,14424.32,8005.12,9628.8,0.39625162628945,0.498289342387579,0.31,18,5.31,1354.05,1791.96,-2950.36,-1637.37,-338.61,0.53,0.45,0.25,0.3,49050.240000000005,-3134.38,-0.0639014202580864,0.030000000000000027,0.7,849,0.6535796766743649,0.8945409686770289,-1.3278823529411765,-4587.73,1337.97,37.760000000000005,-2.4129176289453427,1,Cluster 1,25.55,Low Potential,Optimize,66.67,20.83,7.84,50.0,64.04,3.131684461520719,-1.839055380364591,0
25642,Classic Burgers Kitchen,Burgers,Full-service,North Shore,1.03,40.81,1393,425,436,242,290,17344.25,17793.16,9876.02,11834.9,0.397319778020028,0.511895335954614,0.28,4,1.18,342.2,1574.6,-3366.73,-1868.69,732.23,0.44,0.45,0.25,0.3,56848.33000000001,-2928.59,-0.051515849278246165,0.030000000000000027,0.7,968,0.6949030868628858,0.909215113974642,2.5249310344827585,-5235.42,1434.79,40.81000000000001,-2.102361809045226,1,Cluster 1,25.86,Low Potential,Optimize,66.67,22.92,28.94,50.0,34.5,2.791332522696484,-1.5547780794600705,0
25871,Urban Burgers Cafe,Burgers,QSR,West Auckland,1.04,33.42,1350,287,478,266,319,9591.54,15974.76,8889.72,10660.98,0.200827288627625,0.383602184802294,0.29,18,5.31,1693.89,3985.96,2005.96,1116.29,2736.5,0.27,0.45,0.25,0.3,45117.0,9844.71,0.21820400292572642,0.040000000000000036,0.7,1063,0.7874074074074074,0.584429473429919,8.578369905956112,3122.25,1404.0,33.42,7.292377777777777,0,Cluster 0,67.37,High Potential,Hold / Stabilize,83.33,71.94,55.64,50.0,66.17,0.18300948802411363,1.557877260039704,1
26170,King Burgers House,Burgers,Ghost Kitchen,West Auckland,1.04,41.0,889,25,389,216,259,1025.0,15949.0,8856.0,10619.0,0.288388713414315,0.263804073026404,0.28,11,3.25,841.75,459.0,2676.36,1486.1,3913.51,0.03,0.45,0.25,0.3,36449.0,8534.970000000001,0.23416197975253097,0.040000000000000036,0.7,864,0.9718785151856018,0.552192786440719,15.11007722007722,4162.46,924.5600000000001,41.0,9.60064116985377,0,Cluster 0,67.25,High Potential,Hold / Stabilize,83.33,77.21,72.26,50.0,34.39,-1.1703833026651473,2.1480627429352928,1
26534,Lucky Burgers House,Burgers,Cafe,West Auckland,1.04,44.79,2103,590,681,378,454,26426.1,30501.99,16930.62,20334.66,0.245683661978692,0.435131373698823,0.28,8,2.36,1071.44,8434.81,1195.22,663.43,5419.08,0.39,0.45,0.25,0.3,94193.37,15712.539999999999,0.16681152824238055,0.040000000000000036,0.7,1513,0.7194484070375654,0.680815035677515,11.936299559471365,1858.65,2187.12,44.79,7.471488349976224,0,Cluster 0,66.35,High Potential,Hold / Stabilize,83.33,65.26,57.47,50.0,68.07,1.4545566090074198,0.8908329733533678,1
25968,Lucky Burgers House,Burgers,QSR,North Shore,1.03,37.17,1605,300,587,326,392,11151.0,21818.79,12117.42,14570.64,0.214260496068746,0.439951508818194,0.29,13,3.84,1505.28,3855.88,1217.23,676.01,3533.07,0.23,0.45,0.25,0.3,59657.85,9282.19,0.15559042104266246,0.030000000000000027,0.7,1305,0.8130841121495327,0.65421200488694,9.012933673469389,1893.24,1653.15,37.17,5.783295950155764,0,Cluster 0,59.55,Moderate Potential,Hold / Stabilize,66.67,61.47,53.2,50.0,62.53,0.5689401834868163,0.9936367956798104,1
25566,Top Burgers Cafe,Burgers,Full-service,CBD,0.99,38.56,1376,452,416,231,277,17429.12,16040.96,8907.36,10681.12,0.393109111045487,0.475082363607362,0.3,7,2.07,573.39,2297.31,-2697.95,-1498.14,834.47,0.49,0.45,0.25,0.3,53058.560000000005,-1064.31,-0.02005915727829779,-0.010000000000000009,0.7,924,0.6715116279069767,0.868191474652849,3.0125270758122746,-4196.09,1362.24,38.56,-0.7734811046511627,1,Cluster 1,11.66,Low Potential,Optimize,0.0,28.95,30.23,50.0,39.16,2.7559897766768873,-1.3578471533069152,0
26294,Urban Burgers Kitchen,Burgers,Full-service,North Shore,1.03,45.38,715,215,225,125,150,9756.7,10210.5,5672.5,6807.0,0.383049290336203,0.547464358899742,0.3,13,3.84,576.0,677.96,-2353.66,-1307.59,-103.01,0.43,0.45,0.25,0.3,32446.7,-3086.3,-0.09511907220148737,0.030000000000000027,0.7,500,0.6993006993006993,0.9305136492359449,-0.6867333333333334,-3661.25,736.45,45.38,-4.316503496503497,1,Cluster 1,19.75,Low Potential,Optimize,66.67,14.05,10.61,50.0,33.0,2.6163255841791613,-1.8821858535875857,0
25567,King Burgers Eatery,Burgers,Cafe,CBD,0.99,35.08,1379,421,431,240,287,14768.68,15119.48,8419.2,10067.96,0.23693563869223,0.428326791757718,0.29,12,3.54,1015.98,4943.63,676.41,376.65,2354.14,0.44,0.45,0.25,0.3,48375.32,8350.83,0.17262583482651897,-0.010000000000000009,0.7,958,0.6947063089195069,0.6652624304499479,8.202578397212543,1053.06,1365.21,35.08,6.055714285714286,0,Cluster 0,41.81,Moderate Potential,Hold / Stabilize,0.0,64.13,53.19,50.0,50.92,1.2616899215084998,0.742032815465887,1
25082,Classic Burgers House,Burgers,Full-service,CBD,0.99,38.58,765,222,244,136,163,8564.76,9413.52,5246.88,6288.54,0.362746075843461,0.526983709377237,0.28,7,2.07,337.41,944.44,-1597.75,-890.55,356.03,0.41,0.45,0.25,0.3,29513.7,-1187.83,-0.040246732873208034,-0.010000000000000009,0.7,543,0.7098039215686275,0.889729785220698,2.1842331288343555,-2488.3,757.35,38.58,-1.552718954248366,1,Cluster 1,7.13,Low Potential,Optimize,0.0,25.18,26.91,50.0,19.67,2.2698567547937447,-1.4357629036181279,0
25823,Classic Burgers Bistro,Burgers,Cafe,North Shore,1.03,40.69,1268,277,446,248,297,11271.13,18147.74,10091.12,12084.93,0.242359750363976,0.383713378338143,0.32,18,5.31,1577.07,4214.58,978.65,544.18,2941.81,0.28,0.45,0.25,0.3,51594.920000000006,8679.22,0.1682184990305247,0.030000000000000027,0.7,991,0.7815457413249212,0.6260731287021191,9.905084175084175,1522.83,1306.04,40.690000000000005,6.84481072555205,0,Cluster 0,59.61,Moderate Potential,Hold / Stabilize,66.67,64.6,49.22,50.0,63.02,0.452396268689712,1.125923481044687,1
25784,Classic Burgers Diner,Burgers,Full-service,South Auckland,1.05,37.54,2076,719,611,339,407,26991.26,22936.94,12726.06,15278.78,0.366015142819379,0.522909006266855,0.27,9,2.66,1082.62,2998.08,-3645.23,-2022.48,614.48,0.53,0.45,0.25,0.3,77933.04,-2055.15,-0.026370715167790198,0.050000000000000044,0.7,1357,0.6536608863198459,0.8889241490862341,1.5097788697788699,-5667.71,2179.8,37.54,-0.9899566473988439,1,Cluster 1,39.72,Low Potential,Optimize,100.0,27.81,23.69,50.0,70.17,3.3614478966229964,-1.4849510014821619,0
25490,King Burgers Eatery,Burgers,Full-service,North Shore,1.03,37.97,883,290,267,148,178,11011.3,10137.99,5619.56,6758.66,0.351409105490893,0.466645761206746,0.28,3,0.89,158.42,2003.45,-994.08,-551.03,1071.29,0.49,0.45,0.25,0.3,33527.51,1529.63,0.04562313157165564,0.030000000000000027,0.7,593,0.6715741789354474,0.818054866697639,6.018483146067416,-1545.1100000000001,909.49,37.97,1.7323103057757645,1,Cluster 1,45.67,Moderate Potential,Rebalance Channels,66.67,41.18,44.63,50.0,15.24,2.099595225590164,-0.5981703149998112,0
26139,Classic Burgers Bistro,Burgers,Cafe,North Shore,1.03,32.11,955,231,326,181,217,7417.41,10467.86,5811.91,6967.87,0.236294738762081,0.421600317815319,0.29,13,3.84,833.28,2537.53,545.43,302.83,1550.46,0.32,0.45,0.25,0.3,30665.05,4936.25,0.1609731599981086,0.030000000000000027,0.7,724,0.7581151832460733,0.6578950565774,7.144976958525346,848.26,983.65,32.11,5.1688481675392675,0,Cluster 0,56.18,Moderate Potential,Hold / Stabilize,66.67,61.36,52.63,50.0,40.96,0.6032198927942093,0.8632705093675211,1
25223,Urban Burgers Tavern,Burgers,Full-service,West Auckland,1.04,35.32,2056,608,652,362,434,21474.56,23028.64,12785.84,15328.88,0.391515179618727,0.49037529330235,0.31,12,3.54,1536.36,2536.35,-4418.98,-2453.48,274.13,0.42,0.45,0.25,0.3,72617.92,-4061.9799999999996,-0.05593633086709175,0.040000000000000036,0.7,1448,0.7042801556420234,0.881890472921077,0.6316359447004608,-6872.459999999999,2138.2400000000002,35.32,-1.9756712062256807,1,Cluster 1,34.29,Low Potential,Optimize,83.33,22.49,19.8,50.0,75.83,3.0187448107906616,-1.6057897407611461,0
26652,Classic Burgers Corner,Burgers,Full-service,West Auckland,1.04,42.52,1375,464,410,228,273,19729.28,17433.2,9694.56,11607.96,0.390601998078637,0.541005216841586,0.3,11,3.25,887.25,1349.34,-4037.65,-2245.33,-93.35,0.51,0.45,0.25,0.3,58464.99999999999,-5026.990000000001,-0.0859828957495938,0.040000000000000036,0.7,911,0.6625454545454545,0.931607214920223,-0.34194139194139195,-6282.98,1430.0,42.519999999999996,-3.6559927272727277,1,Cluster 1,27.73,Low Potential,Optimize,83.33,16.18,13.78,50.0,50.68,3.242236639357073,-1.9508935885525944,0
26410,Classic Burgers Tavern,Burgers,Ghost Kitchen,West Auckland,1.04,37.99,1169,76,492,273,328,2887.24,18691.08,10371.27,12460.72,0.276286291971337,0.261323866236489,0.31,6,1.77,580.56,1335.03,2848.33,1580.48,5181.15,0.07,0.45,0.25,0.3,44410.31,10944.99,0.2464515559562633,0.040000000000000036,0.7,1093,0.9349871685201027,0.537610158207826,15.796189024390243,4428.8099999999995,1215.76,37.989999999999995,9.362694610778442,0,Cluster 0,69.36,High Potential,Hold / Stabilize,83.33,78.54,82.88,50.0,32.11,-0.97784903551072,2.271577986316333,1
26154,Urban Burgers Bistro,Burgers,Ghost Kitchen,West Auckland,1.04,42.2,1484,84,630,350,420,3544.8,26586.0,14770.0,17724.0,0.259973188582808,0.297896988014691,0.31,12,3.54,1486.8,1567.26,3512.8,1951.56,6349.51,0.06,0.45,0.25,0.3,62624.8,13381.130000000001,0.21367142090673344,0.040000000000000036,0.7,1400,0.9433962264150944,0.5578701765974989,15.117880952380952,5464.360000000001,1543.3600000000001,42.2,9.016933962264151,0,Cluster 0,69.2,High Potential,Hold / Stabilize,83.33,73.66,69.74,50.0,56.66,-0.6871975613859118,1.9921099611748012,1
25942,Lucky Burgers Eatery,Burgers,Cafe,West Auckland,1.04,36.32,996,252,335,186,223,9152.64,12167.2,6755.52,8099.36,0.249211878646165,0.408902552304789,0.3,8,2.36,526.28,3129.16,509.63,282.96,2242.77,0.34,0.45,0.25,0.3,36174.72,6164.52,0.17040961201634733,0.040000000000000036,0.7,744,0.7469879518072289,0.658114430950954,10.05726457399103,792.5899999999999,1035.8400000000001,36.32,6.1892771084337355,0,Cluster 0,61.18,High Potential,Hold / Stabilize,83.33,64.01,60.97,50.0,30.98,0.6366669130806675,1.0110904846273048,1
25670,Urban Burgers Cafe,Burgers,QSR,CBD,0.99,44.05,1528,343,533,296,356,15109.15,23478.65,13038.8,15681.8,0.221027760151774,0.370199644449167,0.31,17,5.02,1787.12,6176.21,2319.05,1287.88,4623.17,0.29,0.45,0.25,0.3,67308.40000000001,14406.31,0.21403435529592144,-0.010000000000000009,0.7,1185,0.775523560209424,0.5912274046009409,12.986432584269663,3606.9300000000003,1512.72,44.050000000000004,9.42821335078534,0,Cluster 0,47.41,Moderate Potential,Hold / Stabilize,0.0,74.26,56.23,50.0,67.34,0.34947726902583537,1.5277755896362066,1
26186,Lucky Burgers Cafe,Burgers,QSR,South Auckland,1.05,42.65,1925,372,699,388,466,15865.8,29812.35,16548.2,19874.9,0.255556126032025,0.417250605043955,0.3,17,5.02,2339.32,5191.18,810.7,450.0,4163.61,0.24,0.45,0.25,0.3,82101.25,10615.49,0.1292975441908619,0.050000000000000044,0.7,1553,0.8067532467532468,0.67280673107598,8.934785407725322,1260.7,2021.25,42.65,5.51454025974026,0,Cluster 0,68.18,High Potential,Hold / Stabilize,100.0,57.56,43.66,50.0,83.73,0.913954462728247,0.7509723653574417,1
26268,Lucky Burgers Grill,Burgers,Ghost Kitchen,South Auckland,1.05,38.79,714,34,306,170,204,1318.86,11869.74,6594.3,7913.16,0.271578203991521,0.283060144330375,0.32,9,2.66,542.64,587.37,1488.01,826.67,2981.58,0.05,0.45,0.25,0.3,27696.06,5883.63,0.21243563163857962,0.050000000000000044,0.7,680,0.9523809523809523,0.554638348321896,14.615588235294117,2314.68,749.7,38.79,8.240378151260504,0,Cluster 0,69.27,High Potential,Hold / Stabilize,100.0,72.44,75.22,50.0,24.09,-1.1285209792580921,2.048335455327413,1
25581,King Burgers Corner,Burgers,Ghost Kitchen,North Shore,1.03,42.52,1607,132,664,369,442,5612.64,28233.28,15689.88,18793.84,0.29714243307244,0.282183994189836,0.32,15,4.43,1958.06,2361.09,2842.35,1579.56,5948.01,0.09,0.45,0.25,0.3,68329.64,12731.01,0.18631753365011144,0.030000000000000027,0.7,1475,0.9178593652769135,0.579326427262276,13.457036199095024,4421.91,1655.21,42.52,7.922221530802738,0,Cluster 0,63.66,High Potential,Hold / Stabilize,66.67,68.49,61.4,50.0,67.27,-0.3308986157790822,1.6235228692810895,1
26323,Lucky Burgers House,Burgers,Ghost Kitchen,West Auckland,1.04,31.54,1391,103,580,322,386,3248.62,18293.2,10155.88,12174.44,0.290860171930399,0.261603491066489,0.31,8,2.36,910.96,1453.88,2515.98,1396.8,4537.54,0.08,0.45,0.25,0.3,43872.14,9904.2,0.22575146778798574,0.040000000000000036,0.7,1288,0.9259525521207764,0.552463662996888,11.755284974093264,3912.7799999999997,1446.64,31.54,7.120201294033071,0,Cluster 0,68.6,High Potential,Hold / Stabilize,83.33,72.72,77.25,50.0,44.21,-0.6706504559485968,1.9464905945401862,1
26686,Lucky Burgers Tavern,Burgers,QSR,North Shore,1.03,44.43,728,159,256,142,171,7064.37,11374.08,6309.06,7597.53,0.221037969999015,0.427857678942382,0.29,16,4.72,807.12,2480.33,695.01,385.51,1860.41,0.28,0.45,0.25,0.3,32345.04,5421.26,0.1676071508954696,0.030000000000000027,0.7,569,0.7815934065934066,0.6488956489413971,10.879590643274854,1080.52,749.84,44.43,7.446785714285714,0,Cluster 0,56.37,Moderate Potential,Hold / Stabilize,66.67,65.33,49.04,50.0,40.43,0.23559109825240185,1.1282176373537167,1
26595,Urban Burgers Grill,Burgers,Cafe,South Auckland,1.05,45.98,1698,361,602,334,401,16598.78,27679.96,15357.32,18437.98,0.222722591944039,0.435949814785272,0.27,10,2.95,1182.95,5665.62,1974.34,1095.4,5110.44,0.27,0.45,0.25,0.3,78074.04,13845.8,0.17734191800501165,0.050000000000000044,0.7,1337,0.7873969375736161,0.658672406729311,12.744239401496259,3069.74,1782.9,45.98,8.154181389870436,0,Cluster 0,69.87,High Potential,Hold / Stabilize,100.0,67.6,57.54,50.0,59.71,0.6752998721844862,1.2148822123371383,1
26151,Urban Burgers Corner,Burgers,Ghost Kitchen,CBD,0.99,35.21,753,62,311,173,207,2183.02,10950.31,6091.33,7288.47,0.28740864819847,0.272643319063354,0.32,17,5.02,1039.14,960.42,1313.47,730.64,2167.41,0.09,0.45,0.25,0.3,26513.13,5171.94,0.19507089506218236,-0.010000000000000009,0.7,691,0.9176626826029216,0.560051967261824,10.470579710144927,2044.1100000000001,745.47,35.21,6.868446215139442,0,Cluster 0,43.16,Moderate Potential,Hold / Stabilize,0.0,68.25,61.04,50.0,42.62,-0.8250189240724548,1.635795595655601,1
25598,Top Burgers Diner,Burgers,Cafe,North Shore,1.03,40.75,2131,651,666,370,444,26528.25,27139.5,15077.5,18093.0,0.233744969405234,0.377851140359417,0.29,5,1.48,657.12,10303.68,2670.63,1483.68,6370.27,0.44,0.45,0.25,0.3,86838.25,20828.260000000002,0.23985121763738906,0.030000000000000027,0.7,1480,0.6945096198967621,0.6115961097646511,14.347454954954957,4154.31,2194.93,40.75,9.773937118723605,0,Cluster 0,67.54,High Potential,Hold / Stabilize,66.67,78.21,73.11,50.0,61.32,1.1972565792409924,1.5474522529330517,1
26043,King Burgers Diner,Burgers,Cafe,North Shore,1.03,38.27,831,166,299,166,200,6352.82,11442.73,6352.82,7654.0,0.254668769221753,0.361227567493916,0.33,10,2.95,590.0,2440.14,619.09,343.71,2349.93,0.25,0.45,0.25,0.3,31802.37,5752.87,0.1808943798842665,0.030000000000000027,0.7,665,0.8002406738868832,0.615896336715669,11.749649999999999,962.8,855.9300000000001,38.269999999999996,6.922827918170879,0,Cluster 0,58.07,Moderate Potential,Hold / Stabilize,66.67,66.41,64.14,50.0,29.85,0.019236750995098934,1.3503395260740256,1
25237,Top Burgers Bistro,Burgers,QSR,West Auckland,1.04,37.33,1566,303,568,316,379,11310.99,21203.44,11796.28,14148.07,0.202581359725446,0.375410876353271,0.33,14,4.13,1565.27,4773.33,1950.88,1085.35,4405.33,0.24,0.45,0.25,0.3,58458.78,12214.89,0.2089487669773471,0.040000000000000036,0.7,1263,0.8065134099616859,0.577992236078717,11.623562005277044,3036.23,1628.64,37.33,7.800057471264368,0,Cluster 0,68.45,High Potential,Hold / Stabilize,83.33,71.38,63.31,50.0,64.08,0.1425292396643995,1.6627979926963052,1
26208,Urban Burgers Corner,Burgers,QSR,North Shore,1.03,37.13,831,171,297,165,198,6349.23,11027.61,6126.45,7351.74,0.222673980481923,0.409076229901984,0.28,17,5.02,993.96,2338.1,973.18,540.66,1713.32,0.26,0.45,0.25,0.3,30855.03,5565.259999999999,0.18036799834581266,0.030000000000000027,0.7,660,0.7942238267148014,0.631750210383907,8.653131313131313,1513.84,855.9300000000001,37.129999999999995,6.6970637785800236,0,Cluster 0,57.6,Moderate Potential,Hold / Stabilize,66.67,66.04,49.99,50.0,46.18,0.15096773045436115,1.183301867309178,1
25672,Lucky Burgers Bistro,Burgers,Cafe,West Auckland,1.04,39.53,1862,559,586,326,391,22097.27,23164.58,12886.78,15456.23,0.253144157938659,0.376590094668791,0.31,12,3.54,1384.14,8181.86,1396.03,776.63,4338.77,0.43,0.45,0.25,0.3,73604.86,14693.289999999999,0.19962391070372254,0.040000000000000036,0.7,1303,0.6997851772287863,0.6297342526074501,11.096598465473146,2172.66,1936.48,39.53,7.891133190118152,0,Cluster 0,68.03,High Potential,Hold / Stabilize,83.33,70.25,58.67,50.0,69.33,1.2376257039957448,1.1645479791828721,1
25563,Urban Burgers Tavern,Burgers,Full-service,West Auckland,1.04,39.26,1524,395,508,282,339,15507.7,19944.08,11071.32,13309.14,0.35291955138091,0.463440340547822,0.29,18,5.31,1800.09,2847.84,-2121.25,-1177.54,644.0,0.35,0.45,0.25,0.3,59832.24,193.05000000000018,0.003226521353704962,0.040000000000000036,0.7,1129,0.7408136482939632,0.816359891928732,1.8997050147492625,-3298.79,1584.96,39.26,0.1266732283464568,1,Cluster 1,51.44,Moderate Potential,Rebalance Channels,83.33,33.3,19.89,50.0,72.0,2.067121294251599,-0.8699235111158279,0
25550,Top Burgers Corner,Burgers,Cafe,West Auckland,1.04,38.65,1887,529,611,340,407,20445.85,23615.15,13141.0,15730.55,0.269452202897519,0.356036591390148,0.32,16,4.72,1921.04,7657.2,1287.29,716.33,3970.23,0.39,0.45,0.25,0.3,72932.55,13631.05,0.18689940225592,0.040000000000000036,0.7,1358,0.7196608373078961,0.625488794287667,9.754864864864865,2003.62,1962.48,38.65,7.223661897191309,0,Cluster 0,67.7,High Potential,Hold / Stabilize,83.33,67.63,52.65,50.0,79.5,1.1425560130205934,1.0780310398309243,1
26039,Classic Burgers Grill,Burgers,Cafe,West Auckland,1.04,42.51,1058,302,340,189,227,12838.02,14453.4,8034.39,9649.77,0.264760888498277,0.385405247565359,0.29,18,5.31,1205.37,4491.17,864.8,480.73,2170.45,0.4,0.45,0.25,0.3,44975.58,8007.150000000001,0.17803327939295058,0.040000000000000036,0.7,756,0.7145557655954632,0.6501661360636359,9.561453744493392,1345.53,1100.32,42.510000000000005,7.56819470699433,0,Cluster 0,62.62,High Potential,Hold / Stabilize,83.33,66.9,45.51,50.0,56.39,0.8648133120103982,0.9680752370647336,1
25917,King Burgers Kitchen,Burgers,Cafe,West Auckland,1.04,38.8,1425,385,468,260,312,14938.0,18158.4,10088.0,12105.6,0.208901475965977,0.417478324985132,0.27,8,2.36,736.32,5581.14,1881.58,1045.32,3786.58,0.37,0.45,0.25,0.3,55290.0,12294.62,0.22236606981370954,0.040000000000000036,0.7,1040,0.7298245614035088,0.626379800951109,12.13647435897436,2926.8999999999996,1482.0,38.8,8.62780350877193,0,Cluster 0,66.88,High Potential,Hold / Stabilize,83.33,74.3,65.86,50.0,45.35,0.6888182435418243,1.4586319859771077,1
26457,Top Burgers Bistro,Burgers,QSR,North Shore,1.03,38.74,1128,253,394,219,262,9801.22,15263.56,8484.06,10149.88,0.246101893465966,0.44476930256933,0.28,3,0.89,233.18,3029.84,444.61,247.13,2904.44,0.29,0.45,0.25,0.3,43698.719999999994,6626.02,0.1516296129497615,0.030000000000000027,0.7,875,0.775709219858156,0.690871196035296,11.085648854961832,691.74,1161.84,38.739999999999995,5.874131205673759,0,Cluster 0,55.78,Moderate Potential,Hold / Stabilize,66.67,61.06,64.23,50.0,23.37,0.6631404041394922,0.8713200381646607,1
26200,Classic Burgers Bistro,Burgers,Cafe,West Auckland,1.04,36.79,1679,397,577,320,385,14605.63,21227.83,11772.8,14164.15,0.231192792523652,0.359439315344207,0.3,13,3.84,1478.4,5979.08,2321.64,1287.57,4319.95,0.31,0.45,0.25,0.3,61770.409999999996,13908.239999999998,0.22516023448767783,0.040000000000000036,0.7,1282,0.7635497319833234,0.5906321078678589,11.22064935064935,3609.21,1746.16,36.79,8.283645026801667,0,Cluster 0,69.32,High Potential,Hold / Stabilize,83.33,74.22,63.0,50.0,65.53,0.4818306827298885,1.584998174858155,1
26551,Top Burgers Cafe,Burgers,Ghost Kitchen,CBD,0.99,33.99,845,40,362,201,242,1359.6,12304.38,6831.99,8225.58,0.296113993425388,0.258441539178602,0.29,5,1.48,358.16,605.63,1912.65,1062.0,3305.88,0.05,0.45,0.25,0.3,28721.550000000003,6886.16,0.2397558627581032,-0.010000000000000009,0.7,805,0.9526627218934911,0.55455553260399,13.660661157024794,2974.65,836.55,33.99,8.14930177514793,0,Cluster 0,45.51,Moderate Potential,Hold / Stabilize,0.0,76.0,81.91,50.0,17.55,-1.1048868181244966,2.046523055499841,1
25112,Classic Burgers Cafe,Burgers,QSR,CBD,0.99,38.54,1525,305,549,305,366,11754.7,21158.46,11754.7,14105.64,0.246604162529111,0.38791412259452,0.29,15,4.43,1621.38,4296.13,1597.08,887.26,3533.97,0.25,0.45,0.25,0.3,58773.5,10314.44,0.1754947382749028,-0.010000000000000009,0.7,1220,0.8,0.6345182851236311,9.655655737704917,2484.34,1509.75,38.54,6.763567213114754,0,Cluster 0,43.83,Moderate Potential,Hold / Stabilize,0.0,65.47,52.9,50.0,62.58,0.4927793205431271,1.0769713725215802,1
25571,Classic Burgers Tavern,Burgers,Cafe,South Auckland,1.05,39.35,1923,578,605,336,404,22744.3,23806.75,13221.6,15897.4,0.213036691173911,0.442293559922837,0.31,13,3.84,1551.36,7839.27,825.37,458.39,3927.99,0.43,0.45,0.25,0.3,75670.05,13051.02,0.17247272864230961,0.050000000000000044,0.7,1345,0.6994279771190848,0.655330251096748,9.722747524752474,1283.76,2019.15,39.35,6.786801872074883,0,Cluster 0,70.53,High Potential,Hold / Stabilize,100.0,65.1,53.02,50.0,74.33,1.432544089333968,0.9349248257888474,1
26384,Urban Burgers Tavern,Burgers,QSR,North Shore,1.03,38.79,1616,323,582,323,388,12529.17,22575.78,12529.17,15050.52,0.255428561922163,0.355401323363185,0.31,12,3.54,1373.52,4875.98,1787.33,991.94,4483.69,0.25,0.45,0.25,0.3,62684.64,12138.939999999999,0.19365094862154428,0.030000000000000027,0.7,1293,0.8001237623762376,0.610829885285348,11.555902061855669,2779.27,1664.48,38.79,7.511720297029703,0,Cluster 0,62.8,High Potential,Hold / Stabilize,66.67,68.93,61.58,50.0,60.56,0.3788785944180822,1.38095828351915,1
26090,Classic Burgers Kitchen,Burgers,Cafe,CBD,0.99,38.97,838,178,297,165,198,6936.66,11574.09,6430.05,7716.06,0.246713898573071,0.372519539762288,0.31,11,3.25,643.5,2641.25,819.06,455.03,2294.52,0.27,0.45,0.25,0.3,32656.86,6209.860000000001,0.1901548403612595,-0.010000000000000009,0.7,660,0.7875894988066826,0.619233438335359,11.588484848484848,1274.09,829.62,38.97,7.410334128878282,0,Cluster 0,41.66,Moderate Potential,Hold / Stabilize,0.0,68.32,61.93,50.0,31.33,0.09476466451914144,1.3022157486607724,1
25601,Urban Burgers Tavern,Burgers,QSR,West Auckland,1.04,35.83,1436,259,530,294,353,9279.97,18989.9,10534.02,12647.99,0.223330447860062,0.410070207272656,0.32,14,4.13,1457.89,3402.03,884.92,490.88,3178.85,0.22,0.45,0.25,0.3,51451.88,7956.68,0.15464313451714495,0.040000000000000036,0.7,1177,0.8196378830083565,0.633400655132718,9.005240793201132,1375.8,1493.44,35.83,5.540863509749304,0,Cluster 0,63.5,High Potential,Hold / Stabilize,83.33,61.01,54.76,50.0,59.72,0.3730376905777721,1.0905317878671856,1
25359,Lucky Burgers Kitchen,Burgers,Cafe,West Auckland,1.04,39.61,1699,350,607,337,405,13863.5,24043.27,13348.57,16042.05,0.273720501009375,0.435513705620542,0.32,14,4.13,1672.65,4031.03,-702.89,-390.23,2991.83,0.26,0.45,0.25,0.3,67297.39,5929.74,0.08811248103381127,0.040000000000000036,0.7,1349,0.7939964685108888,0.709234206629917,7.387234567901235,-1093.12,1766.96,39.61,3.490135373749264,0,Cluster 0,59.55,Moderate Potential,Rebalance Channels,83.33,49.28,43.08,50.0,68.53,1.1298016535816326,0.3161628617674592,1
25958,Top Burgers Cafe,Burgers,QSR,North Shore,1.03,45.69,566,106,207,115,138,4843.14,9457.83,5254.35,6305.22,0.200906160548329,0.379106372431852,0.3,4,1.18,162.84,2034.06,1134.82,630.46,2485.27,0.23,0.45,0.25,0.3,25860.54,6284.610000000001,0.2430192873002652,0.030000000000000027,0.7,460,0.8127208480565371,0.5800125329801811,18.009202898550726,1765.28,582.98,45.690000000000005,11.103551236749118,0,Cluster 0,61.27,High Potential,Hold / Stabilize,66.67,80.43,79.68,50.0,7.05,-0.5710814171143466,2.1062503720723735,1
26658,Classic Burgers Grill,Burgers,Ghost Kitchen,CBD,0.99,34.09,1088,80,454,252,302,2727.2,15476.86,8590.68,10295.18,0.274295223562513,0.32992309757974,0.28,12,3.54,1069.08,1079.38,1791.94,994.64,3005.56,0.08,0.45,0.25,0.3,37089.92,6871.52,0.18526650906769282,-0.010000000000000009,0.7,1008,0.9264705882352942,0.6042183211422529,9.952185430463576,2786.58,1077.12,34.089999999999996,6.315735294117648,0,Cluster 0,42.81,Moderate Potential,Hold / Stabilize,0.0,66.18,62.6,50.0,41.64,-0.5053830946552155,1.4128851296984852,1
25727,Urban Burgers Diner,Burgers,Full-service,North Shore,1.03,36.25,1782,544,557,310,371,19720.0,20191.25,11237.5,13448.75,0.366730907279998,0.509351468947716,0.3,15,4.43,1643.53,2443.66,-3555.32,-1978.73,23.01,0.44,0.45,0.25,0.3,64597.5,-3067.38,-0.04748450017415535,0.030000000000000027,0.7,1238,0.6947250280583613,0.876082376227714,0.062021563342318065,-5534.05,1835.46,36.25,-1.7213131313131314,1,Cluster 1,29.25,Low Potential,Optimize,66.67,23.97,15.66,50.0,73.07,2.9118074258186826,-1.5553709648560137,0
25120,Urban Burgers Eatery,Burgers,Cafe,West Auckland,1.04,42.45,1226,268,431,240,287,11376.6,18295.95,10188.0,12183.15,0.237274351101369,0.355845061386935,0.28,10,2.95,846.65,4628.92,2321.4,1292.66,4110.44,0.28,0.45,0.25,0.3,52043.700000000004,12353.419999999998,0.23736629025223027,0.040000000000000036,0.7,958,0.7814029363784666,0.593119412488304,14.322090592334494,3614.0600000000004,1275.04,42.45,10.076199021207177,0,Cluster 0,67.94,High Potential,Hold / Stabilize,83.33,78.28,67.65,50.0,43.35,0.07688746115277809,1.7898389960495602,1
25381,King Burgers Diner,Burgers,Cafe,CBD,0.99,39.54,1330,337,447,248,298,13324.98,17674.38,9805.92,11782.92,0.241751656010747,0.440042150276713,0.31,6,1.77,527.46,4240.09,145.04,80.47,3221.94,0.34,0.45,0.25,0.3,52588.2,7687.540000000001,0.14618374464233425,-0.010000000000000009,0.7,993,0.7466165413533835,0.68179380628746,10.811879194630873,225.51,1316.7,39.54,5.780105263157895,0,Cluster 0,39.98,Low Potential,Hold / Stabilize,0.0,60.2,60.65,50.0,35.36,0.9471579160787181,0.7494552408948771,1
26440,Urban Burgers Eatery,Burgers,Cafe,North Shore,1.03,45.52,1211,327,398,221,265,14885.04,18116.96,10059.92,12062.8,0.212935674451292,0.376308752084151,0.32,15,4.43,1173.95,6114.11,1644.22,912.99,3780.91,0.37,0.45,0.25,0.3,55124.72,12452.23,0.22589194103843066,0.030000000000000027,0.7,884,0.7299752270850537,0.589244426535443,14.267584905660376,2557.21,1247.33,45.52,10.282601156069363,0,Cluster 0,63.51,High Potential,Hold / Stabilize,66.67,77.01,59.87,50.0,54.12,0.42353446876053563,1.6557649177144023,1
25148,Lucky Burgers Cafe,Burgers,QSR,West Auckland,1.04,46.63,1277,230,471,262,314,10724.9,21962.73,12217.06,14641.82,0.262106711957604,0.36200443492271,0.29,8,2.36,741.04,4031.37,1886.35,1049.31,4762.66,0.22,0.45,0.25,0.3,59546.509999999995,11729.689999999999,0.19698366873222292,0.040000000000000036,0.7,1047,0.8198903680501175,0.624111146880314,15.167707006369426,2935.66,1328.0800000000002,46.629999999999995,9.185348472983554,0,Cluster 0,65.54,High Potential,Hold / Stabilize,83.33,71.64,66.21,50.0,40.39,0.08186518428632547,1.5369442039433363,1
26158,Top Burgers Tavern,Burgers,Full-service,North Shore,1.03,38.36,1107,327,351,195,234,12543.72,13464.36,7480.2,8976.24,0.351834394095931,0.472950530657545,0.3,15,4.43,1036.62,2197.85,-1680.15,-933.42,536.15,0.42,0.45,0.25,0.3,42464.52,120.42999999999984,0.002836014630566879,0.030000000000000027,0.7,780,0.7046070460704607,0.824784924753476,2.291239316239316,-2613.57,1140.21,38.36,0.10878952122854547,1,Cluster 1,44.79,Moderate Potential,Rebalance Channels,66.67,33.23,23.57,50.0,50.67,2.141538685126698,-0.9456005454592644,0
26612,Classic Burgers House,Burgers,Full-service,West Auckland,1.04,31.69,696,247,202,112,135,7827.43,6401.38,3549.28,4278.15,0.380892307125032,0.515172828827053,0.27,5,1.48,199.8,813.54,-1063.05,-589.41,244.85,0.55,0.45,0.25,0.3,22056.239999999998,-594.0699999999999,-0.02693432788181485,0.040000000000000036,0.7,449,0.6451149425287356,0.896065135952085,1.8137037037037036,-1652.46,723.84,31.689999999999998,-0.8535488505747125,1,Cluster 1,28.25,Low Potential,Optimize,83.33,27.92,29.27,50.0,13.92,2.7703587689589955,-1.5297140327407004,0
25430,Lucky Burgers Kitchen,Burgers,Full-service,CBD,0.99,38.32,1929,531,629,350,419,20347.92,24103.28,13412.0,16056.08,0.351228577585425,0.52257246428635,0.27,9,2.66,1114.54,2567.89,-3466.08,-1928.66,911.72,0.38,0.45,0.25,0.3,73919.28,-1915.1300000000003,-0.0259083962939033,-0.010000000000000009,0.7,1398,0.7247278382581649,0.873801041871775,2.1759427207637234,-5394.74,1909.71,38.32,-0.9928097459823745,1,Cluster 1,13.89,Low Potential,Optimize,0.0,27.87,26.02,50.0,61.47,2.6644547491934674,-1.3306628877273994,0
26197,Urban Burgers Corner,Burgers,Ghost Kitchen,North Shore,1.03,36.93,826,68,341,190,227,2511.24,12593.13,7016.7,8383.11,0.252041992987506,0.301198174175806,0.32,17,5.02,1139.54,1121.92,1596.3,889.44,2605.7,0.09,0.45,0.25,0.3,30504.18,6213.360000000001,0.2036888059275811,0.030000000000000027,0.7,758,0.9176755447941889,0.553240167163312,11.47885462555066,2485.74,850.78,36.93,7.52222760290557,0,Cluster 0,61.06,High Potential,Hold / Stabilize,66.67,70.29,62.09,50.0,46.01,-0.8613975998229992,1.830767293595893,1
25559,Top Burgers Eatery,Burgers,Cafe,West Auckland,1.04,31.56,1981,421,702,390,468,13286.76,22155.12,12308.4,14770.08,0.22628895400092,0.432838282175362,0.29,15,4.43,2073.24,4529.09,1127.09,626.16,2961.48,0.27,0.45,0.25,0.3,62520.36,9243.82,0.14785295542124197,0.040000000000000036,0.7,1560,0.7874810701665825,0.659127236176282,6.327948717948718,1753.25,2060.2400000000002,31.56,4.666239273094397,0,Cluster 0,64.93,High Potential,Hold / Stabilize,83.33,58.92,49.1,50.0,80.32,0.9886372010659858,0.779069209939632,1
25742,Lucky Burgers Eatery,Burgers,QSR,North Shore,1.03,31.12,1518,263,565,314,376,8184.56,17582.8,9771.68,11701.12,0.254061599932611,0.443246988719329,0.31,13,3.84,1443.84,2477.4,-128.51,-71.42,2097.99,0.21,0.45,0.25,0.3,47240.16,4375.46,0.09262161686158556,0.030000000000000027,0.7,1255,0.8267457180500659,0.69730858865194,5.579760638297872,-199.93,1563.54,31.12,2.8823847167325427,0,Cluster 0,54.69,Moderate Potential,Rebalance Channels,66.67,49.07,46.55,50.0,59.65,0.8188593836981435,0.3615274130736844,1
25763,King Burgers Bistro,Burgers,Cafe,CBD,0.99,42.59,535,120,187,104,124,5110.8,7964.33,4429.36,5281.16,0.251316444799304,0.351504382374696,0.3,14,4.13,512.12,2029.9,773.97,430.44,1585.45,0.29,0.45,0.25,0.3,22785.65,4819.76,0.21152611402351917,-0.010000000000000009,0.7,415,0.7757009345794392,0.602820827174,12.785887096774195,1204.41,529.65,42.59,9.008897196261684,0,Cluster 0,42.04,Moderate Potential,Hold / Stabilize,0.0,73.36,59.48,50.0,28.67,-0.10764954981619046,1.4941867193083067,1
25998,Lucky Burgers House,Burgers,Cafe,West Auckland,1.04,33.37,672,185,219,122,146,6173.45,7308.03,4071.14,4872.02,0.246737139690667,0.419577346136793,0.28,5,1.48,216.08,2059.99,392.34,218.56,1409.64,0.38,0.45,0.25,0.3,22424.64,4080.5299999999997,0.1819663548667894,0.040000000000000036,0.7,487,0.7247023809523809,0.66631448582746,9.655068493150686,610.9,698.88,33.37,6.072217261904761,0,Cluster 0,59.59,Moderate Potential,Hold / Stabilize,83.33,65.41,64.68,50.0,13.12,0.6236554280880114,1.0085382686251778,1
26533,Top Burgers Diner,Burgers,Ghost Kitchen,West Auckland,1.04,37.94,1147,44,496,276,331,1669.36,18818.24,10471.44,12558.14,0.264851968921721,0.217537490196992,0.29,14,4.13,1367.03,864.08,4283.23,2383.41,5133.2,0.04,0.45,0.25,0.3,43517.18,12663.919999999998,0.2910096656079277,0.040000000000000036,0.7,1103,0.9616390584132519,0.482389459118713,15.508157099697884,6666.639999999999,1192.88,37.94,11.040906713164777,0,Cluster 0,73.15,High Potential,Hold / Stabilize,83.33,86.81,78.04,50.0,50.04,-1.4040653638986578,2.7151861154317687,1
25914,Urban Burgers Diner,Burgers,Cafe,North Shore,1.03,31.66,1372,348,461,256,307,11017.68,14595.26,8104.96,9719.62,0.240962068364024,0.423614705004729,0.28,10,2.95,905.65,3695.59,808.92,449.2,2354.54,0.34,0.45,0.25,0.3,43437.520000000004,7308.25,0.1682474045479576,0.030000000000000027,0.7,1024,0.7463556851311953,0.664576773368753,7.669511400651466,1258.12,1413.16,31.660000000000004,5.326712827988338,0,Cluster 0,58.3,Moderate Potential,Hold / Stabilize,66.67,62.55,56.63,50.0,47.8,0.8922957908920017,0.8540723767709445,1
25957,Classic Burgers Cafe,Burgers,Full-service,CBD,0.99,31.88,1549,434,502,279,334,13835.92,16003.76,8894.52,10647.92,0.394481476955116,0.455416793772019,0.32,11,3.25,1085.5,2076.8,-2719.01,-1511.16,512.77,0.39,0.45,0.25,0.3,49382.119999999995,-1640.6,-0.03322255099619052,-0.010000000000000009,0.7,1115,0.7198192382182053,0.849898270727135,1.5352395209580838,-4230.17,1533.51,31.879999999999995,-1.0591349257585538,1,Cluster 1,12.57,Low Potential,Optimize,0.0,26.79,26.37,50.0,54.01,2.479484450942649,-1.3882888265565283,0
26169,Classic Burgers House,Burgers,QSR,South Auckland,1.05,41.73,1289,232,476,264,317,9681.36,19863.48,11016.72,13228.41,0.254704414848238,0.368392519257031,0.31,5,1.48,469.16,3648.93,1328.93,737.05,4516.67,0.22,0.45,0.25,0.3,53789.97,10231.58,0.19021352865599292,0.050000000000000044,0.7,1057,0.8200155159038014,0.623096934105269,14.248170347003155,2065.98,1353.45,41.730000000000004,7.937610550814585,0,Cluster 0,69.16,High Potential,Hold / Stabilize,100.0,69.04,71.34,50.0,34.21,0.10592725444161535,1.5054403179435976,1
25432,King Burgers Eatery,Burgers,Cafe,North Shore,1.03,40.76,876,207,301,167,201,8437.32,12268.76,6806.92,8192.76,0.241914646159858,0.409190202481113,0.3,18,5.31,1067.31,2943.74,599.88,332.83,1791.1,0.31,0.45,0.25,0.3,35705.76,5667.549999999999,0.15872929185655196,0.030000000000000027,0.7,669,0.7636986301369864,0.651104848640971,8.91094527363184,932.71,902.28,40.760000000000005,6.469805936073058,0,Cluster 0,56.44,Moderate Potential,Hold / Stabilize,66.67,62.82,45.36,50.0,50.01,0.4880288628462496,0.9427306115647758,1
26165,Classic Burgers Corner,Burgers,QSR,South Auckland,1.05,39.13,1578,315,568,316,379,12325.95,22225.84,12365.08,14830.27,0.262688679732382,0.415173901803792,0.33,7,2.07,784.53,3970.65,-174.75,-97.22,3992.85,0.25,0.45,0.25,0.3,61747.14,7691.530000000001,0.12456495960784582,0.050000000000000044,0.7,1263,0.8003802281368821,0.6778625815361741,10.535224274406332,-271.97,1656.9,39.13,4.874226869455007,0,Cluster 0,65.73,High Potential,Rebalance Channels,100.0,56.06,59.56,50.0,48.65,0.7768336869810513,0.7858961100096887,1
26406,Top Burgers Grill,Burgers,Full-service,West Auckland,1.04,37.89,1724,492,554,308,370,18641.88,20991.06,11670.12,14019.3,0.399093572411221,0.50796096350532,0.32,7,2.07,765.9,1732.68,-4766.12,-2649.75,537.13,0.4,0.45,0.25,0.3,65322.36,-5146.0599999999995,-0.07877945622295336,0.040000000000000036,0.7,1232,0.7146171693735499,0.9070545359165411,1.4517027027027027,-7415.87,1792.96,37.89,-2.9849535962877027,1,Cluster 1,30.65,Low Potential,Optimize,83.33,18.05,24.24,50.0,53.04,2.8986263173440783,-1.7240817193874716,0
26696,Top Burgers House,Burgers,Full-service,West Auckland,1.04,40.31,988,277,320,178,213,11165.87,12899.2,7175.18,8586.03,0.364305329415947,0.49765848305542,0.29,5,1.48,315.24,1541.29,-1960.21,-1090.37,869.94,0.39,0.45,0.25,0.3,39826.28,-639.3499999999999,-0.01605347022117054,0.040000000000000036,0.7,711,0.7196356275303644,0.861963812471367,4.084225352112676,-3050.58,1027.52,40.31,-0.6471153846153845,1,Cluster 1,31.21,Low Potential,Optimize,83.33,29.66,34.52,50.0,23.71,2.1114171242711395,-1.0398363904847565,0
26640,Urban Burgers Cafe,Burgers,Full-service,North Shore,1.03,34.45,1497,420,485,269,323,14469.0,16708.25,9267.05,11127.35,0.356300590571482,0.514156293822452,0.32,8,2.36,762.28,1874.36,-3182.2,-1764.97,679.19,0.39,0.45,0.25,0.3,51571.65,-2393.62,-0.04641348492825031,0.030000000000000027,0.7,1077,0.7194388777555111,0.870456884393934,2.1027554179566565,-4947.17,1541.91,34.45,-1.5989445557782231,1,Cluster 1,27.98,Low Potential,Optimize,66.67,24.28,28.24,50.0,47.28,2.5251802746377754,-1.3839647418337002,0
25600,Classic Burgers Tavern,Burgers,QSR,West Auckland,1.04,44.6,1185,221,434,241,289,9856.6,19356.4,10748.6,12889.4,0.219056067727506,0.381411945819855,0.28,17,5.02,1450.78,3938.03,2313.71,1284.8,3698.95,0.23,0.45,0.25,0.3,52851.0,11235.49,0.212588030500842,0.040000000000000036,0.7,964,0.8135021097046413,0.600468013547361,12.799134948096885,3598.51,1232.4,44.6,9.481426160337552,0,Cluster 0,66.58,High Potential,Hold / Stabilize,83.33,74.14,54.81,50.0,58.31,-0.02339669567614292,1.6318260448019073,1
25840,Top Burgers Diner,Burgers,QSR,West Auckland,1.04,40.44,615,123,221,123,148,4974.12,8937.24,4974.12,5985.12,0.207354236282408,0.405242015910335,0.28,3,0.89,131.72,1926.99,959.89,534.24,2186.94,0.25,0.45,0.25,0.3,24870.6,5608.0599999999995,0.225489533827089,0.040000000000000036,0.7,492,0.8,0.612596252192743,14.776621621621622,1494.13,639.6,40.44,9.11879674796748,0,Cluster 0,63.42,High Potential,Hold / Stabilize,83.33,75.39,76.3,50.0,6.54,-0.2737010262651838,1.7822766701839277,1
26449,Lucky Burgers Tavern,Burgers,Cafe,West Auckland,1.04,31.69,1081,314,345,192,230,9950.66,10933.05,6084.48,7288.7,0.218144442792982,0.355344521906227,0.31,16,4.72,1085.6,4244.07,1273.82,708.91,2023.11,0.41,0.45,0.25,0.3,34256.89,8249.91,0.24082483844855734,0.040000000000000036,0.7,767,0.7095282146160962,0.573488964699209,8.796130434782608,1982.73,1124.24,31.689999999999998,7.631739130434783,0,Cluster 0,67.2,High Potential,Hold / Stabilize,83.33,75.44,60.66,50.0,52.49,0.4735551316107501,1.5983651337694404,1
25321,Urban Burgers Diner,Burgers,Full-service,CBD,0.99,43.59,1149,340,364,202,243,14820.6,15866.76,8805.18,10592.37,0.387669529230334,0.542980143497698,0.27,11,3.25,789.75,1027.81,-3183.66,-1766.76,-55.17,0.42,0.45,0.25,0.3,50084.91,-3977.7799999999997,-0.07942072772018557,-0.010000000000000009,0.7,809,0.7040905134899913,0.930649672728032,-0.22703703703703704,-4950.42,1137.51,43.59,-3.4619495213228895,1,Cluster 1,5.8,Low Potential,Optimize,0.0,17.32,13.92,50.0,41.25,2.770992950339666,-1.8815084670170206,0
26442,Classic Chicken Dishes Diner,Chicken Dishes,Full-service,North Shore,1.03,44.65,1872,544,797,332,199,24289.6,35586.05,14823.8,8885.35,0.361944254953414,0.465298340911977,0.3,12,3.54,704.46,4196.21,-4528.06,-1886.22,830.55,0.41,0.6,0.25,0.15,83584.8,-1387.5200000000007,-0.016600147395220193,0.030000000000000027,0.85,1328,0.7094017094017094,0.8272425958653911,4.173618090452261,-6414.280000000001,1928.16,44.65,-0.7411965811965816,1,Cluster 1,25.04,Low Potential,Optimize,66.67,29.46,28.22,0.0,69.06,1.0169828463990958,-2.3828682087916766,0
25027,Urban Chicken Dishes Cafe,Chicken Dishes,Cafe,North Shore,1.03,39.82,1377,407,582,242,146,16206.74,23175.24,9636.44,5813.72,0.244531283825636,0.439912853459828,0.28,11,3.25,474.5,5114.13,824.02,342.63,1360.05,0.42,0.6,0.25,0.15,54832.14000000001,7640.83,0.1393494764202163,0.030000000000000027,0.85,970,0.7044299201161947,0.6844441372854639,9.31541095890411,1166.65,1418.31,39.82000000000001,5.548896151053014,0,Cluster 0,49.33,Moderate Potential,Rebalance Channels,66.67,58.96,51.87,0.0,50.3,-0.1833360057208266,-0.7857409877195044,1
26400,Urban Chicken Dishes Tavern,Chicken Dishes,QSR,South Auckland,1.05,46.2,1073,221,511,213,128,10210.2,23608.2,9840.6,5913.6,0.249170163515955,0.397989060007967,0.27,10,2.95,377.6,3602.57,1955.72,815.2,1708.96,0.26,0.6,0.25,0.15,49572.6,8082.45,0.16304268890475787,0.050000000000000044,0.85,852,0.7940354147250699,0.6471592235239221,13.35125,2770.92,1126.65,46.199999999999996,7.532572227399814,0,Cluster 0,58.86,Moderate Potential,Rebalance Channels,100.0,64.83,59.32,0.0,38.57,-1.1884644269378588,-0.19052452817519513,1
26078,Urban Chicken Dishes Diner,Chicken Dishes,QSR,West Auckland,1.04,41.28,1546,319,736,307,184,13168.32,30382.08,12672.96,7595.52,0.232272156216204,0.429688364639878,0.33,16,4.72,868.48,4451.41,244.26,101.88,1699.11,0.26,0.6,0.25,0.15,63818.880000000005,6496.66,0.10179840197759658,0.040000000000000036,0.85,1227,0.7936610608020699,0.6619605208560819,9.234293478260868,346.14,1607.8400000000001,41.28,4.202238033635187,0,Cluster 0,53.47,Moderate Potential,Rebalance Channels,83.33,52.09,47.03,0.0,68.07,-0.6856440035239835,-0.7355935505211908,1
25610,King Chicken Dishes Tavern,Chicken Dishes,Cafe,South Auckland,1.05,43.18,600,165,261,109,65,7124.7,11269.98,4706.62,2806.7,0.215217293072492,0.433281878195703,0.33,8,2.36,153.4,2504.34,242.31,101.2,833.16,0.38,0.6,0.25,0.15,25908.0,3681.0099999999998,0.1420800524934383,0.050000000000000044,0.85,435,0.725,0.648499171268195,12.817846153846153,343.51,630.0,43.18,6.135016666666666,0,Cluster 0,55.21,Moderate Potential,Rebalance Channels,100.0,60.12,62.45,0.0,17.9,-0.9318544639383558,-0.3648989146051246,1
25524,Lucky Chicken Dishes Eatery,Chicken Dishes,QSR,South Auckland,1.05,46.25,1163,247,550,229,137,11423.75,25437.5,10591.25,6336.25,0.224442921560258,0.412300766445696,0.29,6,1.77,242.49,4149.75,1863.46,775.88,2059.19,0.27,0.6,0.25,0.15,53788.75,8848.28,0.1645005693569752,0.050000000000000044,0.85,916,0.7876182287188306,0.636743688005954,15.03058394160584,2639.34,1221.15,46.25,7.608151332760103,0,Cluster 0,59.64,Moderate Potential,Rebalance Channels,100.0,65.13,67.6,0.0,32.28,-1.1791375013402294,-0.06343624868265602,1
26183,Classic Chicken Dishes Kitchen,Chicken Dishes,Full-service,North Shore,1.03,40.63,1724,559,699,291,175,22712.17,28400.37,11823.33,7110.25,0.362177372106817,0.518651018803939,0.27,13,3.84,672.0,2706.65,-4283.58,-1783.29,175.34,0.48,0.6,0.25,0.15,70046.12,-3184.8799999999997,-0.045468328581226194,0.030000000000000027,0.85,1165,0.675754060324826,0.880828390910756,1.0019428571428572,-6066.87,1775.72,40.629999999999995,-1.8473781902552202,1,Cluster 1,21.31,Low Potential,Optimize,66.67,24.08,18.27,0.0,66.48,1.517551027992772,-2.926665561445284,0
26144,Top Chicken Dishes Eatery,Chicken Dishes,Ghost Kitchen,CBD,0.99,34.35,1071,88,590,246,147,3022.8,20266.5,8450.1,5049.45,0.292466923908796,0.265248913434334,0.33,14,4.13,607.11,1336.94,2275.61,948.81,1626.18,0.09,0.6,0.25,0.15,36788.85,6187.540000000001,0.16819063384694008,-0.010000000000000009,0.85,983,0.9178338001867413,0.5577158373431299,11.062448979591837,3224.42,1060.29,34.35,5.777348272642391,0,Cluster 0,35.94,Low Potential,Rebalance Channels,0.0,63.16,66.43,0.0,45.76,-2.113405597163126,0.11211281039445856,1
25269,Top Chicken Dishes Tavern,Chicken Dishes,QSR,South Auckland,1.05,42.92,1256,217,623,260,156,9313.64,26739.16,11159.2,6695.52,0.23040033986792,0.402880302700214,0.29,5,1.48,230.88,3415.49,2051.41,856.13,2224.5,0.21,0.6,0.25,0.15,53907.520000000004,8547.529999999999,0.15855913980090344,0.050000000000000044,0.85,1039,0.8272292993630573,0.633280642568134,14.259615384615385,2907.54,1318.8,42.92,6.805358280254776,0,Cluster 0,59.73,Moderate Potential,Rebalance Channels,100.0,63.25,69.77,0.0,33.09,-1.343574628045141,-0.0616175733066302,1
25069,Urban Chicken Dishes Bistro,Chicken Dishes,Full-service,South Auckland,1.05,44.53,1059,313,448,186,112,13937.89,19949.44,8282.58,4987.36,0.371326761401724,0.544503274257295,0.31,6,1.77,198.24,1173.15,-4505.18,-1870.46,221.55,0.42,0.6,0.25,0.15,47157.270000000004,-4980.94,-0.10562401088951924,0.050000000000000044,0.85,746,0.704438149197356,0.915830035659019,1.9781250000000001,-6375.64,1111.95,44.53,-4.703437204910292,1,Cluster 1,22.26,Low Potential,Optimize,100.0,12.11,24.58,0.0,28.76,1.185429262228349,-3.152119427758193,0
25246,Lucky Chicken Dishes Diner,Chicken Dishes,Full-service,CBD,0.99,37.12,844,241,362,151,90,8945.92,13437.44,5605.12,3340.8,0.364447359659243,0.499855996808037,0.28,10,2.95,265.5,1213.93,-1939.07,-808.84,187.84,0.4,0.6,0.25,0.15,31329.28,-1346.14,-0.04296747323909136,-0.010000000000000009,0.85,603,0.7144549763033176,0.86430335646728,2.087111111111111,-2747.91,835.56,37.12,-1.5949526066350712,1,Cluster 1,0.74,Low Potential,Optimize,0.0,24.75,25.85,0.0,29.19,0.6997322697715336,-2.783597424423568,0
25026,Lucky Chicken Dishes Eatery,Chicken Dishes,Full-service,CBD,0.99,36.56,1959,617,805,336,201,22557.52,29430.8,12284.16,7348.56,0.368867105338722,0.478825511829928,0.29,11,3.25,653.25,3435.68,-4052.4,-1691.44,465.99,0.46,0.6,0.25,0.15,71621.04,-1842.1700000000003,-0.0257210730254685,-0.010000000000000009,0.85,1342,0.6850433894844309,0.8476926171686501,2.3183582089552237,-5743.84,1939.41,36.559999999999995,-0.9403624298111283,1,Cluster 1,7.4,Low Potential,Optimize,0.0,27.96,26.71,0.0,67.09,1.3980806067451146,-2.746941300136403,0
25715,Classic Chicken Dishes Corner,Chicken Dishes,Cafe,CBD,0.99,36.98,627,159,281,117,70,5879.82,10391.38,4326.66,2588.6,0.269088426344097,0.443697705469094,0.31,16,4.72,330.4,1688.77,-236.78,-98.59,413.08,0.34,0.6,0.25,0.15,23186.46,1766.48,0.07618584294454608,-0.010000000000000009,0.85,468,0.7464114832535885,0.712786131813191,5.901142857142857,-335.37,620.73,36.98,2.8173524720893144,0,Cluster 0,24.97,Low Potential,Rebalance Channels,0.0,46.76,39.19,0.0,36.27,-0.5471499039346441,-1.3262079336886623,1
25618,Urban Chicken Dishes Bistro,Chicken Dishes,Full-service,CBD,0.99,31.17,581,144,262,109,66,4488.48,8166.54,3397.53,2057.22,0.381881071231328,0.546755018993281,0.3,18,5.31,350.46,320.32,-1867.17,-776.8,-203.65,0.33,0.6,0.25,0.15,18109.77,-2527.3,-0.13955450566186098,-0.010000000000000009,0.85,437,0.7521514629948365,0.928636090224609,-3.085606060606061,-2643.9700000000003,575.1899999999999,31.17,-4.349913941480207,1,Cluster 1,0.0,Low Potential,Optimize,0.0,8.02,2.58,0.0,39.47,0.8742039794705531,-3.720658254566614,0
25334,Classic Chicken Dishes Grill,Chicken Dishes,Full-service,South Auckland,1.05,33.05,1046,247,479,200,120,8163.35,15830.95,6610.0,3966.0,0.386459062178619,0.501272463728674,0.28,10,2.95,354.0,916.49,-2655.35,-1108.71,91.26,0.31,0.6,0.25,0.15,34570.3,-2756.3099999999995,-0.07973057798167789,0.050000000000000044,0.85,799,0.7638623326959847,0.8877315259072929,0.7605000000000001,-3764.06,1098.3,33.050000000000004,-2.6350956022944545,1,Cluster 1,24.69,Low Potential,Optimize,100.0,18.4,22.24,0.0,37.65,0.6678418522671491,-2.9981133502559354,0
25995,Urban Chicken Dishes Kitchen,Chicken Dishes,Cafe,North Shore,1.03,41.85,1676,366,786,328,196,15317.1,32894.1,13726.8,8202.6,0.216816678419709,0.415236765076406,0.28,3,0.89,174.44,5635.87,2892.92,1207.22,2843.68,0.28,0.6,0.25,0.15,70140.6,12579.69,0.17934962061915638,0.030000000000000027,0.85,1310,0.7816229116945107,0.632053443496115,14.508571428571427,4100.14,1726.28,41.85,7.5057816229116945,0,Cluster 0,54.31,Moderate Potential,Rebalance Channels,66.67,66.99,73.3,0.0,41.56,-0.9248637913105043,-0.0425364704778135,1
25615,Lucky Chicken Dishes Diner,Chicken Dishes,Cafe,West Auckland,1.04,41.26,1751,444,784,327,196,18319.44,32347.84,13492.02,8086.96,0.243740165624768,0.438862110255286,0.29,3,0.89,174.44,5814.55,886.26,369.65,2392.34,0.34,0.6,0.25,0.15,72246.26000000001,9462.8,0.13097979051095515,0.040000000000000036,0.85,1307,0.7464306110793832,0.682602275880054,12.205816326530613,1255.9099999999999,1821.04,41.260000000000005,5.40422615648201,0,Cluster 0,55.04,Moderate Potential,Rebalance Channels,83.33,57.64,65.51,0.0,44.61,-0.3268127101484563,-0.6220225722615141,1
25297,King Chicken Dishes Tavern,Chicken Dishes,Ghost Kitchen,South Auckland,1.05,40.44,1513,125,833,347,208,5055.0,33686.52,14032.68,8411.52,0.292890322674066,0.321109368395992,0.32,13,3.84,798.72,1951.23,2223.32,926.16,2448.13,0.09,0.6,0.25,0.15,61185.72,7548.84,0.12337584652105099,0.050000000000000044,0.85,1388,0.9173826834104428,0.613999691070058,11.76985576923077,3149.48,1588.65,40.44,4.989319233311302,0,Cluster 0,59.96,Moderate Potential,Rebalance Channels,100.0,56.05,59.4,0.0,60.45,-1.5884970697813279,-0.23810967304959324,1
26336,Classic Chicken Dishes Diner,Chicken Dishes,QSR,West Auckland,1.04,34.75,1560,321,743,310,186,11154.75,25819.25,10772.5,6463.5,0.233758511506021,0.37409615800716,0.28,8,2.36,438.96,4374.28,2895.51,1208.09,2095.67,0.26,0.6,0.25,0.15,54210.0,10573.55,0.19504796163069543,0.040000000000000036,0.85,1239,0.7942307692307692,0.607854669513181,11.267043010752689,4103.6,1622.4,34.75,6.777916666666666,0,Cluster 0,59.09,Moderate Potential,Rebalance Channels,83.33,68.12,68.71,0.0,49.88,-1.1348467585876878,0.023122746003026825,1
25108,Urban Chicken Dishes Eatery,Chicken Dishes,Cafe,West Auckland,1.04,46.15,1739,380,815,340,204,17537.0,37612.25,15691.0,9414.6,0.253589859586209,0.356753990403377,0.28,16,4.72,962.88,6833.4,4124.41,1720.61,2705.58,0.28,0.6,0.25,0.15,80254.85,15384.0,0.1916893496156307,0.040000000000000036,0.85,1359,0.7814836112708453,0.610343849989586,13.262647058823529,5845.0199999999995,1808.5600000000002,46.150000000000006,8.846463484761356,0,Cluster 0,60.63,High Potential,Rebalance Channels,83.33,70.47,54.98,0.0,74.54,-0.9576419813418635,-0.009165141759266951,1
26023,Classic Chicken Dishes Cafe,Chicken Dishes,Cafe,North Shore,1.03,39.76,2199,682,910,379,228,27116.32,36181.6,15069.04,9065.28,0.252683397009969,0.378598331613466,0.28,7,2.07,471.96,9998.28,3209.97,1336.9,2870.57,0.45,0.6,0.25,0.15,87432.23999999999,17415.72,0.1991910535518706,0.030000000000000027,0.85,1517,0.6898590268303775,0.631281728623435,12.590219298245614,4546.87,2264.9700000000003,39.76,7.919836289222374,0,Cluster 0,57.81,Moderate Potential,Rebalance Channels,66.67,70.23,66.74,0.0,68.25,-0.028933092526532176,-0.2374531230748726,1
26153,Classic Chicken Dishes Bistro,Chicken Dishes,Full-service,CBD,0.99,30.05,1767,581,712,296,178,17459.05,21395.6,8894.8,5348.9,0.363809832581319,0.534899391676299,0.27,17,5.02,893.56,1768.44,-3609.64,-1500.63,-351.77,0.49,0.6,0.25,0.15,53098.35,-3693.6,-0.06956148354892383,-0.010000000000000009,0.85,1186,0.6711941143180532,0.898709224257618,-1.9762359550561797,-5110.27,1749.33,30.05,-2.0903225806451613,1,Cluster 1,3.14,Low Potential,Optimize,0.0,20.5,8.84,0.0,74.97,1.7869654194034483,-3.4063487169041404,0
25766,Lucky Chicken Dishes Diner,Chicken Dishes,QSR,South Auckland,1.05,40.28,1342,223,671,280,168,8982.44,27027.88,11278.4,6767.04,0.248494998831302,0.410611086990684,0.29,16,4.72,792.96,3062.06,1375.55,574.0,1513.88,0.2,0.6,0.25,0.15,54055.76,6525.49,0.12071775514764753,0.050000000000000044,0.85,1119,0.8338301043219076,0.6591060858219859,9.011190476190476,1949.55,1409.1000000000001,40.28,4.862511177347243,0,Cluster 0,57.62,Moderate Potential,Rebalance Channels,100.0,55.53,47.47,0.0,61.67,-1.0655099722654118,-0.5769641246341829,1
25710,King Chicken Dishes Eatery,Chicken Dishes,Cafe,South Auckland,1.05,33.32,915,242,404,168,101,8063.44,13461.28,5597.76,3365.32,0.224992689006031,0.362242970848456,0.29,11,3.25,328.25,3328.3,1652.57,687.21,1060.83,0.36,0.6,0.25,0.15,30487.800000000003,6728.91,0.22070828331332532,0.050000000000000044,0.85,673,0.7355191256830601,0.587235659854487,10.503267326732672,2339.7799999999997,960.75,33.32,7.354,0,Cluster 0,61.79,High Potential,Rebalance Channels,100.0,72.36,66.86,0.0,35.56,-1.2219465258572964,0.16428819108911621,1
26525,King Chicken Dishes Cafe,Chicken Dishes,Full-service,North Shore,1.03,35.83,2195,722,884,368,221,25869.26,31673.72,13185.44,7918.43,0.393687132711057,0.517130615399219,0.28,11,3.25,718.25,2307.08,-6043.91,-2516.02,-12.07,0.49,0.6,0.25,0.15,78646.85,-6264.92,-0.07965888017129738,0.030000000000000027,0.85,1473,0.6710706150341685,0.9108177481102759,-0.054615384615384614,-8559.93,2260.85,35.830000000000005,-2.8541776765375855,1,Cluster 1,21.21,Low Potential,Optimize,66.67,18.11,16.98,0.0,77.45,2.0264662992798965,-3.352874400405841,0
25712,Classic Chicken Dishes House,Chicken Dishes,Cafe,North Shore,1.03,44.49,1359,395,578,241,145,17573.55,25715.22,10722.09,6451.05,0.252607616316527,0.449872615956701,0.3,8,2.36,342.2,5228.48,-63.78,-26.59,1577.11,0.41,0.6,0.25,0.15,60461.91,6715.219999999999,0.1110652971432758,0.030000000000000027,0.85,964,0.7093451066961001,0.702480232273228,10.876620689655171,-90.37,1399.77,44.49,4.941295069904341,0,Cluster 0,47.48,Moderate Potential,Rebalance Channels,66.67,54.33,54.13,0.0,42.7,-0.12247243879718978,-0.9157724488288379,1
25349,Classic Chicken Dishes Cafe,Chicken Dishes,QSR,CBD,0.99,31.62,486,87,239,100,60,2750.94,7557.18,3162.0,1897.2,0.273522344883531,0.437762876972556,0.31,8,2.36,141.6,794.24,-160.86,-67.3,406.15,0.22,0.6,0.25,0.15,15367.320000000002,972.23,0.0632660737200761,-0.010000000000000009,0.85,399,0.8209876543209876,0.711285221856087,6.769166666666666,-228.16000000000003,481.14,31.620000000000005,2.0004732510288066,0,Cluster 0,23.5,Low Potential,Rebalance Channels,0.0,43.92,52.77,0.0,13.1,-1.0588335592564815,-1.2347801426995608,1
25795,Classic Chicken Dishes Diner,Chicken Dishes,Full-service,CBD,0.99,39.3,1886,509,826,344,207,20003.7,32461.8,13519.2,8135.1,0.387120260915253,0.481964347464964,0.3,12,3.54,732.78,2618.79,-5488.79,-2285.89,332.23,0.37,0.6,0.25,0.15,74119.8,-4823.66,-0.06507923658725469,-0.010000000000000009,0.85,1377,0.7301166489925769,0.8690846083802171,1.6049758454106282,-7774.68,1867.1399999999999,39.300000000000004,-2.557613997879109,1,Cluster 1,4.54,Low Potential,Optimize,0.0,20.48,21.77,0.0,67.1,1.2041931298737163,-2.9631130220102095,0
26008,King Chicken Dishes Bistro,Chicken Dishes,QSR,CBD,0.99,38.11,761,166,357,149,89,6326.26,13605.27,5678.39,3391.79,0.250427420157939,0.40718239499256,0.31,13,3.84,341.76,2166.05,440.68,183.92,819.56,0.28,0.6,0.25,0.15,29001.71,3610.21,0.1244826598155764,-0.010000000000000009,0.85,595,0.7818659658344284,0.657609815150499,9.208539325842697,624.6,753.39,38.11,4.744034165571616,0,Cluster 0,29.53,Low Potential,Rebalance Channels,0.0,55.87,52.67,0.0,33.54,-1.073705499832628,-0.6790136543934134,1
25850,Top Chicken Dishes Eatery,Chicken Dishes,QSR,West Auckland,1.04,42.53,1220,259,577,240,144,11015.27,24539.81,10207.2,6124.32,0.272642806898803,0.430930687393993,0.32,3,0.89,128.16,3265.22,-578.49,-240.62,1687.25,0.27,0.6,0.25,0.15,51886.6,4133.36,0.07966141547143192,0.040000000000000036,0.85,961,0.7877049180327869,0.703573494292796,11.71701388888889,-819.11,1268.8,42.53,3.388,0,Cluster 0,49.31,Moderate Potential,Rebalance Channels,83.33,48.0,62.27,0.0,26.82,-0.6505514362298366,-0.9065146279900034,1
26015,King Chicken Dishes Kitchen,Chicken Dishes,QSR,West Auckland,1.04,39.58,1621,354,760,317,190,14011.32,30080.8,12546.86,7520.2,0.278203928302974,0.431124492408708,0.32,4,1.18,224.2,4072.69,-882.22,-367.98,1961.71,0.28,0.6,0.25,0.15,64159.17999999999,4784.200000000001,0.0745676612450471,0.040000000000000036,0.85,1267,0.7816162862430598,0.709328420711682,10.324789473684211,-1250.2,1685.8400000000001,39.58,2.951388032078964,0,Cluster 0,50.85,Moderate Potential,Rebalance Channels,83.33,46.73,59.75,0.0,42.59,-0.3492331297069172,-1.0486244117022627,1
25422,Urban Chicken Dishes House,Chicken Dishes,Full-service,West Auckland,1.04,39.75,1299,329,582,242,146,13077.75,23134.5,9619.5,5803.5,0.351225982652977,0.451469495147467,0.31,15,4.43,646.78,2580.3,-2607.15,-1084.07,498.28,0.34,0.6,0.25,0.15,51635.25,-612.6399999999999,-0.01186476292842583,0.040000000000000036,0.85,970,0.7467282525019245,0.802695477800444,3.412876712328767,-3691.2200000000003,1350.96,39.75,-0.47162432640492674,1,Cluster 1,27.46,Low Potential,Optimize,83.33,30.46,26.97,0.0,57.46,0.38036504558832346,-2.2179327606330146,0
26012,Urban Chicken Dishes Eatery,Chicken Dishes,Cafe,South Auckland,1.05,39.07,2084,551,920,383,230,21527.57,35944.4,14963.81,8986.1,0.268489274159074,0.367201791936532,0.32,3,0.89,204.7,7842.69,1592.66,663.03,3069.02,0.36,0.6,0.25,0.15,81421.88,13167.400000000001,0.16171820154484273,0.050000000000000044,0.85,1533,0.7356046065259118,0.635691066095606,13.343565217391305,2255.69,2188.2000000000003,39.07,6.318330134357007,0,Cluster 0,63.77,High Potential,Rebalance Channels,100.0,63.01,72.74,0.0,56.44,-0.331846132534031,-0.2991942873932376,1
25425,Lucky Chicken Dishes Diner,Chicken Dishes,Ghost Kitchen,West Auckland,1.04,32.36,1105,52,632,263,158,1682.72,20451.52,8510.68,5112.88,0.296541053603869,0.223851376934908,0.29,17,5.02,793.16,807.05,3877.76,1613.69,1659.02,0.05,0.6,0.25,0.15,35757.8,7957.52,0.22253941797314153,0.040000000000000036,0.85,1053,0.9529411764705882,0.520392430538777,10.500126582278481,5491.450000000001,1149.2,32.36,7.20137556561086,0,Cluster 0,60.71,High Potential,Rebalance Channels,83.33,72.4,67.15,0.0,55.63,-2.51373163223559,0.6165480974257079,1
26099,Classic Chicken Dishes Cafe,Chicken Dishes,QSR,CBD,0.99,35.98,580,123,274,114,69,4425.54,9858.52,4101.72,2482.62,0.270001643337309,0.35182688809,0.32,16,4.72,325.68,1673.61,573.48,238.6,613.18,0.27,0.6,0.25,0.15,20868.4,3098.87,0.14849581184949492,-0.010000000000000009,0.85,457,0.7879310344827586,0.6218285314273091,8.886666666666667,812.08,574.2,35.980000000000004,5.342879310344827,0,Cluster 0,30.84,Low Potential,Rebalance Channels,0.0,59.92,53.21,0.0,34.77,-1.379460608136148,-0.4435173922550312,1
25128,Classic Chicken Dishes Cafe,Chicken Dishes,QSR,North Shore,1.03,40.82,925,179,448,186,112,7306.78,18287.36,7592.52,4571.84,0.269563127625734,0.368867952888832,0.32,4,1.18,132.16,2641.9,760.19,315.61,1520.88,0.24,0.6,0.25,0.15,37758.5,5238.58,0.13873909186011096,0.030000000000000027,0.85,746,0.8064864864864865,0.638431080514566,13.579285714285716,1075.8000000000002,952.75,40.82,5.66332972972973,0,Cluster 0,48.41,Moderate Potential,Rebalance Channels,66.67,59.03,70.68,0.0,18.97,-1.3128035839517158,-0.2820016456516913,1
26088,Lucky Chicken Dishes Bistro,Chicken Dishes,QSR,South Auckland,1.05,39.76,1254,258,598,249,149,10258.08,23776.48,9900.24,5924.24,0.278205859009176,0.377555389888585,0.3,16,4.72,703.28,3531.23,1051.84,437.97,1336.07,0.26,0.6,0.25,0.15,49859.03999999999,6357.11,0.12750165265917676,0.050000000000000044,0.85,996,0.7942583732057417,0.655761248897761,8.966912751677851,1489.81,1316.7,39.76,5.069465709728868,0,Cluster 0,57.58,Moderate Potential,Rebalance Channels,100.0,56.72,47.98,0.0,58.69,-0.9045417373025941,-0.6133745757184139,1
25254,Urban Chicken Dishes Kitchen,Chicken Dishes,QSR,North Shore,1.03,34.75,817,141,406,169,101,4899.75,14108.5,5872.75,3509.75,0.220611839685589,0.445624218787998,0.27,13,3.84,387.84,1635.36,899.61,374.47,783.59,0.21,0.6,0.25,0.15,28390.75,3693.0299999999997,0.1300786347666053,0.030000000000000027,0.85,676,0.8274173806609547,0.666236058473587,7.758316831683168,1274.08,841.51,34.75,4.520232558139535,0,Cluster 0,46.47,Moderate Potential,Rebalance Channels,66.67,56.32,51.34,0.0,36.38,-1.284758079266385,-0.5875415597784356,1
26102,Lucky Chicken Dishes Corner,Chicken Dishes,Full-service,South Auckland,1.05,36.99,982,270,427,178,107,9987.3,15794.73,6584.22,3957.93,0.382685287308414,0.470556372473948,0.29,7,2.07,221.49,1465.72,-2262.46,-943.13,359.37,0.38,0.6,0.25,0.15,36324.18,-1380.5,-0.03800498731148232,0.050000000000000044,0.85,712,0.725050916496945,0.853241659782362,3.3585981308411217,-3205.59,1031.1000000000001,36.99,-1.4058044806517311,1,Cluster 1,27.2,Low Potential,Optimize,100.0,25.68,32.53,0.0,28.49,0.6189787109385119,-2.577277549030938,0
26224,Top Chicken Dishes Corner,Chicken Dishes,Ghost Kitchen,CBD,0.99,35.98,1538,126,847,353,212,4533.48,30475.06,12700.94,7627.76,0.285154600034002,0.312763985386118,0.3,11,3.25,689.0,1822.83,3110.94,1296.53,2377.98,0.09,0.6,0.25,0.15,55337.240000000005,8608.28,0.15556034236618957,-0.010000000000000009,0.85,1412,0.918075422626788,0.59791858542012,11.216886792452831,4407.47,1522.62,35.980000000000004,5.5970611183355015,0,Cluster 0,36.39,Low Potential,Rebalance Channels,0.0,61.21,65.21,0.0,53.66,-1.6993694735789275,-0.1157789216673765,1
25728,Top Chicken Dishes House,Chicken Dishes,Full-service,South Auckland,1.05,45.72,1358,388,582,242,146,17739.36,26609.04,11064.24,6675.12,0.36910094980849,0.538826958462596,0.3,5,1.48,216.08,1633.3,-5532.76,-2300.56,398.51,0.4,0.6,0.25,0.15,62087.76,-5801.51,-0.09344047844534897,0.050000000000000044,0.85,970,0.7142857142857143,0.907927908271086,2.7295205479452056,-7833.32,1425.9,45.72,-4.272098674521355,1,Cluster 1,24.55,Low Potential,Optimize,100.0,14.34,27.44,0.0,36.54,1.1910981577800765,-3.01642955976587,0
26106,Lucky Chicken Dishes Corner,Chicken Dishes,Cafe,North Shore,1.03,31.58,927,274,392,163,98,8652.92,12379.36,5147.54,3094.84,0.244575531296432,0.411475085932761,0.33,8,2.36,231.28,2976.17,172.68,71.81,833.19,0.42,0.6,0.25,0.15,29274.66,4053.85,0.13847641612233924,0.030000000000000027,0.85,653,0.7044228694714132,0.656050617229193,8.501938775510204,244.49,954.8100000000001,31.58,4.373085221143474,0,Cluster 0,47.49,Moderate Potential,Rebalance Channels,66.67,57.26,61.28,0.0,28.36,-0.5054136494863041,-0.6890490573836271,1
25499,Lucky Chicken Dishes Cafe,Chicken Dishes,Full-service,CBD,0.99,34.67,1345,417,557,232,139,14457.39,19311.19,8043.44,4819.13,0.392548737919424,0.529197091492824,0.33,6,1.77,246.03,1131.35,-4861.51,-2024.9,131.09,0.45,0.6,0.25,0.15,46631.15,-5623.97,-0.12060543220572514,-0.010000000000000009,0.85,928,0.6899628252788104,0.921745829412248,0.9430935251798561,-6886.41,1331.55,34.67,-4.181390334572491,1,Cluster 1,0.0,Low Potential,Optimize,0.0,10.8,23.67,0.0,35.84,1.5704022230693613,-3.5440225064916078,0
26459,King Chicken Dishes Cafe,Chicken Dishes,Full-service,South Auckland,1.05,41.58,1157,287,522,218,130,11933.46,21704.76,9064.44,5405.4,0.379103111242875,0.474927577609196,0.32,3,0.89,115.7,1741.92,-3777.29,-1577.49,673.32,0.33,0.6,0.25,0.15,48108.060000000005,-2939.5399999999995,-0.06110285885566783,0.050000000000000044,0.85,870,0.7519446845289542,0.854030688852071,5.179384615384616,-5354.78,1214.8500000000001,41.580000000000005,-2.5406568712186686,1,Cluster 1,26.84,Low Potential,Optimize,100.0,21.03,39.08,0.0,25.08,0.5373983169302624,-2.541069014120027,0
25124,Top Chicken Dishes Cafe,Chicken Dishes,QSR,South Auckland,1.05,37.23,1946,401,927,386,232,14929.23,34512.21,14370.78,8637.36,0.200368717927486,0.363881417782977,0.29,18,5.31,1231.92,6505.41,5030.15,2094.54,2531.81,0.26,0.6,0.25,0.15,72449.58,16161.909999999998,0.22307803578709492,0.050000000000000044,0.85,1545,0.7939362795477903,0.564250135710463,10.912974137931034,7124.69,2043.3000000000002,37.230000000000004,8.305195272353545,0,Cluster 0,68.26,High Potential,Rebalance Channels,100.0,73.96,58.75,0.0,86.77,-1.1569730434193273,0.3192028535868525,1
25669,Classic Chicken Dishes Diner,Chicken Dishes,Full-service,North Shore,1.03,38.18,1710,452,755,314,189,17257.36,28825.9,11988.52,7216.02,0.374131189403124,0.463714917493053,0.29,17,5.02,948.78,2798.35,-3685.28,-1532.69,221.33,0.36,0.6,0.25,0.15,65287.8,-2198.2900000000004,-0.033670762378269756,0.030000000000000027,0.85,1258,0.735672514619883,0.837846106896177,1.1710582010582011,-5217.97,1761.3,38.18,-1.2855497076023394,1,Cluster 1,23.22,Low Potential,Optimize,66.67,26.42,18.22,0.0,75.35,0.8909980657632287,-2.6333306637179805,0
25503,Lucky Chicken Dishes Corner,Chicken Dishes,QSR,South Auckland,1.05,34.98,1278,271,604,252,151,9479.58,21127.92,8814.96,5281.98,0.232261857353151,0.388033886486664,0.28,7,2.07,312.57,3599.44,2106.54,878.89,1693.02,0.27,0.6,0.25,0.15,44704.44,8277.89,0.18516930309383137,0.050000000000000044,0.85,1007,0.7879499217527387,0.620295743839815,11.21205298013245,2985.43,1341.9,34.980000000000004,6.477222222222221,0,Cluster 0,61.06,High Potential,Rebalance Channels,100.0,66.39,68.44,0.0,38.5,-1.1757315871053342,-0.052184096589013004,1
25747,Lucky Chicken Dishes Cafe,Chicken Dishes,Full-service,North Shore,1.03,45.55,1170,340,498,208,124,15487.0,22683.9,9474.4,5648.2,0.358018621860538,0.47737461978104,0.29,10,2.95,365.8,2549.26,-2844.41,-1188.03,563.93,0.41,0.6,0.25,0.15,53293.5,-919.2499999999997,-0.017248820212596275,0.030000000000000027,0.85,830,0.7094017094017094,0.835393241641578,4.547822580645161,-4032.4399999999996,1205.1000000000001,45.55,-0.7856837606837604,1,Cluster 1,21.22,Low Potential,Optimize,66.67,29.31,30.3,0.0,41.1,0.6744702296398699,-2.351006673652258,0
25263,Lucky Chicken Dishes Kitchen,Chicken Dishes,Full-service,West Auckland,1.04,32.66,1394,458,562,234,140,14958.28,18354.92,7642.44,4572.4,0.377910198504105,0.545449625281617,0.32,4,1.18,165.2,1146.41,-4466.85,-1859.86,185.23,0.49,0.6,0.25,0.15,45528.04,-4995.070000000001,-0.10971414539259763,0.040000000000000036,0.85,936,0.6714490674318508,0.923359823785722,1.3230714285714285,-6326.71,1449.76,32.660000000000004,-3.583263988522239,1,Cluster 1,19.7,Low Potential,Optimize,83.33,13.08,26.76,0.0,34.98,1.7122857297046443,-3.444415971974628,0
26196,Classic Chicken Dishes Grill,Chicken Dishes,QSR,CBD,0.99,44.09,1348,286,637,266,159,12609.74,28085.33,11727.94,7010.31,0.276163032259792,0.403236617078073,0.31,6,1.77,281.43,4042.69,297.71,124.32,1966.08,0.27,0.6,0.25,0.15,59433.32,6430.799999999999,0.10820193117261495,-0.010000000000000009,0.85,1062,0.787833827893175,0.679399649337865,12.365283018867924,422.03,1334.52,44.089999999999996,4.7706231454005925,0,Cluster 0,31.02,Low Potential,Rebalance Channels,0.0,53.72,61.02,0.0,35.93,-0.7359335361347437,-0.7469193993626755,1
25266,Urban Chicken Dishes Kitchen,Chicken Dishes,Cafe,West Auckland,1.04,39.33,1694,410,770,321,193,16125.3,30284.1,12624.93,7590.69,0.219555714428425,0.416442147921771,0.33,9,2.66,513.38,5869.64,1029.72,429.27,2249.65,0.32,0.6,0.25,0.15,66625.01999999999,9578.28,0.14376400937665762,0.040000000000000036,0.85,1284,0.7579693034238488,0.635997862350196,11.656217616580312,1458.99,1761.76,39.32999999999999,5.654238488783943,0,Cluster 0,56.8,Moderate Potential,Rebalance Channels,83.33,59.7,62.68,0.0,56.7,-0.6219833139211597,-0.37569053128258106,1
26560,Lucky Chicken Dishes Diner,Chicken Dishes,Ghost Kitchen,South Auckland,1.05,36.31,847,24,494,206,123,871.44,17937.14,7479.86,4466.13,0.256718570971861,0.219190210534725,0.27,13,3.84,472.32,456.71,4557.67,1900.57,1868.34,0.03,0.6,0.25,0.15,30754.57,8783.289999999999,0.28559300292606915,0.050000000000000044,0.85,823,0.9716646989374262,0.475908781506586,15.189756097560975,6458.24,889.35,36.31,10.369881936245571,0,Cluster 0,68.12,High Potential,Rebalance Channels,100.0,85.17,80.68,0.0,37.92,-3.1086823394861764,1.3502790714201998,1
26601,Top Chicken Dishes Tavern,Chicken Dishes,Full-service,South Auckland,1.05,36.06,1239,307,559,233,140,11070.42,20157.54,8401.98,5048.4,0.391479629848618,0.542518933513202,0.32,8,2.36,330.4,730.66,-5119.99,-2134.09,2.8,0.33,0.6,0.25,0.15,44678.340000000004,-6520.62,-0.14594588787318416,0.050000000000000044,0.85,932,0.7522195318805488,0.93399856336182,0.02,-7254.08,1300.95,36.06,-5.262808716707021,1,Cluster 1,21.1,Low Potential,Optimize,100.0,5.93,18.44,0.0,39.52,1.170211389181286,-3.532122884539363,0
26225,King Chicken Dishes Eatery,Chicken Dishes,Ghost Kitchen,South Auckland,1.05,36.32,574,47,316,132,79,1707.04,11477.12,4794.24,2869.28,0.259631792397704,0.24871460768627,0.32,7,2.07,163.53,839.27,1970.09,822.95,1247.16,0.09,0.6,0.25,0.15,20847.68,4879.469999999999,0.23405338147937801,0.050000000000000044,0.85,527,0.9181184668989547,0.508346400083974,15.786835443037976,2793.04,602.7,36.32,8.500818815331009,0,Cluster 0,63.27,High Potential,Rebalance Channels,100.0,75.71,85.69,0.0,14.69,-2.795974865491365,0.9635778773163345,1
26563,Top Chicken Dishes Diner,Chicken Dishes,Full-service,CBD,0.99,34.46,776,188,353,147,88,6478.48,12164.38,5065.62,3032.48,0.390167050494347,0.484435608796775,0.32,9,2.66,234.08,812.38,-2367.22,-985.78,146.18,0.32,0.6,0.25,0.15,26740.96,-2394.44,-0.08954203588801599,-0.010000000000000009,0.85,588,0.7577319587628866,0.874602659291122,1.6611363636363636,-3353.0,768.24,34.46,-3.085618556701031,1,Cluster 1,0.0,Low Potential,Optimize,0.0,16.47,25.9,0.0,24.69,0.5352779089756495,-3.039101282445366,0
25755,Classic Chicken Dishes Diner,Chicken Dishes,Cafe,North Shore,1.03,38.31,1698,411,772,322,193,15745.41,29575.32,12335.82,7393.83,0.264337462056428,0.376248777471483,0.32,18,5.31,1024.83,5659.12,1165.67,486.2,1632.61,0.32,0.6,0.25,0.15,65050.38,8943.6,0.13748728293362777,0.030000000000000027,0.85,1287,0.7579505300353356,0.6405862395279109,8.459119170984456,1651.8700000000001,1748.94,38.309999999999995,5.26713780918728,0,Cluster 0,52.24,Moderate Potential,Rebalance Channels,66.67,58.33,46.98,0.0,77.29,-0.5207635118062739,-0.6245613137315106,1
26605,Urban Chicken Dishes Grill,Chicken Dishes,Full-service,North Shore,1.03,34.49,968,245,434,181,108,8450.05,14968.66,6242.69,3724.92,0.350764283211902,0.542664917814545,0.31,4,1.18,127.44,900.53,-3045.06,-1269.95,269.53,0.34,0.6,0.25,0.15,33386.32,-3144.95,-0.09419876164848356,0.030000000000000027,0.85,723,0.746900826446281,0.893429201026447,2.495648148148148,-4315.01,997.0400000000001,34.49,-3.2489152892561983,1,Cluster 1,14.9,Low Potential,Optimize,66.67,15.62,31.37,0.0,20.39,0.7545313134685668,-3.018835281393781,0
25100,Urban Chicken Dishes Cafe,Chicken Dishes,Cafe,CBD,0.99,39.0,1716,481,741,309,185,18759.0,28899.0,12051.0,7215.0,0.226575082670897,0.356397570972331,0.33,16,4.72,873.2,7823.02,2515.0,1048.77,2135.65,0.39,0.6,0.25,0.15,66924.0,13522.44,0.20205666128743052,-0.010000000000000009,0.85,1235,0.7196969696969697,0.582972653643228,11.544054054054055,3563.77,1698.84,39.0,7.880209790209791,0,Cluster 0,40.13,Moderate Potential,Rebalance Channels,0.0,70.56,59.2,0.0,71.01,-0.6599826452157842,-0.059065557085665854,1
25988,Urban Chicken Dishes Grill,Chicken Dishes,QSR,West Auckland,1.04,32.14,1986,434,931,388,233,13948.76,29922.34,12470.32,7488.62,0.274404364507645,0.42480582697317,0.31,12,3.54,824.82,4195.64,-275.59,-114.85,1427.68,0.28,0.6,0.25,0.15,63830.04,5232.88,0.08198146202007707,0.040000000000000036,0.85,1552,0.7814702920443102,0.699210191480815,6.1273819742489275,-390.43999999999994,2065.44,32.14,2.634884189325277,0,Cluster 0,53.27,Moderate Potential,Rebalance Channels,83.33,47.3,47.96,0.0,73.48,-0.14595940159813103,-1.1780682724752045,1
25194,Top Chicken Dishes Grill,Chicken Dishes,Full-service,CBD,0.99,42.13,906,219,412,172,103,9226.47,17357.56,7246.36,4339.39,0.380105295253452,0.477796747698449,0.32,17,5.02,517.06,1311.06,-3087.95,-1289.14,99.56,0.32,0.6,0.25,0.15,38169.78,-2966.47,-0.07771776520587753,-0.010000000000000009,0.85,687,0.7582781456953642,0.857902042951901,0.9666019417475729,-4377.09,896.9399999999999,42.129999999999995,-3.27424944812362,1,Cluster 1,0.0,Low Potential,Optimize,0.0,17.8,15.13,0.0,47.5,0.50542403103185,-2.8948904542660565,0
26488,Urban Chicken Dishes Kitchen,Chicken Dishes,Cafe,North Shore,1.03,40.1,1532,397,681,284,170,15919.7,27308.1,11388.4,6817.0,0.227174992673099,0.391697818483226,0.3,4,1.18,200.6,6067.43,2215.43,923.91,2397.54,0.35,0.6,0.25,0.15,61433.200000000004,11604.310000000001,0.18889313921462664,0.030000000000000027,0.85,1135,0.7408616187989556,0.618872811156325,14.103176470588235,3139.3399999999997,1577.96,40.1,7.574614882506529,0,Cluster 0,54.36,Moderate Potential,Rebalance Channels,66.67,68.37,73.69,0.0,39.11,-0.7976692169674384,-0.029859871674666024,1
26409,King Chicken Dishes Grill,Chicken Dishes,QSR,CBD,0.99,35.86,699,157,325,136,81,5630.02,11654.5,4876.96,2904.66,0.212010084744543,0.381449992023408,0.3,15,4.43,358.83,2288.83,1241.67,519.59,822.03,0.29,0.6,0.25,0.15,25066.14,4872.12,0.19437057321151163,-0.010000000000000009,0.85,542,0.7753934191702432,0.593460076767951,10.148518518518518,1761.2600000000002,692.01,35.86,6.970128755364807,0,Cluster 0,34.35,Low Potential,Rebalance Channels,0.0,68.29,59.22,0.0,36.23,-1.4921110161364952,-0.023517824934673155,1
25278,King Chicken Dishes Bistro,Chicken Dishes,Cafe,North Shore,1.03,35.66,975,283,415,173,104,10091.78,14798.9,6169.18,3708.64,0.243387985173613,0.42571567571722,0.31,17,5.02,522.08,3339.33,309.24,128.91,705.1,0.41,0.6,0.25,0.15,34768.5,4482.58,0.12892647079971814,0.030000000000000027,0.85,692,0.7097435897435898,0.669103660890833,6.779807692307693,438.15,1004.25,35.66,4.5975179487179485,0,Cluster 0,47.22,Moderate Potential,Rebalance Channels,66.67,56.27,44.23,0.0,50.96,-0.41605480341725853,-0.8617074264070897,1
25035,King Chicken Dishes House,Chicken Dishes,QSR,West Auckland,1.04,43.39,733,137,358,149,89,5944.43,15533.62,6465.11,3861.71,0.279572833776474,0.427455027331598,0.28,4,1.18,105.02,1741.55,201.5,83.87,1026.35,0.23,0.6,0.25,0.15,31804.870000000003,3053.27,0.09600007797547985,0.040000000000000036,0.85,596,0.8130968622100955,0.707027861108072,11.53202247191011,285.37,762.32,43.39,4.165443383356071,0,Cluster 0,47.59,Moderate Potential,Rebalance Channels,83.33,51.25,60.1,0.0,12.83,-1.0735799013003313,-0.7926034161401254,1
26452,King Chicken Dishes Tavern,Chicken Dishes,Full-service,South Auckland,1.05,46.38,1671,494,706,294,177,22911.72,32744.28,13635.72,8209.26,0.396182681852952,0.468002405646257,0.31,13,3.84,679.68,3111.75,-5703.57,-2375.14,435.26,0.42,0.6,0.25,0.15,77500.98,-4531.699999999999,-0.058472808988996,0.050000000000000044,0.85,1177,0.7043686415320167,0.864185087499209,2.45909604519774,-8078.709999999999,1754.5500000000002,46.379999999999995,-2.7119688809096343,1,Cluster 1,29.33,Low Potential,Optimize,100.0,21.16,20.83,0.0,65.8,1.2079776956988133,-2.7750150763281494,0
25281,Top Chicken Dishes Tavern,Chicken Dishes,Full-service,North Shore,1.03,45.08,1054,322,439,183,110,14515.76,19790.12,8249.64,4958.8,0.357244657352567,0.452993982331827,0.28,10,2.95,324.5,2754.53,-1785.83,-744.44,616.49,0.44,0.6,0.25,0.15,47514.32,840.7500000000002,0.017694665523993614,0.030000000000000027,0.85,732,0.6944971537001897,0.810238639684394,5.604454545454545,-2530.27,1085.6200000000001,45.08,0.7976755218216321,1,Cluster 1,38.13,Low Potential,Rebalance Channels,66.67,36.16,34.18,0.0,37.25,0.5406505561743804,-2.0742976175355716,0
25632,Classic Chicken Dishes House,Chicken Dishes,Full-service,North Shore,1.03,40.05,1279,384,537,224,134,15379.2,21506.85,8971.2,5366.7,0.353959595959168,0.499846138083376,0.31,11,3.25,435.5,2248.35,-3522.95,-1469.53,349.08,0.43,0.6,0.25,0.15,51223.95,-2395.05,-0.04675644888767853,0.030000000000000027,0.85,895,0.6997654417513682,0.853805734042544,2.6050746268656715,-4992.48,1317.3700000000001,40.05,-1.8725957779515248,1,Cluster 1,19.84,Low Potential,Optimize,66.67,23.87,25.77,0.0,47.05,0.9834885995239268,-2.6981274696784796,0
26616,Classic Chicken Dishes Kitchen,Chicken Dishes,Cafe,West Auckland,1.04,36.03,822,230,355,148,89,8286.9,12790.65,5332.44,3206.67,0.26196017023176,0.404206880182028,0.29,12,3.54,315.06,2766.44,560.65,233.74,755.43,0.39,0.6,0.25,0.15,29616.659999999996,4316.26,0.14573756797694273,0.040000000000000036,0.85,592,0.7201946472019465,0.666167050413788,8.487977528089887,794.39,854.88,36.029999999999994,5.250924574209246,0,Cluster 0,51.47,Moderate Potential,Rebalance Channels,83.33,59.42,53.05,0.0,34.48,-0.6460369743396733,-0.6696184688951464,1
25485,Classic Chicken Dishes Diner,Chicken Dishes,Ghost Kitchen,South Auckland,1.05,36.15,1549,101,869,362,217,3651.15,31414.35,13086.3,7844.55,0.298081421875395,0.201828700664919,0.33,16,4.72,1024.24,1825.9,5343.26,2225.85,2898.74,0.07,0.6,0.25,0.15,55996.350000000006,12293.75,0.2195455596659425,0.050000000000000044,0.85,1448,0.9347966429954809,0.499910122540314,13.358248847926266,7569.110000000001,1626.45,36.150000000000006,7.936571981923822,0,Cluster 0,67.95,High Potential,Rebalance Channels,100.0,72.99,72.0,0.0,68.67,-2.3126457797047353,0.7466197331329318,1
25526,Lucky Chicken Dishes Grill,Chicken Dishes,Full-service,North Shore,1.03,39.19,864,251,368,153,92,9836.69,14421.92,5996.07,3605.48,0.381625039479695,0.452628683648072,0.29,8,2.36,217.12,1630.39,-1791.98,-745.03,380.47,0.41,0.6,0.25,0.15,33860.16,-526.1499999999999,-0.015538910625348486,0.030000000000000027,0.85,613,0.7094907407407407,0.834253723127767,4.13554347826087,-2537.01,889.9200000000001,39.190000000000005,-0.6089699074074072,1,Cluster 1,19.82,Low Potential,Optimize,66.67,29.78,33.82,0.0,26.27,0.5353664015132898,-2.4029435197664086,0
25690,Urban Chicken Dishes Eatery,Chicken Dishes,QSR,West Auckland,1.04,34.72,1548,329,731,305,183,11422.88,25380.32,10589.6,6353.76,0.211169311255217,0.353692920994945,0.32,9,2.66,486.78,4970.53,2922.23,1219.26,2277.98,0.27,0.6,0.25,0.15,53746.56,11390.0,0.2119205396587242,0.040000000000000036,0.85,1219,0.787467700258398,0.564862232250162,12.447978142076503,4141.49,1609.92,34.72,7.357881136950905,0,Cluster 0,61.13,High Potential,Rebalance Channels,83.33,71.18,73.64,0.0,51.81,-1.3236012791597342,0.3314517271077202,1
25164,King Chicken Dishes Eatery,Chicken Dishes,Cafe,CBD,0.99,33.91,1708,404,782,326,196,13699.64,26517.62,11054.66,6646.36,0.275084480158985,0.434299941756763,0.31,13,3.84,752.64,3981.33,-514.03,-214.29,1178.9,0.31,0.6,0.25,0.15,57918.28,4431.91,0.07652005549888567,-0.010000000000000009,0.85,1304,0.7634660421545667,0.709384421915748,6.014795918367348,-728.3199999999999,1690.92,33.91,2.594795081967213,0,Cluster 0,30.13,Low Potential,Rebalance Channels,0.0,46.51,44.69,0.0,63.75,-0.11592579830704827,-1.3402531934770412,1
26581,Top Chicken Dishes Bistro,Chicken Dishes,Full-service,South Auckland,1.05,35.77,708,175,320,133,80,6259.75,11446.4,4757.41,2861.6,0.359229356178548,0.543293463112786,0.3,13,3.84,307.2,610.18,-2318.16,-963.48,-28.26,0.33,0.6,0.25,0.15,25325.16,-2699.7200000000003,-0.10660228800133939,0.050000000000000044,0.85,533,0.7528248587570622,0.902522819291334,-0.35325,-3281.64,743.4,35.77,-3.81316384180791,1,Cluster 1,21.26,Low Potential,Optimize,100.0,13.19,14.92,0.0,33.22,0.6885263277737503,-3.1852187293254928,0
25410,Classic Chicken Dishes Tavern,Chicken Dishes,Full-service,North Shore,1.03,38.6,1792,493,779,325,195,19029.8,30069.4,12545.0,7527.0,0.385923194221687,0.500383127992973,0.28,10,2.95,575.25,2163.57,-5000.73,-2086.31,280.52,0.38,0.6,0.25,0.15,69171.2,-4642.949999999999,-0.06712258859178385,0.030000000000000027,0.85,1299,0.7248883928571429,0.8863063222146601,1.4385641025641025,-7087.039999999999,1845.76,38.6,-2.5909319196428564,1,Cluster 1,20.46,Low Potential,Optimize,66.67,20.15,22.46,0.0,61.74,1.2550732326646419,-2.986338186617009,0
25370,Urban Chicken Dishes Tavern,Chicken Dishes,Cafe,West Auckland,1.04,34.22,1902,503,839,350,210,17212.66,28710.58,11977.0,7186.2,0.200822497606277,0.443855504575185,0.28,13,3.84,806.4,6116.04,2162.54,902.13,1747.01,0.36,0.6,0.25,0.15,65086.44,10927.72,0.16789549405375373,0.040000000000000036,0.85,1399,0.7355415352260778,0.644678002181462,8.319095238095239,3064.67,1978.0800000000002,34.22,5.7453838065194525,0,Cluster 0,58.49,Moderate Potential,Rebalance Channels,83.33,63.07,54.67,0.0,73.0,-0.34810274316567813,-0.4502863861550226,1
25532,Urban Chicken Dishes Diner,Chicken Dishes,Full-service,CBD,0.99,32.81,1776,559,730,304,183,18340.79,23951.3,9974.24,6004.23,0.366434603743255,0.460967471939512,0.3,18,5.31,971.73,3165.58,-3051.45,-1270.74,64.59,0.46,0.6,0.25,0.15,58270.56,-1092.02,-0.018740509787446697,-0.010000000000000009,0.85,1217,0.6852477477477478,0.8274020756827669,0.35295081967213116,-4322.19,1758.24,32.809999999999995,-0.6148761261261261,1,Cluster 1,7.61,Low Potential,Optimize,0.0,29.34,18.19,0.0,77.59,1.2556201789313453,-2.7375102663681035,0
26464,Urban Chicken Dishes Grill,Chicken Dishes,QSR,North Shore,1.03,35.82,917,200,430,179,108,7164.0,15402.6,6411.78,3868.56,0.254136428367347,0.36182637065649,0.28,12,3.54,382.32,2751.24,1602.44,667.06,1103.35,0.28,0.6,0.25,0.15,32846.939999999995,6124.09,0.18644324250599906,0.030000000000000027,0.85,717,0.781897491821156,0.615962799023837,10.216203703703703,2269.5,944.51,35.81999999999999,6.678396946564885,0,Cluster 0,51.14,Moderate Potential,Rebalance Channels,66.67,66.83,60.79,0.0,37.37,-1.3144565534353827,-0.12282430883099989,1
25778,Lucky Chicken Dishes Grill,Chicken Dishes,Cafe,South Auckland,1.05,43.68,1907,451,874,364,218,19699.68,38176.32,15899.52,9522.24,0.247065822742879,0.448757321154699,0.3,10,2.95,643.1,5992.19,159.46,66.41,2253.35,0.31,0.6,0.25,0.15,83297.76000000001,8471.41,0.10170033383850897,0.050000000000000044,0.85,1456,0.7635028841111694,0.695823143897578,10.336467889908256,225.87,2002.3500000000001,43.68000000000001,4.442270582066072,0,Cluster 0,58.48,Moderate Potential,Rebalance Channels,100.0,52.4,51.82,0.0,66.79,-0.21065562499705667,-0.8644208291818372,1
25899,Lucky Chicken Dishes Kitchen,Chicken Dishes,QSR,South Auckland,1.05,42.28,577,122,273,114,68,5158.16,11542.44,4819.92,2875.04,0.215359400771558,0.375734021747485,0.29,6,1.77,120.36,2109.21,1372.47,573.12,1055.26,0.27,0.6,0.25,0.15,24395.559999999998,5110.06,0.2094668046152661,0.050000000000000044,0.85,455,0.7885615251299827,0.591093422519043,15.518529411764705,1945.5900000000001,605.85,42.279999999999994,8.85625649913345,0,Cluster 0,60.01,High Potential,Rebalance Channels,100.0,72.87,74.63,0.0,12.45,-1.7618166003596212,0.3820055809639737,1
25051,Top Chicken Dishes Kitchen,Chicken Dishes,QSR,South Auckland,1.05,36.53,1539,317,733,306,183,11580.01,26776.49,11178.18,6684.99,0.265349924974144,0.408302287640981,0.32,11,3.25,594.75,3779.11,169.97,70.96,1586.88,0.26,0.6,0.25,0.15,56219.67,5606.92,0.0997323534627649,0.050000000000000044,0.85,1222,0.7940220922677063,0.673652212615125,8.671475409836066,240.93,1615.95,36.53,3.643222871994802,0,Cluster 0,56.97,Moderate Potential,Rebalance Channels,100.0,51.05,53.54,0.0,56.67,-0.630353823989633,-0.8208856674175598,1
26508,Lucky Chicken Dishes Corner,Chicken Dishes,Cafe,North Shore,1.03,31.08,1351,335,610,254,152,10411.8,18958.8,7894.32,4724.16,0.226666594538838,0.354756896616891,0.32,6,1.77,269.04,4358.13,1868.89,778.19,1708.38,0.33,0.6,0.25,0.15,41989.08,8713.59,0.2075203838712351,0.030000000000000027,0.85,1016,0.7520355292376018,0.581423491155729,11.239342105263159,2647.08,1391.53,31.080000000000002,6.449733530717987,0,Cluster 0,54.9,Moderate Potential,Rebalance Channels,66.67,69.36,76.13,0.0,37.77,-1.1120978781282558,0.13893084704134462,1
26146,Lucky Chicken Dishes Grill,Chicken Dishes,Cafe,West Auckland,1.04,32.19,1034,306,437,182,109,9850.14,14067.03,5858.58,3508.71,0.232472664527595,0.365741711459123,0.27,16,4.72,514.48,3957.64,1853.83,772.08,895.27,0.42,0.6,0.25,0.15,33284.46,7478.82,0.2246940464108476,0.040000000000000036,0.85,728,0.7040618955512572,0.598214375986718,8.21348623853211,2625.91,1075.3600000000001,32.19,7.232901353965183,0,Cluster 0,58.02,Moderate Potential,Rebalance Channels,83.33,72.73,56.85,0.0,50.92,-0.866116335027072,-0.03750356197002956,1
26267,Top Chicken Dishes Kitchen,Chicken Dishes,Full-service,South Auckland,1.05,34.82,1242,361,529,220,132,12570.02,18419.78,7660.4,4596.24,0.38730479341466,0.520932093821466,0.31,12,3.54,467.28,1153.46,-4019.88,-1671.78,-45.51,0.41,0.6,0.25,0.15,43246.439999999995,-4583.71,-0.10599045840536239,0.050000000000000044,0.85,881,0.7093397745571659,0.908236887236126,-0.34477272727272723,-5691.66,1304.1000000000001,34.81999999999999,-3.6905877616747182,1,Cluster 1,23.85,Low Potential,Optimize,100.0,13.43,15.74,0.0,48.95,1.29367496418341,-3.338796428378568,0
25176,King Chicken Dishes Corner,Chicken Dishes,Full-service,North Shore,1.03,36.42,884,270,368,154,92,9833.4,13402.56,5608.68,3350.64,0.390852915146388,0.547322647483088,0.32,8,2.36,217.12,607.94,-3460.21,-1448.02,-9.97,0.44,0.6,0.25,0.15,32195.28,-4310.26,-0.13387863065641922,0.030000000000000027,0.85,614,0.6945701357466063,0.938175562629476,-0.10836956521739131,-4908.23,910.52,36.42,-4.8758597285067875,1,Cluster 1,11.29,Low Potential,Optimize,66.67,8.08,17.8,0.0,26.94,1.3892464574225687,-3.6022875757067565,0
26512,Lucky Chicken Dishes Bistro,Chicken Dishes,Ghost Kitchen,North Shore,1.03,31.45,528,20,305,127,76,629.0,9592.25,3994.15,2390.2,0.2813045074814,0.336554414918646,0.31,10,2.95,224.2,240.37,692.0,288.14,689.19,0.04,0.6,0.25,0.15,16605.6,1909.7,0.11500337235631354,0.030000000000000027,0.85,508,0.9621212121212122,0.617858922400046,9.068289473684212,980.14,543.84,31.449999999999996,3.616856060606061,0,Cluster 0,45.67,Moderate Potential,Rebalance Channels,66.67,53.07,63.83,0.0,19.79,-2.2209025487524983,-0.302455072941069,1
26513,Lucky Chicken Dishes Bistro,Chicken Dishes,Full-service,CBD,0.99,40.96,1045,324,433,180,108,13271.04,17735.68,7372.8,4423.68,0.352179892244749,0.497592388815247,0.32,6,1.77,191.16,1993.68,-3011.03,-1251.7,473.4,0.45,0.6,0.25,0.15,42803.200000000004,-1795.65,-0.04195130270633971,-0.010000000000000009,0.85,721,0.6899521531100479,0.8497722810599959,4.383333333333333,-4262.7300000000005,1034.55,40.96,-1.7183253588516747,1,Cluster 1,2.07,Low Potential,Optimize,0.0,24.72,34.76,0.0,26.27,0.8862540133720938,-2.6418897995765573,0
25543,Classic Chicken Dishes Eatery,Chicken Dishes,Full-service,South Auckland,1.05,44.93,1141,314,496,207,124,14108.02,22285.28,9300.51,5571.32,0.351122852961998,0.460182573297061,0.33,5,1.48,183.52,2662.11,-3149.03,-1314.21,867.76,0.38,0.6,0.25,0.15,51265.130000000005,-933.3700000000001,-0.01820672258121651,0.050000000000000044,0.85,827,0.7248028045574058,0.8113054262590591,6.998064516129032,-4463.24,1198.05,44.93000000000001,-0.818028045574058,1,Cluster 1,30.13,Low Potential,Optimize,100.0,29.14,42.33,0.0,29.2,0.4224671470109809,-2.105371904039063,0
25545,Lucky Chicken Dishes Eatery,Chicken Dishes,Full-service,West Auckland,1.04,42.07,851,211,384,160,96,8876.77,16154.88,6731.2,4038.72,0.363002442847937,0.472114739613608,0.3,17,5.02,481.92,1463.63,-2182.8,-909.5,184.0,0.33,0.6,0.25,0.15,35801.57,-1444.67,-0.04035214098152679,0.040000000000000036,0.85,640,0.7520564042303173,0.835117182461545,1.9166666666666667,-3092.3,885.0400000000001,42.07,-1.697614571092832,1,Cluster 1,22.87,Low Potential,Optimize,83.33,24.97,18.64,0.0,47.12,0.31702291421319323,-2.503880952137122,0
25909,Top Chicken Dishes Tavern,Chicken Dishes,Full-service,South Auckland,1.05,38.01,828,223,363,151,91,8476.23,13797.63,5739.51,3458.91,0.356276580388658,0.51907343599014,0.3,15,4.43,403.13,1056.56,-2419.41,-1006.42,28.02,0.37,0.6,0.25,0.15,31472.280000000002,-2341.25,-0.07439086078288576,0.050000000000000044,0.85,605,0.7306763285024155,0.875350016378798,0.3079120879120879,-3425.83,869.4000000000001,38.010000000000005,-2.827596618357488,1,Cluster 1,24.16,Low Potential,Optimize,100.0,18.86,15.77,0.0,41.95,0.7089746582023553,-2.921084250180727,0
25992,Classic Chicken Dishes Corner,Chicken Dishes,QSR,CBD,0.99,37.15,903,197,424,176,106,7318.55,15751.6,6538.4,3937.9,0.275219822190702,0.385960437194444,0.28,10,2.95,312.7,2479.67,926.51,384.59,1021.54,0.28,0.6,0.25,0.15,33546.450000000004,4812.31,0.14345213875089613,-0.010000000000000009,0.85,706,0.7818383167220376,0.661180259385146,9.637169811320755,1311.1,893.97,37.150000000000006,5.329246954595792,0,Cluster 0,30.9,Low Potential,Rebalance Channels,0.0,59.22,57.16,0.0,31.07,-1.0344807083766734,-0.609430593982728,1
26397,Urban Chicken Dishes Diner,Chicken Dishes,Full-service,South Auckland,1.05,44.41,1117,295,493,206,123,13100.95,21894.13,9148.46,5462.43,0.373765610810369,0.488650142215192,0.32,11,3.25,399.75,1802.48,-3993.83,-1668.82,351.79,0.36,0.6,0.25,0.15,49605.97,-3508.38,-0.07072495508101143,0.050000000000000044,0.85,822,0.7358997314234557,0.862415753025561,2.8600813008130084,-5662.65,1172.8500000000001,44.410000000000004,-3.140895255147717,1,Cluster 1,25.98,Low Potential,Optimize,100.0,18.93,24.44,0.0,42.39,0.7124666550817725,-2.7209234684588233,0
25994,Classic Chicken Dishes House,Chicken Dishes,Cafe,North Shore,1.03,38.81,1208,306,541,226,135,11875.86,20996.21,8771.06,5239.35,0.279093513116241,0.403864918788895,0.33,7,2.07,279.45,3765.14,-272.08,-113.66,1381.64,0.34,0.6,0.25,0.15,46882.479999999996,4761.04,0.10155264823874506,0.030000000000000027,0.85,902,0.7466887417218543,0.682958431905136,10.234370370370371,-385.74,1244.24,38.809999999999995,3.9412582781456953,0,Cluster 0,46.65,Moderate Potential,Rebalance Channels,66.67,51.7,58.78,0.0,35.36,-0.49007355426876315,-0.878828233956251,1
26035,Top Chicken Dishes Corner,Chicken Dishes,Full-service,West Auckland,1.04,46.7,1772,497,765,319,191,23209.9,35725.5,14897.3,8919.7,0.371603379561566,0.546367139532231,0.3,10,2.95,563.45,1903.9,-7787.11,-3247.17,168.23,0.39,0.6,0.25,0.15,82752.4,-8962.15,-0.10830078644244759,0.040000000000000036,0.85,1275,0.7195259593679458,0.917970519093797,0.880785340314136,-11034.279999999999,1842.88,46.699999999999996,-5.057646726862302,1,Cluster 1,21.41,Low Potential,Optimize,83.33,11.28,17.58,0.0,61.65,1.4675451514453046,-3.2251791746522143,0
26157,Lucky Chicken Dishes Cafe,Chicken Dishes,QSR,West Auckland,1.04,40.3,1585,327,755,314,189,13178.1,30426.5,12654.2,7616.7,0.23987269192934,0.437369135953486,0.3,3,0.89,168.21,4253.34,692.45,287.99,2290.14,0.26,0.6,0.25,0.15,63875.5,7523.92,0.11779038911632786,0.040000000000000036,0.85,1258,0.7936908517350157,0.6772418278828259,12.117142857142856,980.44,1648.4,40.3,4.746952681388013,0,Cluster 0,53.7,Moderate Potential,Rebalance Channels,83.33,54.98,66.33,0.0,39.05,-0.6991985761159795,-0.5869839803792597,1
25511,Classic Chicken Dishes Cafe,Chicken Dishes,Cafe,West Auckland,1.04,41.47,778,179,359,150,90,7423.13,14887.73,6220.5,3732.3,0.206451105829328,0.418182221613824,0.28,10,2.95,265.5,2786.4,1419.79,593.23,1135.48,0.3,0.6,0.25,0.15,32263.66,5934.9,0.1839499920343817,0.040000000000000036,0.85,599,0.7699228791773779,0.624633327443152,12.616444444444445,2013.02,809.12,41.47,7.628406169665809,0,Cluster 0,54.59,Moderate Potential,Rebalance Channels,83.33,67.78,62.79,0.0,28.34,-1.3221731928927802,-0.026413238383286266,1
25552,Classic Chicken Dishes Kitchen,Chicken Dishes,QSR,West Auckland,1.04,37.01,858,160,419,174,105,5921.6,15507.19,6439.74,3886.05,0.262482558079064,0.391402517212555,0.32,11,3.25,341.25,2049.55,404.97,168.17,1003.77,0.23,0.6,0.25,0.15,31754.579999999998,3626.4600000000005,0.11420273862856951,0.040000000000000036,0.85,698,0.8135198135198135,0.653885075291619,9.559714285714286,573.14,892.32,37.01,4.226643356643357,0,Cluster 0,50.6,Moderate Potential,Rebalance Channels,83.33,53.79,56.58,0.0,33.35,-1.2122109954151132,-0.591511597116678,1
26403,Classic Chicken Dishes Eatery,Chicken Dishes,QSR,South Auckland,1.05,39.74,1090,231,515,215,129,9179.94,20466.1,8544.1,5126.46,0.236420505195856,0.442328492319211,0.3,10,2.95,380.55,2949.06,434.93,181.57,1266.33,0.27,0.6,0.25,0.15,43316.6,4831.889999999999,0.11154822862366852,0.050000000000000044,0.85,859,0.7880733944954128,0.678748997515067,9.816511627906976,616.5,1144.5,39.74,4.432926605504587,0,Cluster 0,55.19,Moderate Potential,Rebalance Channels,100.0,53.71,54.45,0.0,39.14,-0.8604405309442444,-0.6911148001627098,1
25636,King Chicken Dishes Grill,Chicken Dishes,QSR,South Auckland,1.05,41.3,860,193,400,167,100,7970.9,16520.0,6897.1,4130.0,0.216888165101409,0.41051693004556,0.3,7,2.07,207.0,2969.92,1199.27,500.69,1331.82,0.29,0.6,0.25,0.15,35518.0,6001.7,0.16897629371023143,0.050000000000000044,0.85,667,0.7755813953488372,0.627405095146969,13.3182,1699.96,903.0,41.3,6.978720930232558,0,Cluster 0,58.34,Moderate Potential,Rebalance Channels,100.0,64.88,67.34,0.0,24.36,-1.2829031604361854,-0.0670283981491777,1
26526,King Chicken Dishes Eatery,Chicken Dishes,QSR,South Auckland,1.05,47.14,1669,365,782,326,196,17206.1,36863.48,15367.64,9239.44,0.205915519483387,0.41907460920047,0.32,9,2.66,521.36,6452.46,2027.86,845.37,2943.52,0.28,0.6,0.25,0.15,78676.66,12269.210000000001,0.15594472363214198,0.050000000000000044,0.85,1304,0.7813061713600958,0.6249901286838571,15.017959183673469,2873.23,1752.45,47.14,7.351234272019174,0,Cluster 0,62.24,High Potential,Rebalance Channels,100.0,63.63,64.38,0.0,56.4,-0.9032945427709155,-0.08783407681678301,1
26002,Top Chicken Dishes Bistro,Chicken Dishes,Cafe,North Shore,1.03,37.74,574,161,248,103,62,6076.14,9359.52,3887.22,2339.88,0.265319737531245,0.413660392141901,0.31,17,5.02,311.24,1950.56,103.14,42.84,439.91,0.39,0.6,0.25,0.15,21662.760000000002,2536.45,0.11708803495030179,0.030000000000000027,0.85,413,0.7195121951219512,0.6789801296731459,7.095322580645162,145.98000000000002,591.22,37.74,4.41890243902439,0,Cluster 0,44.46,Moderate Potential,Rebalance Channels,66.67,54.44,42.71,0.0,37.65,-0.6317963247358035,-0.9283186446086674,1
26407,Urban Chicken Dishes Eatery,Chicken Dishes,Cafe,West Auckland,1.04,42.96,729,201,317,132,79,8634.96,13618.32,5670.72,3393.84,0.217929768580943,0.430856885272078,0.29,17,5.02,396.58,3032.71,833.62,347.12,795.38,0.38,0.6,0.25,0.15,31317.84,5008.83,0.15993535952671065,0.040000000000000036,0.85,528,0.7242798353909465,0.648786653853021,10.068101265822785,1180.74,758.1600000000001,42.96,6.87082304526749,0,Cluster 0,52.64,Moderate Potential,Rebalance Channels,83.33,63.52,47.36,0.0,43.03,-0.8581211270059773,-0.4258330477657537,1
26650,Urban Chicken Dishes Grill,Chicken Dishes,QSR,CBD,0.99,44.38,972,200,463,193,116,8876.0,20547.94,8565.34,5148.08,0.261481612157077,0.361943576228805,0.3,6,1.77,205.32,3342.48,1573.45,655.89,1733.32,0.26,0.6,0.25,0.15,43137.36,7305.14,0.16934601468425514,-0.010000000000000009,0.85,772,0.7942386831275721,0.623425188385882,14.942413793103448,2229.34,962.28,44.38,7.515576131687243,0,Cluster 0,33.94,Low Potential,Rebalance Channels,0.0,65.66,69.65,0.0,23.94,-1.351629280394417,-0.10733765651691012,1
25195,Classic Chicken Dishes Tavern,Chicken Dishes,Ghost Kitchen,West Auckland,1.04,45.12,1002,38,578,241,145,1714.56,26079.36,10873.92,6542.4,0.277063583978452,0.22255689316662,0.31,15,4.43,642.35,857.93,4964.98,2070.17,2631.33,0.04,0.6,0.25,0.15,45210.240000000005,10524.41,0.23278819134780082,0.040000000000000036,0.85,964,0.9620758483033932,0.49962047714507196,18.14710344827586,7035.15,1042.08,45.120000000000005,10.503403193612774,0,Cluster 0,62.26,High Potential,Rebalance Channels,83.33,78.24,73.69,0.0,47.51,-2.792219743189732,1.0047811804837874,1
25075,Lucky Chicken Dishes Corner,Chicken Dishes,Cafe,West Auckland,1.04,43.83,1005,260,447,186,112,11395.8,19592.01,8152.38,4908.96,0.254103430975229,0.431581871630624,0.27,8,2.36,264.32,3581.87,868.21,361.27,1278.64,0.35,0.6,0.25,0.15,44049.149999999994,6089.990000000001,0.13825442715693723,0.040000000000000036,0.85,745,0.7412935323383084,0.685685302605853,11.416428571428572,1229.48,1045.2,43.82999999999999,6.059691542288558,0,Cluster 0,51.74,Moderate Potential,Rebalance Channels,83.33,59.5,56.72,0.0,31.28,-0.6629394558326177,-0.6169609309758758,1
25197,Lucky Chicken Dishes Diner,Chicken Dishes,Cafe,West Auckland,1.04,46.02,984,291,416,173,104,13391.82,19144.32,7961.46,4786.08,0.220303283929825,0.406533859437332,0.29,10,2.95,306.8,4997.33,1592.1,662.1,1479.19,0.42,0.6,0.25,0.15,45283.68,8730.720000000001,0.1928005851114574,0.040000000000000036,0.85,693,0.7042682926829268,0.626837143367157,14.22298076923077,2254.2,1023.36,46.02,8.872682926829269,0,Cluster 0,56.27,Moderate Potential,Rebalance Channels,83.33,70.65,62.45,0.0,35.24,-0.7965600551980463,-0.06689307850247316,1
25158,Urban Chicken Dishes Diner,Chicken Dishes,QSR,CBD,0.99,42.41,538,111,256,107,64,4707.51,10856.96,4537.87,2714.24,0.205707859862596,0.422846574056894,0.29,17,5.02,321.28,1748.58,884.25,369.59,686.91,0.26,0.6,0.25,0.15,22816.58,3689.33,0.16169513573024527,-0.010000000000000009,0.85,427,0.7936802973977695,0.62855443391949,10.73296875,1253.84,532.62,42.410000000000004,6.857490706319703,0,Cluster 0,31.39,Low Potential,Rebalance Channels,0.0,63.74,50.48,0.0,35.76,-1.4867899420690955,-0.2660673292271005,1
25607,Top Chicken Dishes Bistro,Chicken Dishes,QSR,South Auckland,1.05,35.09,1951,390,937,390,234,13685.1,32879.33,13685.1,8211.06,0.213525548540056,0.382258386537433,0.31,9,2.66,622.44,5531.74,3097.76,1289.36,2696.6,0.25,0.6,0.25,0.15,68460.59,12615.460000000001,0.18427331695505403,0.050000000000000044,0.85,1561,0.8001025115325474,0.595783935077489,11.523931623931624,4387.12,2048.55,35.089999999999996,6.466150691952845,0,Cluster 0,65.23,High Potential,Rebalance Channels,100.0,66.25,68.88,0.0,65.94,-0.9992938153412554,0.05020918857180995,1
25928,Lucky Chicken Dishes Diner,Chicken Dishes,Cafe,North Shore,1.03,32.62,1331,352,587,245,147,11482.24,19147.94,7991.9,4795.14,0.255863533467054,0.374861979205161,0.28,13,3.84,564.48,4240.1,1709.42,713.47,1206.24,0.36,0.6,0.25,0.15,43417.22,7869.2300000000005,0.1812467495615795,0.030000000000000027,0.85,979,0.7355371900826446,0.630725512672215,8.205714285714286,2422.8900000000003,1370.93,32.62,5.912268970698723,0,Cluster 0,52.32,Moderate Potential,Rebalance Channels,66.67,65.1,56.82,0.0,53.44,-0.7068400457558502,-0.3758168355600489,1
25081,Lucky Chicken Dishes Bistro,Chicken Dishes,QSR,South Auckland,1.05,44.48,1028,218,486,202,122,9696.64,21617.28,8984.96,5426.56,0.217780247461051,0.429491965961643,0.32,16,4.72,575.84,3420.27,707.49,294.06,1338.26,0.27,0.6,0.25,0.15,45725.439999999995,5760.080000000001,0.12597101307281028,0.050000000000000044,0.85,810,0.7879377431906615,0.647272213422694,10.969344262295081,1001.55,1079.4,44.48,5.6031906614786005,0,Cluster 0,56.82,Moderate Potential,Rebalance Channels,100.0,57.23,49.29,0.0,51.05,-1.0552531347291714,-0.45083378406261454,1
25445,Top Chicken Dishes Eatery,Chicken Dishes,Full-service,North Shore,1.03,44.76,1663,403,756,315,189,18038.28,33838.56,14099.4,8459.64,0.385186138481367,0.481903146370314,0.33,16,4.72,892.08,2397.48,-6669.22,-2778.84,232.3,0.32,0.6,0.25,0.15,74435.87999999999,-6818.28,-0.09159937385035283,0.030000000000000027,0.85,1260,0.7576668671076368,0.867089284851681,1.2291005291005292,-9448.060000000001,1712.89,44.75999999999999,-4.099987973541792,1,Cluster 1,19.17,Low Potential,Optimize,66.67,14.82,15.41,0.0,71.46,0.9440629603873851,-2.9435243813216494,0
25367,Urban Chicken Dishes Tavern,Chicken Dishes,QSR,West Auckland,1.04,35.22,1993,448,927,386,232,15778.56,32648.94,13594.92,8171.04,0.249436927586794,0.424369999393821,0.32,11,3.25,754.0,5146.86,202.2,84.19,1911.34,0.29,0.6,0.25,0.15,70193.45999999999,7344.589999999999,0.10463353708450901,0.040000000000000036,0.85,1545,0.775213246362268,0.673806926980615,8.23853448275862,286.39,2072.7200000000003,35.22,3.685193176116407,0,Cluster 0,55.19,Moderate Potential,Rebalance Channels,83.33,51.77,53.51,0.0,71.39,-0.29135039260804235,-0.8643590047169308,1
26539,Urban Chicken Dishes Diner,Chicken Dishes,Ghost Kitchen,North Shore,1.03,34.09,700,20,408,170,102,681.8,13908.72,5795.3,3477.18,0.290788418869488,0.280518082971685,0.32,15,4.43,451.86,292.28,1511.79,629.91,1038.78,0.03,0.6,0.25,0.15,23863.0,3472.76,0.14552906172736035,0.030000000000000027,0.85,680,0.9714285714285714,0.5713065018411729,10.184117647058823,2141.7,721.0,34.09,4.961085714285715,0,Cluster 0,49.52,Moderate Potential,Rebalance Channels,66.67,59.0,62.64,0.0,37.16,-2.4217724799634195,0.05116275288313916,1
25165,King Chicken Dishes Bistro,Chicken Dishes,Cafe,West Auckland,1.04,35.01,1272,315,574,239,144,11028.15,20095.74,8367.39,5041.44,0.245988546796143,0.3992873826297,0.32,13,3.84,552.96,3911.95,697.81,290.55,1235.36,0.33,0.6,0.25,0.15,44532.72,6135.67,0.13777891851205137,0.040000000000000036,0.85,957,0.7523584905660378,0.645275929425843,8.578888888888889,988.3599999999999,1322.88,35.01,4.823639937106918,0,Cluster 0,53.97,Moderate Potential,Rebalance Channels,83.33,57.77,54.57,0.0,51.89,-0.7006719108838398,-0.5785973964783738,1
25085,Urban Chicken Dishes Bistro,Chicken Dishes,QSR,West Auckland,1.04,42.01,1073,186,532,222,133,7813.86,22349.32,9326.22,5587.33,0.212877042852342,0.391266911453567,0.29,18,5.31,706.23,3093.16,2365.81,987.24,1505.55,0.21,0.6,0.25,0.15,45076.73,7951.759999999999,0.1764049876732407,0.040000000000000036,0.85,887,0.8266542404473439,0.6041439543059091,11.319924812030076,3353.05,1115.92,42.010000000000005,7.410773532152842,0,Cluster 0,56.5,Moderate Potential,Rebalance Channels,83.33,66.47,52.6,0.0,56.89,-1.5348265315142358,0.005027015770456498,1
25167,Classic Chicken Dishes Kitchen,Chicken Dishes,Full-service,North Shore,1.03,43.09,759,184,345,144,86,7928.56,14866.05,6204.96,3705.74,0.35448792935349,0.494046525796875,0.32,12,3.54,304.44,1200.9,-2505.44,-1045.75,256.85,0.32,0.6,0.25,0.15,32705.309999999998,-2093.44,-0.06400917771456685,0.030000000000000027,0.85,575,0.7575757575757576,0.8485344551503651,2.9866279069767443,-3551.19,781.77,43.089999999999996,-2.758155467720685,1,Cluster 1,16.56,Low Potential,Optimize,66.67,20.35,24.94,0.0,32.12,0.31351100171095436,-2.603599134921701,0
26179,King Chicken Dishes Bistro,Chicken Dishes,QSR,CBD,0.99,31.41,795,183,367,153,92,5748.03,11527.47,4805.73,2889.72,0.259624825064093,0.393279615207575,0.32,7,2.07,190.44,1995.12,312.34,130.21,812.57,0.3,0.6,0.25,0.15,24970.95,3250.2400000000002,0.13016084690410257,-0.010000000000000009,0.85,612,0.769811320754717,0.6529044402716679,8.832282608695653,442.54999999999995,787.05,31.41,4.088352201257862,0,Cluster 0,29.71,Low Potential,Rebalance Channels,0.0,55.75,63.41,0.0,20.63,-1.0094477732236462,-0.6647587375507352,1
25776,King Chicken Dishes Eatery,Chicken Dishes,QSR,North Shore,1.03,37.2,1258,226,619,258,155,8407.2,23026.8,9597.6,5766.0,0.213880963716656,0.395282943965867,0.27,11,3.25,503.75,3285.84,2782.47,1159.74,1749.81,0.22,0.6,0.25,0.15,46797.6,8977.859999999999,0.19184445356172108,0.030000000000000027,0.85,1032,0.8203497615262321,0.609163907682523,11.289096774193547,3942.21,1295.74,37.199999999999996,7.136613672496025,0,Cluster 0,53.36,Moderate Potential,Rebalance Channels,66.67,68.18,63.48,0.0,46.35,-1.4281822152669965,0.048890883066437366,1
25171,King Chicken Dishes House,Chicken Dishes,Full-service,CBD,0.99,33.41,1672,469,722,301,180,15669.29,24122.02,10056.41,6013.8,0.370620962081011,0.480717744282447,0.32,13,3.84,691.2,2329.42,-4133.04,-1723.05,202.82,0.39,0.6,0.25,0.15,55861.520000000004,-3323.85,-0.0595016032503233,-0.010000000000000009,0.85,1203,0.7194976076555024,0.851338706363458,1.1267777777777777,-5856.09,1655.28,33.410000000000004,-1.9879485645933013,1,Cluster 1,4.45,Low Potential,Optimize,0.0,22.0,22.81,0.0,62.6,1.1105869888804538,-2.9250278602033273,0
25333,Urban Chicken Dishes Kitchen,Chicken Dishes,Full-service,South Auckland,1.05,44.8,858,236,373,156,93,10572.8,16710.4,6988.8,4166.4,0.3708173648105,0.458023537439294,0.32,18,5.31,493.83,1809.63,-2487.19,-1040.22,219.29,0.38,0.6,0.25,0.15,38438.4,-1498.49,-0.03898419289044289,0.050000000000000044,0.85,622,0.7249417249417249,0.828840902249794,2.357956989247312,-3527.41,900.9000000000001,44.800000000000004,-1.7464918414918416,1,Cluster 1,27.36,Low Potential,Optimize,100.0,25.09,17.97,0.0,49.96,0.4715545328979941,-2.4796451689615764,0
25212,King Chicken Dishes Bistro,Chicken Dishes,QSR,North Shore,1.03,42.99,1568,293,765,319,191,12596.07,32887.35,13713.81,8211.09,0.258225029017776,0.397926656459458,0.31,9,2.66,508.06,4331.14,1113.18,464.19,2315.31,0.23,0.6,0.25,0.15,67408.31999999999,8223.82,0.12200007358142141,0.030000000000000027,0.85,1275,0.8131377551020408,0.656151685477234,12.122041884816754,1577.3700000000001,1615.04,42.989999999999995,5.244783163265306,0,Cluster 0,50.43,Moderate Potential,Rebalance Channels,66.67,56.21,59.57,0.0,51.97,-0.8937551327452191,-0.5061058380523847,1
25456,Lucky Chicken Dishes Diner,Chicken Dishes,Ghost Kitchen,CBD,0.99,39.07,731,66,399,166,100,2578.62,15588.93,6485.62,3907.0,0.298259165755007,0.260742055915762,0.31,13,3.84,384.0,1137.17,2042.13,849.61,1338.98,0.1,0.6,0.25,0.15,28560.17,5367.89,0.1879502117809523,-0.010000000000000009,0.85,665,0.9097127222982216,0.5590012216707689,13.389800000000001,2891.7400000000002,723.6899999999999,39.07,7.343214774281806,0,Cluster 0,35.45,Low Potential,Rebalance Channels,0.0,67.93,67.87,0.0,32.58,-2.317924175565693,0.2790303971632322,1
25256,Top Chicken Dishes House,Chicken Dishes,Full-service,West Auckland,1.04,35.63,1171,334,502,209,126,11900.42,17886.26,7446.67,4489.38,0.388174420711584,0.47237464452628,0.3,10,2.95,371.7,1659.52,-2871.62,-1195.56,254.35,0.4,0.6,0.25,0.15,41722.729999999996,-2153.31,-0.051609997715873344,0.040000000000000036,0.85,837,0.7147736976942783,0.860549065237864,2.0186507936507936,-4067.18,1217.8400000000001,35.629999999999995,-1.838864218616567,1,Cluster 1,23.16,Low Potential,Optimize,83.33,23.26,26.43,0.0,41.51,0.8793711210469849,-2.788795408992542,0
25215,Top Chicken Dishes Eatery,Chicken Dishes,QSR,West Auckland,1.04,46.68,1998,461,922,384,231,21519.48,43038.96,17925.12,10783.08,0.204193348046392,0.439557751268148,0.3,8,2.36,545.16,7666.29,2420.89,1008.27,3296.3,0.3,0.6,0.25,0.15,93266.64,14391.75,0.15430758522018162,0.040000000000000036,0.85,1537,0.7692692692692693,0.64375109931454,14.269696969696971,3429.16,2077.92,46.68,7.203078078078078,0,Cluster 0,58.96,Moderate Potential,Rebalance Channels,83.33,63.21,63.18,0.0,64.55,-0.5787063421850004,-0.2349774764244494,1
26066,Classic Chicken Dishes Cafe,Chicken Dishes,Full-service,North Shore,1.03,36.88,2016,488,917,382,229,17997.44,33818.96,14088.16,8445.52,0.364424720557872,0.490821451018564,0.32,6,1.77,405.33,2605.2,-5926.64,-2468.9,817.19,0.32,0.6,0.25,0.15,74350.08,-4973.15,-0.0668882938659918,0.030000000000000027,0.85,1528,0.7579365079365079,0.855246171576436,3.568515283842795,-8395.54,2076.48,36.88,-2.4668402777777776,1,Cluster 1,22.51,Low Potential,Optimize,66.67,20.35,33.92,0.0,59.84,0.9987337424708855,-2.7278959529746354,0
25340,Lucky Chicken Dishes Eatery,Chicken Dishes,Ghost Kitchen,North Shore,1.03,37.17,1603,90,908,378,227,3345.3,33750.36,14050.26,8437.59,0.286825301346835,0.303219975659158,0.28,12,3.54,803.58,1371.42,4386.02,1825.9,2655.45,0.06,0.6,0.25,0.15,59583.51000000001,10238.79,0.1718393226582321,0.030000000000000027,0.85,1513,0.9438552713661884,0.590045277005993,11.698017621145373,6211.92,1651.0900000000001,37.17000000000001,6.387267623206489,0,Cluster 0,54.76,Moderate Potential,Rebalance Channels,66.67,64.47,64.78,0.0,60.13,-1.8570671076054275,0.09252318405907571,1
26068,Classic Chicken Dishes Diner,Chicken Dishes,QSR,South Auckland,1.05,34.06,680,113,340,142,85,3848.78,11580.4,4836.52,2895.1,0.230005491450429,0.352446301886812,0.33,14,4.13,351.05,1607.05,1013.84,423.43,857.79,0.2,0.6,0.25,0.15,23160.8,3902.1099999999997,0.16847906808054988,0.050000000000000044,0.85,567,0.8338235294117647,0.582451793337241,10.09164705882353,1437.27,714.0,34.06,5.738397058823529,0,Cluster 0,58.5,Moderate Potential,Rebalance Channels,100.0,63.14,62.62,0.0,34.61,-1.8254825654027909,0.05509485373106019,1
25828,Top Chicken Dishes House,Chicken Dishes,QSR,West Auckland,1.04,39.41,1595,308,772,322,193,12138.28,30424.52,12690.02,7606.13,0.214307933114469,0.385674491571262,0.27,17,5.02,968.86,4855.53,3955.72,1649.93,2073.73,0.24,0.6,0.25,0.15,62858.950000000004,12534.91,0.19941328959519686,0.040000000000000036,0.85,1287,0.8068965517241379,0.599982424685731,10.744715025906736,5605.65,1658.8,39.410000000000004,7.858877742946708,0,Cluster 0,60.16,High Potential,Rebalance Channels,83.33,70.17,54.88,0.0,72.05,-1.2175834367993452,0.06386842192216004,1
26192,King Chicken Dishes Kitchen,Chicken Dishes,Cafe,South Auckland,1.05,41.18,607,150,274,114,69,6177.0,11283.32,4694.52,2841.42,0.203506287503988,0.445038418960758,0.31,4,1.18,81.42,2170.94,467.75,194.61,917.21,0.33,0.6,0.25,0.15,24996.260000000002,3750.51,0.1500428464098229,0.050000000000000044,0.85,457,0.7528830313014827,0.648544706464746,13.292898550724638,662.36,637.35,41.18000000000001,6.1787644151565075,0,Cluster 0,55.46,Moderate Potential,Rebalance Channels,100.0,61.25,69.12,0.0,8.8,-1.1488498038812025,-0.24232505432280707,1
26556,Lucky Chicken Dishes Bistro,Chicken Dishes,QSR,North Shore,1.03,42.62,947,201,448,186,112,8566.62,19093.76,7927.32,4773.44,0.200384865794331,0.403270493354648,0.32,9,2.66,297.92,3395.33,1457.71,605.21,1594.01,0.27,0.6,0.25,0.15,40361.14,7052.26,0.17472895958835652,0.030000000000000027,0.85,746,0.7877507919746568,0.603655359148979,14.232232142857143,2062.92,975.4100000000001,42.62,7.446948257655755,0,Cluster 0,51.48,Moderate Potential,Rebalance Channels,66.67,66.29,67.66,0.0,31.36,-1.4229187650798656,0.07564632522295908,1
25546,Top Chicken Dishes Bistro,Chicken Dishes,Ghost Kitchen,CBD,0.99,39.82,1553,101,871,363,218,4021.82,34683.22,14454.66,8680.76,0.282705360825639,0.204562456498388,0.31,16,4.72,1028.96,2062.12,7031.4,2930.42,3421.95,0.07,0.6,0.25,0.15,61840.46,15445.89,0.24976997260369665,-0.010000000000000009,0.85,1452,0.9349645846748229,0.487267817324027,15.697018348623853,9961.82,1537.47,39.82,9.945840309079202,0,Cluster 0,44.61,Moderate Potential,Rebalance Channels,0.0,79.78,73.95,0.0,65.81,-2.44616690317372,0.9307297317254226,1
25102,Lucky Chicken Dishes House,Chicken Dishes,Cafe,West Auckland,1.04,46.17,988,301,412,172,103,13897.17,19022.04,7941.24,4755.51,0.276689210943878,0.434818431828171,0.28,4,1.18,121.54,4009.23,161.54,67.44,1250.39,0.44,0.6,0.25,0.15,45615.96,5488.6,0.1203219224148741,0.040000000000000036,0.85,687,0.6953441295546559,0.711507642772049,12.139708737864078,228.98,1027.52,46.17,5.555263157894737,0,Cluster 0,50.02,Moderate Potential,Rebalance Channels,83.33,56.41,59.41,0.0,21.37,-0.2101378931689123,-0.8588111967698964,1
25831,Classic Chicken Dishes Cafe,Chicken Dishes,QSR,West Auckland,1.04,33.86,1119,216,542,226,135,7313.76,18352.12,7652.36,4571.1,0.230185089539737,0.372177442302927,0.33,9,2.66,359.1,2908.23,1241.29,517.59,1458.54,0.24,0.6,0.25,0.15,37889.34,6125.650000000001,0.16167212202693426,0.040000000000000036,0.85,903,0.806970509383378,0.602362531842664,10.804,1758.88,1163.76,33.86,5.474218051831993,0,Cluster 0,55.49,Moderate Potential,Rebalance Channels,83.33,61.87,67.86,0.0,37.43,-1.3719782150183772,-0.09331091400940768,1
26317,King Chicken Dishes Bistro,Chicken Dishes,Full-service,North Shore,1.03,42.14,1368,376,595,248,149,15844.64,25073.3,10450.72,6278.86,0.382143007102422,0.537774474616163,0.31,7,2.07,308.43,1268.88,-5764.79,-2402.8,194.4,0.38,0.6,0.25,0.15,57647.520000000004,-6704.31,-0.11629832471544309,0.030000000000000027,0.85,992,0.7251461988304093,0.919917481718585,1.3046979865771813,-8167.59,1409.04,42.14,-4.900811403508772,1,Cluster 1,14.82,Low Potential,Optimize,66.67,10.41,22.25,0.0,40.67,1.2608473780213654,-3.292471795432633,0
26561,Urban Chicken Dishes Cafe,Chicken Dishes,Full-service,North Shore,1.03,37.96,2020,556,878,366,220,21105.76,33328.88,13893.36,8351.2,0.368885997275356,0.511095896852203,0.27,11,3.25,715.0,2533.07,-4998.73,-2083.75,287.3,0.38,0.6,0.25,0.15,76679.2,-4262.11,-0.055583652411605754,0.030000000000000027,0.85,1464,0.7247524752475247,0.879981894127559,1.305909090909091,-7082.48,2080.6,37.96,-2.1099554455445544,1,Cluster 1,22.35,Low Potential,Optimize,66.67,22.36,21.73,0.0,71.64,1.3217588705134633,-2.912400720714027,0
25227,Top Chicken Dishes House,Chicken Dishes,Cafe,West Auckland,1.04,43.03,1650,409,745,310,186,17599.27,32057.35,13339.3,8003.58,0.27914120843634,0.358007818041369,0.29,11,3.25,604.5,6385.91,2335.41,971.78,2299.61,0.33,0.6,0.25,0.15,70999.5,11992.710000000001,0.1689125979760421,0.040000000000000036,0.85,1241,0.7521212121212121,0.637149026477709,12.363494623655914,3307.1899999999996,1716.0,43.03,7.268309090909091,0,Cluster 0,57.97,Moderate Potential,Rebalance Channels,83.33,65.27,59.16,0.0,59.89,-0.6532705813272067,-0.30280479742550365,1
26684,Urban Chicken Dishes Cafe,Chicken Dishes,Cafe,West Auckland,1.04,38.07,1869,453,850,354,212,17245.71,32359.5,13476.78,8070.84,0.24827335441485,0.353594812029041,0.28,18,5.31,1125.72,6866.07,3822.69,1592.04,2087.54,0.32,0.6,0.25,0.15,71152.83,14368.34,0.20193631089585615,0.040000000000000036,0.85,1416,0.7576243980738363,0.601868166443891,9.84688679245283,5414.73,1943.76,38.07,7.687715355805244,0,Cluster 0,61.53,High Potential,Rebalance Channels,83.33,70.28,52.95,0.0,83.56,-0.7532507750069243,-0.08503426567654418,1
25229,Urban Chicken Dishes Bistro,Chicken Dishes,Full-service,South Auckland,1.05,35.28,1240,321,551,230,138,11324.88,19439.28,8114.4,4868.64,0.378113026753999,0.511406652932055,0.28,18,5.31,732.78,1251.18,-3295.34,-1375.55,-194.89,0.35,0.6,0.25,0.15,43747.2,-3614.6,-0.08262471655328799,0.050000000000000044,0.85,919,0.7411290322580645,0.889519679686054,-1.412246376811594,-4670.89,1302.0,35.28,-2.915,1,Cluster 1,25.56,Low Potential,Optimize,100.0,17.63,8.61,0.0,62.89,0.9591543386914285,-3.135703395980514,0
26282,Lucky Chicken Dishes Eatery,Chicken Dishes,Full-service,North Shore,1.03,43.95,595,160,261,109,65,7032.0,11470.95,4790.55,2856.75,0.357106717023998,0.460605021612719,0.3,9,2.66,172.9,1281.85,-1350.27,-563.9,347.85,0.37,0.6,0.25,0.15,26150.25,-284.47,-0.010878289882505904,0.030000000000000027,0.85,435,0.7310924369747899,0.817711738636717,5.351538461538462,-1914.17,612.85,43.95,-0.4781008403361345,1,Cluster 1,19.2,Low Potential,Optimize,66.67,30.59,34.67,0.0,19.68,0.14225382091804145,-2.1697081003732595,0
26687,Classic Chicken Dishes Grill,Chicken Dishes,Cafe,CBD,0.99,42.69,857,249,365,152,91,10629.81,15581.85,6488.88,3884.79,0.203195755705237,0.435937949130312,0.27,14,4.13,375.83,3835.94,1415.86,589.62,1026.06,0.41,0.6,0.25,0.15,36585.33,6867.48,0.18771130395707786,-0.010000000000000009,0.85,608,0.7094515752625438,0.639133704835549,11.275384615384615,2005.48,848.43,42.690000000000005,8.013395565927654,0,Cluster 0,33.82,Low Potential,Rebalance Channels,0.0,68.81,53.88,0.0,38.94,-0.7966321209030165,-0.298518021796125,1
26163,Urban Chicken Dishes Eatery,Chicken Dishes,Cafe,South Auckland,1.05,32.18,1634,458,706,294,176,14738.44,22719.08,9460.92,5663.68,0.23119045805186,0.391849460615776,0.29,9,2.66,468.16,5555.8,1975.65,822.72,1666.82,0.39,0.6,0.25,0.15,52582.12,10020.99,0.19057789986406024,0.050000000000000044,0.85,1176,0.7197062423500612,0.6230399186676361,9.470568181818182,2798.37,1715.7,32.18,6.132796817625459,0,Cluster 0,62.88,High Potential,Rebalance Channels,100.0,66.65,64.68,0.0,55.22,-0.5210794322155423,-0.22860878433698423,1
25233,Top Chicken Dishes Eatery,Chicken Dishes,Cafe,South Auckland,1.05,32.49,1018,285,440,183,110,9259.65,14295.6,5945.67,3573.9,0.243077787533402,0.413106628856622,0.27,11,3.25,357.5,3183.61,1055.24,438.88,871.26,0.39,0.6,0.25,0.15,33074.82,5548.990000000001,0.1677708298941612,0.050000000000000044,0.85,733,0.7200392927308448,0.656184416390024,7.920545454545454,1494.12,1068.9,32.49,5.450874263261297,0,Cluster 0,57.77,Moderate Potential,Rebalance Channels,100.0,62.66,56.23,0.0,39.04,-0.6349131758617621,-0.5174822879488025,1
25599,King Chicken Dishes Kitchen,Chicken Dishes,Ghost Kitchen,South Auckland,1.05,42.03,768,36,439,183,110,1513.08,18451.17,7691.49,4623.3,0.294218092900701,0.279581973724999,0.32,15,4.43,487.3,644.87,1959.51,816.84,1483.15,0.05,0.6,0.25,0.15,32279.039999999997,4904.370000000001,0.1519366746966453,0.050000000000000044,0.85,732,0.953125,0.5738000666256999,13.48318181818182,2776.35,806.4000000000001,42.029999999999994,6.385898437500001,0,Cluster 0,58.89,Moderate Potential,Rebalance Channels,100.0,61.79,62.26,0.0,39.92,-2.3561067668646243,0.1798296904884904,1
25963,Urban Chicken Dishes Cafe,Chicken Dishes,Full-service,South Auckland,1.05,40.27,1319,327,595,248,149,13168.29,23960.65,9986.96,6000.23,0.352103648032062,0.511164162075147,0.3,16,4.72,703.28,1800.53,-3912.0,-1630.55,117.14,0.33,0.6,0.25,0.15,53116.130000000005,-3624.8800000000006,-0.06824442970525149,0.050000000000000044,0.85,992,0.7520849128127369,0.8632678101072091,0.7861744966442953,-5542.55,1384.95,40.27,-2.748203184230478,1,Cluster 1,27.28,Low Potential,Optimize,100.0,19.79,16.0,0.0,60.89,0.740434669001719,-2.7951062002326665,0
26571,Lucky Chicken Dishes Eatery,Chicken Dishes,QSR,CBD,0.99,31.03,1240,223,610,254,153,6919.69,18928.3,7881.62,4747.59,0.269377892632037,0.38240882458631,0.32,17,5.02,768.06,2409.53,534.03,222.37,885.11,0.22,0.6,0.25,0.15,38477.2,4051.0400000000004,0.10528416828667368,-0.010000000000000009,0.85,1017,0.8201612903225807,0.6517867172183469,5.7850326797385625,756.4,1227.6,31.029999999999998,3.2669677419354843,0,Cluster 0,30.93,Low Potential,Rebalance Channels,0.0,51.29,46.9,0.0,58.15,-0.9712690075886269,-0.8773586222503843,1
25481,Top Chicken Dishes Cafe,Chicken Dishes,QSR,North Shore,1.03,33.85,711,137,344,144,86,4637.45,11644.4,4874.4,2911.1,0.226030572131276,0.377481628861278,0.3,8,2.36,202.96,1838.69,1123.54,470.32,951.26,0.24,0.6,0.25,0.15,24067.35,4383.81,0.1821475983022643,0.030000000000000027,0.85,574,0.8073136427566807,0.603512200992554,11.061162790697674,1593.86,732.33,33.85,6.165696202531646,0,Cluster 0,50.11,Moderate Potential,Rebalance Channels,66.67,65.56,69.38,0.0,21.2,-1.6309780432488916,0.02330181548587101,1
26209,King Chicken Dishes Kitchen,Chicken Dishes,Full-service,CBD,0.99,39.44,883,282,361,150,90,11122.08,14237.84,5916.0,3549.6,0.390112645179033,0.508231322001666,0.29,13,3.84,345.6,1130.63,-2681.61,-1114.24,15.24,0.47,0.6,0.25,0.15,34825.52,-2649.9800000000005,-0.076093049005442,-0.010000000000000009,0.85,601,0.6806342015855039,0.898343967180699,0.16933333333333334,-3795.8500000000004,874.17,39.44,-3.0011098527746323,1,Cluster 1,0.0,Low Potential,Optimize,0.0,18.39,15.57,0.0,37.43,1.2140311982653564,-3.2247442483419277,0
26130,Top Chicken Dishes Bistro,Chicken Dishes,Cafe,South Auckland,1.05,37.21,1126,349,466,194,117,12986.29,17339.86,7218.74,4353.57,0.229364178944379,0.437281638849527,0.31,17,5.02,587.34,4329.03,404.96,168.59,863.94,0.45,0.6,0.25,0.15,41898.46,5766.52,0.1376308341643106,0.050000000000000044,0.85,777,0.6900532859680284,0.666645817793906,7.384102564102564,573.55,1182.3,37.21,5.121243339253997,0,Cluster 0,56.96,Moderate Potential,Rebalance Channels,100.0,58.15,44.61,0.0,56.69,-0.23442163788691744,-0.7838775573457877,1
25726,Lucky Chicken Dishes Cafe,Chicken Dishes,Full-service,North Shore,1.03,36.99,1237,320,550,229,138,11836.8,20344.5,8470.71,5104.62,0.391483740136027,0.501660358789377,0.31,6,1.77,244.26,1264.83,-4132.87,-1720.77,301.2,0.35,0.6,0.25,0.15,45756.63,-4287.61,-0.09370467186940996,0.030000000000000027,0.85,917,0.7413096200485044,0.893144098925404,2.1826086956521737,-5853.639999999999,1274.1100000000001,36.989999999999995,-3.4661358124494743,1,Cluster 1,16.23,Low Potential,Optimize,66.67,15.39,28.08,0.0,33.99,0.9383161336695969,-3.072123538372632,0
25891,Lotus Cafe,Chinese,Cafe,West Auckland,1.04,36.32,1084,141,471,236,236,5121.12,17106.72,8571.52,8571.52,0.274584447238594,0.354812013567425,0.27,8,2.36,556.96,1897.91,1721.0,862.33,2619.68,0.15,0.5,0.25,0.25,39370.880000000005,7100.92,0.18035969731944013,0.040000000000000036,0.75,943,0.8699261992619927,0.629396460806019,11.100338983050847,2583.33,1127.3600000000001,36.32000000000001,6.550664206642066,0,Cluster 0,60.46,High Potential,Rebalance Channels,83.33,65.84,65.39,33.33,33.92,-0.6652914782210251,0.8820059269775111,1
25301,Red Cafe,Chinese,Full-service,North Shore,1.03,34.49,1068,240,414,207,207,8277.6,14278.86,7139.43,7139.43,0.365031025419012,0.484951268648729,0.28,9,2.66,550.62,1241.79,-1856.0,-928.0,520.42,0.29,0.5,0.25,0.25,36835.32,-1021.7900000000001,-0.02773940880654763,0.030000000000000027,0.75,828,0.7752808988764045,0.8499822940677411,2.5141062801932366,-2784.0,1100.04,34.49,-0.9567322097378278,1,Cluster 1,24.83,Low Potential,Optimize,66.67,27.67,29.7,33.33,35.38,1.306491573587114,-1.5644378193964308,0
26352,Golden Tavern,Chinese,QSR,West Auckland,1.04,31.28,1474,214,630,315,315,6693.92,19706.4,9853.2,9853.2,0.250756796356291,0.419234266947024,0.28,8,2.36,743.4,2209.05,985.5,492.75,2508.24,0.17,0.5,0.25,0.25,46106.72,6195.54,0.1343739047149743,0.040000000000000036,0.75,1260,0.8548168249660787,0.669991063303315,7.962666666666666,1478.25,1532.96,31.28,4.2032157394843965,0,Cluster 0,58.83,Moderate Potential,Rebalance Channels,83.33,56.47,59.14,33.33,46.99,-0.09367341612833434,0.36395769792032256,1
26528,Red House,Chinese,Cafe,West Auckland,1.04,41.4,1455,211,622,311,311,8735.4,25750.8,12875.4,12875.4,0.246883442923427,0.396020104503259,0.32,11,3.25,1010.75,3119.38,955.26,477.63,3587.01,0.17,0.5,0.25,0.25,60237.0,8139.280000000001,0.13512093895778343,0.040000000000000036,0.75,1244,0.8549828178694158,0.642903547426686,11.53379421221865,1432.8899999999999,1513.2,41.4,5.594006872852234,0,Cluster 0,60.11,High Potential,Rebalance Channels,83.33,58.45,58.28,33.33,53.36,-0.2518793523301632,0.607791065099256,1
26348,Golden Corner,Chinese,Full-service,CBD,0.99,31.1,936,257,339,170,170,7992.7,10542.9,5287.0,5287.0,0.35566976229893,0.523437610222027,0.32,6,1.77,300.9,966.26,-2099.17,-1052.68,338.26,0.38,0.5,0.25,0.25,29109.6,-1847.3300000000002,-0.06346119493225603,-0.010000000000000009,0.75,679,0.7254273504273504,0.8791073725209569,1.9897647058823529,-3151.8500000000004,926.64,31.099999999999998,-1.9736431623931625,1,Cluster 1,4.84,Low Potential,Optimize,0.0,21.48,30.24,33.33,22.79,1.7889198794393428,-2.026052288408674,0
25417,Sakura Diner,Chinese,Ghost Kitchen,South Auckland,1.05,36.67,850,62,394,197,197,2273.54,14447.98,7223.99,7223.99,0.260499544837512,0.25565929756267,0.31,10,2.95,581.15,1100.03,2511.65,1255.83,2914.11,0.08,0.5,0.25,0.25,31169.5,7781.620000000001,0.2496549511541732,0.050000000000000044,0.75,788,0.9270588235294117,0.516158842400182,14.792436548223352,3767.48,892.5,36.67,9.154847058823531,0,Cluster 0,70.23,High Potential,Rebalance Channels,100.0,78.69,79.51,33.33,31.02,-1.6828484821411163,1.8986871207463492,1
25149,Dragon Bistro,Chinese,QSR,North Shore,1.03,44.95,1199,183,508,254,254,8225.85,22834.6,11417.3,11417.3,0.238834160473198,0.372866330621764,0.31,16,4.72,1198.88,3194.09,1787.94,893.97,3234.45,0.18,0.5,0.25,0.25,53895.05,9110.45,0.16904057051621624,0.030000000000000027,0.75,1016,0.8473728106755629,0.6117004910949619,12.734055118110236,2681.91,1234.97,44.95,7.598373644703921,0,Cluster 0,57.46,Moderate Potential,Rebalance Channels,66.67,65.73,54.77,33.33,56.06,-0.5501575751739113,0.9149493625909941,1
25770,Red Cafe,Chinese,Full-service,West Auckland,1.04,34.29,1784,500,642,321,321,17145.0,22014.18,11007.09,11007.09,0.366976936731953,0.461949086771347,0.29,13,3.84,1232.64,2933.06,-2618.06,-1309.03,650.39,0.39,0.5,0.25,0.25,61173.36,-343.64,-0.005617477934839609,0.040000000000000036,0.75,1284,0.7197309417040358,0.8289260235033,2.0261370716510902,-3927.09,1855.3600000000001,34.29,-0.19262331838565022,1,Cluster 1,34.36,Low Potential,Optimize,83.33,31.68,26.27,33.33,69.05,1.928880792867184,-1.5130603001842355,0
25488,Dragon House,Chinese,Full-service,CBD,0.99,38.44,586,158,214,107,107,6073.52,8226.16,4113.08,4113.08,0.373289461212698,0.532252552453429,0.31,3,0.89,95.23,573.69,-1773.08,-886.54,293.28,0.37,0.5,0.25,0.25,22525.840000000004,-1792.6499999999999,-0.07958193789887523,-0.010000000000000009,0.75,428,0.7303754266211604,0.905542013666127,2.740934579439252,-2659.62,580.14,38.440000000000005,-3.0591296928327645,1,Cluster 1,1.38,Low Potential,Optimize,0.0,17.84,31.14,33.33,4.63,1.6742840499838214,-2.098278884998243,0
25907,Lotus Eatery,Chinese,Full-service,North Shore,1.03,45.17,1209,369,420,210,210,16667.73,18971.4,9485.7,9485.7,0.368693778640591,0.496579301008023,0.31,16,4.72,991.2,2245.59,-3325.18,-1662.59,286.78,0.44,0.5,0.25,0.25,54610.53,-2455.3999999999996,-0.0449620247230708,0.030000000000000027,0.75,840,0.6947890818858561,0.865273079648614,1.3656190476190475,-4987.7699999999995,1245.27,45.17,-2.030934656741108,1,Cluster 1,24.24,Low Potential,Optimize,66.67,23.9,15.69,33.33,56.39,2.030850033002567,-1.8269938581297414,0
26150,Red Cafe,Chinese,QSR,South Auckland,1.05,45.05,1474,214,630,315,315,9640.7,28381.5,14190.75,14190.75,0.256000085063279,0.385093395994045,0.31,7,2.07,652.05,3460.11,1388.04,694.02,4441.1,0.17,0.5,0.25,0.25,66403.7,9983.27,0.15034207431212418,0.050000000000000044,0.75,1260,0.8548168249660787,0.641093481057324,14.09873015873016,2082.06,1547.7,45.05,6.772910447761194,0,Cluster 0,65.34,High Potential,Rebalance Channels,100.0,62.1,65.23,33.33,45.14,-0.32212821167662764,0.7982584717887437,1
25097,Sakura Corner,Chinese,Full-service,South Auckland,1.05,33.03,1807,543,632,316,316,17935.29,20874.96,10437.48,10437.48,0.379762011836283,0.530885064089671,0.3,4,1.18,372.88,1602.57,-4397.25,-2198.62,559.74,0.43,0.5,0.25,0.25,59685.20999999999,-4433.56,-0.07428238922171843,0.050000000000000044,0.75,1264,0.6995019369120089,0.910647075925954,1.7713291139240506,-6595.87,1897.3500000000001,33.029999999999994,-2.4535473159933594,1,Cluster 1,33.0,Low Potential,Optimize,100.0,19.38,28.72,33.33,49.4,2.55858488194332,-2.2109173530205366,0
25637,Sakura Kitchen,Chinese,Ghost Kitchen,South Auckland,1.05,38.02,1259,71,594,297,297,2699.42,22583.88,11291.94,11291.94,0.281819669611286,0.258577361528296,0.28,12,3.54,1051.38,1240.66,4056.13,2028.07,4138.43,0.06,0.5,0.25,0.25,47867.18000000001,11463.29,0.23948120612077,0.050000000000000044,0.75,1188,0.9436060365369341,0.540397031139582,13.934107744107745,6084.2,1321.95,38.02,9.105075456711676,0,Cluster 0,71.23,High Potential,Rebalance Channels,100.0,77.25,72.44,33.33,49.53,-1.4127111055648875,1.689769813833119,1
25662,Golden Corner,Chinese,Full-service,South Auckland,1.05,41.59,1675,396,639,320,320,16469.64,26576.01,13308.8,13308.8,0.361879253701773,0.480557127622887,0.31,11,3.25,1040.0,2595.02,-4051.15,-2028.75,1056.98,0.31,0.5,0.25,0.25,69663.25,-2427.9,-0.034851948480726924,0.050000000000000044,0.75,1279,0.7635820895522388,0.84243638132466,3.3030625000000002,-6079.9,1758.75,41.59,-1.4494925373134329,1,Cluster 1,36.21,Low Potential,Optimize,100.0,26.04,27.52,33.33,61.27,1.6525609868313733,-1.5071610647272493,0
25010,Lotus Bistro,Chinese,Cafe,CBD,0.99,30.23,1591,307,642,321,321,9280.61,19407.66,9703.83,9703.83,0.257294937353581,0.371753470180556,0.31,17,5.02,1611.42,3442.66,1182.93,591.46,1988.23,0.24,0.5,0.25,0.25,48095.93,7205.280000000001,0.14981059727922924,-0.010000000000000009,0.75,1284,0.8070395977372722,0.6290484075341369,6.19386292834891,1774.39,1575.09,30.23,4.5287743557511,0,Cluster 0,40.23,Moderate Potential,Rebalance Channels,0.0,58.99,50.4,33.33,69.35,0.0808776604454825,0.3684244160747458,1
25698,Golden Corner,Chinese,QSR,West Auckland,1.04,43.01,1251,199,526,263,263,8558.99,22623.26,11311.63,11311.63,0.237678518630564,0.418252494675107,0.31,12,3.54,931.02,2944.88,770.75,385.38,2960.96,0.19,0.5,0.25,0.25,53805.509999999995,7061.97,0.13124994075885538,0.040000000000000036,0.75,1052,0.8409272581934453,0.655931013305671,11.258403041825096,1156.13,1301.04,43.01,5.64505995203837,0,Cluster 0,58.59,Moderate Potential,Rebalance Channels,83.33,58.0,54.63,33.33,48.85,-0.224257039651587,0.530169311029206,1
25496,Dragon Cafe,Chinese,Ghost Kitchen,South Auckland,1.05,40.74,1493,57,718,359,359,2322.18,29251.32,14625.66,14625.66,0.258602636668365,0.259722995967604,0.28,7,2.07,743.13,1118.53,5899.24,2949.62,6301.68,0.04,0.5,0.25,0.25,60824.82000000001,16269.07,0.26747419885500684,0.050000000000000044,0.75,1436,0.9618218352310783,0.5183256326359691,17.55342618384401,8848.86,1567.65,40.74,10.89689886135298,0,Cluster 0,74.56,High Potential,Rebalance Channels,100.0,83.45,84.15,33.33,45.78,-1.5694828735055713,2.0740055258663577,1
26547,Sakura Kitchen,Chinese,QSR,South Auckland,1.05,32.83,588,93,247,124,124,3053.19,8109.01,4070.92,4070.92,0.27995999859646,0.387278385646641,0.3,4,1.18,146.32,1015.98,265.66,133.37,1208.33,0.19,0.5,0.25,0.25,19304.04,2623.34,0.13589590572750573,0.050000000000000044,0.75,495,0.8418367346938775,0.667238384243101,9.744596774193548,399.03000000000003,617.4,32.83,4.461462585034014,0,Cluster 0,58.73,Moderate Potential,Rebalance Channels,100.0,57.03,66.23,33.33,8.16,-0.5096811595244516,0.47015230769706445,1
25741,Golden Kitchen,Chinese,Ghost Kitchen,West Auckland,1.04,39.1,1263,71,596,298,298,2776.1,23303.6,11651.8,11651.8,0.256131520692725,0.265237062855158,0.27,13,3.84,1144.32,1328.73,4861.86,2430.93,4432.6,0.06,0.5,0.25,0.25,49383.3,13054.12,0.264342804146341,0.040000000000000036,0.75,1192,0.943784639746635,0.521368583547883,14.874496644295304,7292.789999999999,1313.52,39.1,10.335803642121933,0,Cluster 0,68.87,High Potential,Rebalance Channels,83.33,82.27,73.67,33.33,51.59,-1.5551168794705361,1.9225959408944222,1
25284,Lotus Corner,Chinese,QSR,South Auckland,1.05,44.83,1205,157,524,262,262,7038.31,23490.92,11745.46,11745.46,0.215055879279971,0.411211355123669,0.3,15,4.43,1160.66,2630.45,1732.05,866.03,3229.0,0.15,0.5,0.25,0.25,54020.15,8457.529999999999,0.15656250491714663,0.050000000000000044,0.75,1048,0.8697095435684647,0.62626723440364,12.32442748091603,2598.08,1265.25,44.83,7.018697095435684,0,Cluster 0,64.86,High Potential,Rebalance Channels,100.0,63.27,54.17,33.33,54.7,-0.5843553988673865,0.8714519377004705,1
26589,Lotus Cafe,Chinese,Cafe,West Auckland,1.04,45.91,1730,238,746,373,373,10926.58,34248.86,17124.43,17124.43,0.27576122097671,0.44832505309023,0.33,10,2.95,1100.35,3014.79,-1852.39,-926.2,3624.52,0.16,0.5,0.25,0.25,79424.3,3860.72,0.04860880108480654,0.040000000000000036,0.75,1492,0.8624277456647399,0.72408627406694,9.717211796246648,-2778.59,1799.2,45.910000000000004,2.2316300578034682,0,Cluster 0,54.93,Moderate Potential,Rebalance Channels,83.33,42.26,47.46,33.33,60.24,0.3783955424680137,-0.2028418508748217,1
26590,Golden House,Chinese,Cafe,North Shore,1.03,46.24,594,82,256,128,128,3791.68,11837.44,5918.72,5918.72,0.233806893564761,0.354515470890328,0.28,16,4.72,604.16,1560.95,1558.73,779.36,1832.44,0.16,0.5,0.25,0.25,27466.56,5731.4800000000005,0.20867119872310186,0.030000000000000027,0.75,512,0.8619528619528619,0.588322364455089,14.3159375,2338.09,611.82,46.24,9.64895622895623,0,Cluster 0,57.2,Moderate Potential,Rebalance Channels,66.67,73.84,58.38,33.33,35.98,-1.1369860201497357,1.3025368001569966,1
25971,Sakura Corner,Chinese,Full-service,North Shore,1.03,42.46,1573,449,562,281,281,19064.54,23862.52,11931.26,11931.26,0.370759552379604,0.479933631652966,0.31,18,5.31,1492.11,2846.47,-3834.54,-1917.27,289.31,0.4,0.5,0.25,0.25,66789.58,-2616.03,-0.039168235524164104,0.030000000000000027,0.75,1124,0.7145581691036237,0.85069318403257,1.029572953736655,-5751.8099999999995,1620.19,42.46,-1.6630832803560078,1,Cluster 1,26.85,Low Potential,Optimize,66.67,25.17,14.6,33.33,73.14,2.017871893376441,-1.768598333754208,0
26688,Dragon Diner,Chinese,Cafe,South Auckland,1.05,31.55,1315,295,510,255,255,9307.25,16090.5,8045.25,8045.25,0.211062989011407,0.356571935652755,0.31,5,1.48,377.4,4024.13,1968.92,984.46,3101.09,0.29,0.5,0.25,0.25,41488.25,10078.6,0.24292661175152003,0.050000000000000044,0.75,1020,0.7756653992395437,0.567634924664162,12.161137254901961,2953.38,1380.75,31.55,7.664334600760457,0,Cluster 0,70.18,High Potential,Rebalance Channels,100.0,75.77,79.89,33.33,35.09,-0.43852104972580763,1.429549642193186,1
26256,Lotus Eatery,Chinese,Full-service,South Auckland,1.05,32.39,1989,422,783,392,392,13668.58,25361.37,12696.88,12696.88,0.381001684686635,0.529079919587821,0.33,13,3.84,1505.28,1229.06,-6088.8,-3048.29,-363.6,0.27,0.5,0.25,0.25,64423.70999999999,-8271.63,-0.12839418903382,0.050000000000000044,0.75,1567,0.787833081950729,0.910081604274456,-0.9275510204081633,-9137.09,2088.4500000000003,32.38999999999999,-4.15868778280543,1,Cluster 1,31.68,Low Potential,Optimize,100.0,9.78,13.76,33.33,76.56,2.2283306921256845,-2.4668056142800148,0
25623,Red Diner,Chinese,Full-service,South Auckland,1.05,33.61,2022,546,738,369,369,18351.06,24804.18,12402.09,12402.09,0.360080362763256,0.475989112141542,0.28,3,0.89,328.41,3008.3,-2879.01,-1439.5,1704.67,0.37,0.5,0.25,0.25,67959.42,394.46000000000004,0.005804346181883248,0.050000000000000044,0.75,1476,0.7299703264094956,0.836069474904798,4.61970189701897,-4318.51,2123.1,33.61,0.19508407517309595,1,Cluster 1,54.96,Moderate Potential,Rebalance Channels,100.0,33.74,41.85,33.33,54.34,1.929857047807033,-1.343139172864906,0
25869,Red Corner,Chinese,Cafe,CBD,0.99,40.52,629,100,265,132,132,4052.0,10737.8,5348.64,5348.64,0.237807046491653,0.386706903576851,0.29,6,1.77,233.64,1521.47,917.93,457.23,1774.7,0.19,0.5,0.25,0.25,25487.079999999998,4671.33,0.18328227478392975,-0.010000000000000009,0.75,529,0.8410174880763116,0.624513950068504,13.44469696969697,1375.1599999999999,622.71,40.519999999999996,7.426597774244833,0,Cluster 0,37.7,Low Potential,Rebalance Channels,0.0,67.42,69.48,33.33,13.0,-0.8087642229497766,0.9490680353877393,1
25290,Dragon House,Chinese,Full-service,North Shore,1.03,32.16,1806,458,674,337,337,14729.28,21675.84,10837.92,10837.92,0.356901510525495,0.542302481713705,0.31,10,2.95,994.15,1484.65,-4534.67,-2267.34,98.27,0.34,0.5,0.25,0.25,58080.96,-5219.09,-0.08985887974303455,0.030000000000000027,0.75,1348,0.7464008859357697,0.8992039922392,0.29160237388724036,-6802.01,1860.18,32.16,-2.8898615725359913,1,Cluster 1,24.26,Low Potential,Optimize,66.67,16.69,20.47,33.33,62.2,2.2415028660897613,-2.244985255387544,0
25050,Golden Kitchen,Chinese,Full-service,South Auckland,1.05,39.81,1551,358,597,298,298,14251.98,23766.57,11863.38,11863.38,0.350292355078272,0.522167931729928,0.27,9,2.66,792.68,1817.69,-3385.79,-1690.06,720.37,0.3,0.5,0.25,0.25,61745.31,-2537.79,-0.04110093543946901,0.050000000000000044,0.75,1193,0.7691811734364926,0.8724602868082001,2.4173489932885905,-5075.85,1628.5500000000002,39.809999999999995,-1.636228239845261,1,Cluster 1,34.34,Low Potential,Optimize,100.0,24.95,26.23,33.33,52.41,1.6847467361689514,-1.6641533573578746,0
25859,Red Grill,Chinese,QSR,South Auckland,1.05,33.58,556,72,242,121,121,2417.76,8126.36,4063.18,4063.18,0.266177356019616,0.439760041795671,0.29,14,4.13,499.73,710.97,33.01,16.51,695.1,0.15,0.5,0.25,0.25,18670.48,1455.5900000000001,0.0779621091691269,0.050000000000000044,0.75,484,0.8705035971223022,0.705937397815287,5.744628099173554,49.519999999999996,583.8000000000001,33.58,2.617967625899281,0,Cluster 0,54.96,Moderate Potential,Rebalance Channels,100.0,46.73,43.58,33.33,30.41,-0.3374975089028259,-0.0852032538883093,1
26506,Lotus House,Chinese,Cafe,CBD,0.99,34.0,474,65,205,102,102,2210.0,6970.0,3468.0,3468.0,0.243390622306615,0.360807614657097,0.31,17,5.02,512.04,874.72,598.04,297.56,860.6,0.16,0.5,0.25,0.25,16116.0,2630.92,0.16324894514767932,-0.010000000000000009,0.75,409,0.8628691983122363,0.604198236963712,8.437254901960785,895.5999999999999,469.26,34.0,5.550464135021097,0,Cluster 0,36.45,Low Potential,Rebalance Channels,0.0,62.18,54.23,33.33,33.72,-0.9523099891861195,0.7563979162728852,1
25898,Sakura Cafe,Chinese,Cafe,CBD,0.99,32.68,1701,340,681,340,340,11111.2,22255.08,11111.2,11111.2,0.208316560052335,0.400746957305819,0.29,6,1.77,601.8,4343.77,2246.35,1121.53,3741.97,0.25,0.5,0.25,0.25,55588.67999999999,11453.62,0.20604230933348305,-0.010000000000000009,0.75,1361,0.8001175778953556,0.609063517358154,11.005794117647058,3367.88,1683.99,32.67999999999999,6.733462669018225,0,Cluster 0,43.84,Moderate Potential,Rebalance Channels,0.0,69.55,71.86,33.33,47.19,-0.12080765890962263,0.9602222396474546,1
26226,Lotus Tavern,Chinese,QSR,South Auckland,1.05,35.12,840,128,356,178,178,4495.36,12502.72,6251.36,6251.36,0.247846257165074,0.387540715374052,0.29,16,4.72,840.16,1639.07,932.87,466.43,1439.17,0.18,0.5,0.25,0.25,29500.8,4477.54,0.15177690096539756,0.050000000000000044,0.75,712,0.8476190476190476,0.635386972539126,8.085224719101124,1399.3,882.0,35.12,5.330404761904762,0,Cluster 0,62.01,High Potential,Rebalance Channels,100.0,60.34,51.12,33.33,44.69,-0.5507307251602725,0.6173873197158729,1
25875,Golden Bistro,Chinese,Full-service,South Auckland,1.05,44.3,1265,341,462,231,231,15106.3,20466.6,10233.3,10233.3,0.373555360687897,0.543085670750588,0.29,7,2.07,478.17,1259.25,-4229.24,-2114.62,374.87,0.37,0.5,0.25,0.25,56039.5,-4709.74,-0.08404321951480652,0.050000000000000044,0.75,924,0.7304347826086957,0.916641031438485,1.622813852813853,-6343.86,1328.25,44.3,-3.7231146245059286,1,Cluster 1,29.35,Low Potential,Optimize,100.0,16.35,22.76,33.33,38.06,2.0613199083107645,-2.093241621389259,0
25997,Red Kitchen,Chinese,Full-service,North Shore,1.03,43.91,1864,396,734,367,367,17388.36,32229.94,16114.97,16114.97,0.356088494323194,0.508300179825164,0.27,17,5.02,1842.34,2358.06,-4331.34,-2165.67,343.03,0.27,0.5,0.25,0.25,81848.24,-3795.920000000001,-0.04637753970030389,0.030000000000000027,0.75,1468,0.7875536480686696,0.864388674148358,0.9346866485013623,-6497.01,1919.92,43.910000000000004,-2.036437768240344,1,Cluster 1,27.49,Low Potential,Optimize,66.67,23.7,14.13,33.33,80.46,1.737851369539411,-1.7247446859903193,0
25055,Golden Diner,Chinese,Cafe,North Shore,1.03,44.9,934,162,386,193,193,7273.8,17331.4,8665.7,8665.7,0.277956389933825,0.36283928162884,0.31,6,1.77,341.61,2612.78,852.78,426.39,2771.15,0.21,0.5,0.25,0.25,41936.600000000006,6663.1,0.15888507890482298,0.030000000000000027,0.75,772,0.8265524625267666,0.640795671562665,14.358290155440415,1279.17,962.02,44.900000000000006,7.133940042826553,0,Cluster 0,54.58,Moderate Potential,Rebalance Channels,66.67,63.74,66.97,33.33,23.93,-0.46636542993553387,0.7900777442942122,1
26511,Dragon Cafe,Chinese,Cafe,CBD,0.99,40.22,803,175,314,157,157,7038.5,12629.08,6314.54,6314.54,0.222104107923806,0.445675386348739,0.3,15,4.43,695.51,2338.33,406.92,203.46,1402.31,0.28,0.5,0.25,0.25,32296.660000000003,4351.02,0.13472043239146092,-0.010000000000000009,0.75,628,0.7820672478206725,0.667779494272545,8.931910828025478,610.38,794.97,40.220000000000006,5.4184557907845585,0,Cluster 0,35.03,Low Potential,Rebalance Channels,0.0,58.16,47.77,33.33,39.55,-0.04497058375431497,0.2874491248133016,1
26594,Golden House,Chinese,Cafe,North Shore,1.03,44.33,1329,257,536,268,268,11392.81,23760.88,11880.44,11880.44,0.220839058440179,0.399295595102012,0.28,17,5.02,1345.36,4327.73,2372.89,1186.44,3167.61,0.24,0.5,0.25,0.25,58914.57000000001,11054.67,0.1876389830223661,0.030000000000000027,0.75,1072,0.8066215199398044,0.620134653542191,11.819440298507462,3559.33,1368.8700000000001,44.330000000000005,8.31803611738149,0,Cluster 0,58.73,Moderate Potential,Rebalance Channels,66.67,69.21,51.78,33.33,62.71,-0.2654507800898788,0.8983511152914838,1
25920,Lotus Bistro,Chinese,QSR,South Auckland,1.05,37.12,1014,162,426,213,213,6013.44,15813.12,7906.56,7906.56,0.259220902975649,0.425805063312873,0.3,10,2.95,628.35,1894.08,236.79,118.39,1862.01,0.19,0.5,0.25,0.25,37639.68,4111.2699999999995,0.10922701787050261,0.050000000000000044,0.75,852,0.8402366863905325,0.685025966288522,8.741830985915493,355.18,1064.7,37.12,4.054506903353056,0,Cluster 0,59.4,Moderate Potential,Rebalance Channels,100.0,52.89,53.48,33.33,36.57,-0.15024047804094287,0.2240916494544352,1
26405,Lotus Tavern,Chinese,QSR,West Auckland,1.04,37.35,1649,149,750,375,375,5565.15,28012.5,14006.25,14006.25,0.239304473921657,0.441628631856292,0.3,17,5.02,1882.5,1775.66,534.11,267.06,2586.43,0.1,0.5,0.25,0.25,61590.15,5163.26,0.08383256088838881,0.040000000000000036,0.75,1500,0.9096422073984233,0.680933105777949,6.897146666666666,801.1700000000001,1714.96,37.35,3.131146149181322,0,Cluster 0,57.45,Moderate Potential,Rebalance Channels,83.33,48.22,42.4,33.33,73.86,-0.08919653773390618,0.08752952358344146,1
25625,Dragon Eatery,Chinese,QSR,West Auckland,1.04,32.95,1208,184,512,256,256,6062.8,16870.4,8435.2,8435.2,0.25560559829697,0.44796227386687,0.3,13,3.84,983.04,1797.21,-60.19,-30.1,1517.42,0.18,0.5,0.25,0.25,39803.600000000006,3224.34,0.08100624064155,0.040000000000000036,0.75,1024,0.847682119205298,0.70356787216384,5.927421875,-90.28999999999999,1256.32,32.95,2.669155629139073,0,Cluster 0,54.22,Moderate Potential,Rebalance Channels,83.33,47.21,45.59,33.33,49.75,0.09127490945554395,-0.11802598132139883,1
25372,Red Cafe,Chinese,Cafe,North Shore,1.03,32.17,849,129,360,180,180,4149.93,11581.2,5790.6,5790.6,0.221574617959559,0.445364090171643,0.32,10,2.95,531.0,1382.18,151.27,75.63,1397.62,0.18,0.5,0.25,0.25,27312.33,3006.7,0.11008581106042581,0.030000000000000027,0.75,720,0.8480565371024735,0.666938708131202,7.764555555555555,226.9,874.47,32.17,3.5414605418138985,0,Cluster 0,50.56,Moderate Potential,Rebalance Channels,66.67,52.31,56.27,33.33,30.44,-0.3339922260392863,0.2819605106673839,1
26221,Sakura Tavern,Chinese,Cafe,South Auckland,1.05,42.24,534,110,212,106,106,4646.4,8954.88,4477.44,4477.44,0.262173140645027,0.448612350015901,0.3,11,3.25,344.5,1343.81,-96.58,-48.29,950.44,0.26,0.5,0.25,0.25,22556.159999999996,2149.38,0.09529015577119512,0.050000000000000044,0.75,424,0.7940074906367042,0.710785490660928,8.966415094339624,-144.87,560.7,42.239999999999995,4.025056179775281,0,Cluster 0,55.7,Moderate Potential,Rebalance Channels,100.0,50.97,47.81,33.33,22.67,-0.013489400457889811,0.03252417175318949,1
25277,Dragon House,Chinese,Ghost Kitchen,North Shore,1.03,37.34,1239,59,590,295,295,2203.06,22030.6,11015.3,11015.3,0.2733644403168,0.272526845289394,0.29,4,1.18,348.1,1000.43,3615.41,1807.71,4654.04,0.05,0.5,0.25,0.25,46264.259999999995,11077.59,0.2394416337795093,0.030000000000000027,0.75,1180,0.9523809523809523,0.545891285606194,15.776406779661016,5423.12,1276.17,37.339999999999996,8.940750605326876,0,Cluster 0,62.32,High Potential,Rebalance Channels,66.67,77.03,84.94,33.33,29.39,-1.4716192004871538,1.7438863745142321,1
26237,Red Tavern,Chinese,QSR,CBD,0.99,43.44,1068,155,457,228,228,6733.2,19852.08,9904.32,9904.32,0.237549209091812,0.363282232708298,0.27,4,1.18,269.04,2687.68,2564.26,1279.33,3684.45,0.17,0.5,0.25,0.25,46393.920000000006,10215.720000000001,0.2201952324787386,-0.010000000000000009,0.75,913,0.8548689138576779,0.60083144180011,16.159868421052632,3843.59,1057.32,43.440000000000005,9.565280898876406,0,Cluster 0,42.46,Moderate Potential,Rebalance Channels,0.0,75.28,76.47,33.33,22.33,-0.8681518098430544,1.315833192267848,1
25391,Lotus Kitchen,Chinese,Ghost Kitchen,South Auckland,1.05,36.38,1190,77,557,278,278,2801.26,20263.66,10113.64,10113.64,0.269855546893086,0.335844626626931,0.27,3,0.89,247.42,1104.54,2518.77,1257.12,3740.39,0.07,0.5,0.25,0.25,43292.2,8620.82,0.19913102129251922,0.050000000000000044,0.75,1113,0.9352941176470588,0.6057001735200169,13.454640287769784,3775.89,1249.5,36.379999999999995,7.244386554621848,0,Cluster 0,66.73,High Potential,Rebalance Channels,100.0,69.31,77.36,33.33,26.19,-1.0814484660463115,1.2520930605874778,1
25645,Dragon Tavern,Chinese,QSR,South Auckland,1.05,44.24,1546,246,650,325,325,10883.04,28756.0,14378.0,14378.0,0.251995091866702,0.374067268520594,0.33,10,2.95,958.75,4069.58,1263.47,631.74,4417.73,0.19,0.5,0.25,0.25,68395.04000000001,10382.52,0.15180223595161285,0.050000000000000044,0.75,1300,0.8408796895213454,0.626062360387296,13.593015384615383,1895.21,1623.3000000000002,44.24,6.715730918499354,0,Cluster 0,66.25,High Potential,Rebalance Channels,100.0,62.22,62.57,33.33,54.57,-0.2581593150990879,0.8160456048376934,1
25162,Red Diner,Chinese,Cafe,CBD,0.99,43.3,705,112,297,148,148,4849.6,12860.1,6408.4,6408.4,0.226821953151375,0.431672479095869,0.28,8,2.36,349.28,1656.17,790.97,394.15,1839.22,0.19,0.5,0.25,0.25,30526.5,4680.51,0.15332612648027125,-0.010000000000000009,0.75,593,0.8411347517730496,0.6584944322472439,12.427162162162162,1185.12,697.95,43.3,6.639021276595745,0,Cluster 0,35.77,Low Potential,Rebalance Channels,0.0,62.32,60.91,33.33,20.09,-0.5638705179139379,0.6421460327586989,1
25890,Sakura Cafe,Chinese,QSR,North Shore,1.03,34.06,754,98,328,164,164,3337.88,11171.68,5585.84,5585.84,0.245192879214883,0.423429430532269,0.3,13,3.84,629.76,1106.1,350.54,175.27,1221.26,0.15,0.5,0.25,0.25,25681.24,2853.17,0.11109938616671157,0.030000000000000027,0.75,656,0.870026525198939,0.668622309747152,7.44670731707317,525.8100000000001,776.62,34.06,3.7840450928381966,0,Cluster 0,50.2,Moderate Potential,Rebalance Channels,66.67,52.77,50.98,33.33,34.29,-0.479079504460665,0.2720735481573622,1
26011,Lotus Grill,Chinese,Cafe,CBD,0.99,41.83,1605,310,647,324,324,12967.3,27064.01,13552.92,13552.92,0.264956160262227,0.382143744057976,0.32,17,5.02,1626.48,4576.16,890.41,445.89,3156.35,0.24,0.5,0.25,0.25,67137.15,9068.81,0.13507886468222138,-0.010000000000000009,0.75,1295,0.8068535825545171,0.647099904320203,9.741820987654322,1336.3,1588.95,41.83,5.65034890965732,0,Cluster 0,39.62,Low Potential,Rebalance Channels,0.0,58.52,47.62,33.33,69.8,0.14708728126459902,0.34478731428486675,1
26364,Red Bistro,Chinese,Cafe,South Auckland,1.05,34.81,1022,223,399,200,200,7762.63,13889.19,6962.0,6962.0,0.2789976436086,0.404858949477784,0.27,13,3.84,768.0,2454.1,640.89,321.25,1432.99,0.28,0.5,0.25,0.25,35575.82,4849.23,0.13630690733200246,0.050000000000000044,0.75,799,0.7818003913894325,0.683856593086384,7.16495,962.14,1073.1000000000001,34.81,4.744843444227006,0,Cluster 0,60.67,High Potential,Rebalance Channels,100.0,57.47,48.63,33.33,43.84,0.1520455841396947,0.19193595801481397,1
26580,Dragon Grill,Chinese,Cafe,North Shore,1.03,46.09,849,141,354,177,177,6498.69,16315.86,8157.93,8157.93,0.265335303582251,0.384225417394191,0.28,17,5.02,888.54,2277.4,1149.28,574.64,1970.32,0.2,0.5,0.25,0.25,39130.41,5971.64,0.15260867442993825,0.030000000000000027,0.75,708,0.833922261484099,0.649560720976442,11.131751412429379,1723.92,874.47,46.09,7.033733804475855,0,Cluster 0,53.82,Moderate Potential,Rebalance Channels,66.67,62.75,47.24,33.33,46.78,-0.45224659372482057,0.6106440670764802,1
26541,Sakura House,Chinese,QSR,North Shore,1.03,37.75,1018,162,428,214,214,6115.5,16157.0,8078.5,8078.5,0.267915664128959,0.425599699211307,0.33,12,3.54,757.56,1874.31,-379.94,-189.97,1718.38,0.19,0.5,0.25,0.25,38429.5,3022.7799999999997,0.07865780194902353,0.030000000000000027,0.75,856,0.8408644400785854,0.693515363340266,8.029813084112151,-569.91,1048.54,37.75,2.9693320235756384,0,Cluster 0,49.37,Moderate Potential,Rebalance Channels,66.67,47.3,48.84,33.33,40.72,-0.026724039177269596,-0.028837159437517048,1
25034,Golden Bistro,Chinese,Full-service,West Auckland,1.04,37.94,2048,625,711,356,356,23712.5,26975.34,13506.64,13506.64,0.359857416327577,0.467711940500885,0.32,14,4.13,1470.28,4088.76,-3980.73,-1993.17,858.68,0.44,0.5,0.25,0.25,77701.12,-1026.46,-0.013210362990906697,0.040000000000000036,0.75,1423,0.69482421875,0.827569356828462,2.412022471910112,-5973.9,2129.92,37.94,-0.501201171875,1,Cluster 1,35.39,Low Potential,Optimize,83.33,30.24,24.84,33.33,80.23,2.2514922859518047,-1.560250009983264,0
26461,Lotus Bistro,Chinese,Ghost Kitchen,CBD,0.99,34.34,1024,48,488,244,244,1648.32,16757.92,8378.96,8378.96,0.27413561620051,0.279559344158042,0.3,9,2.66,649.04,735.65,2451.77,1225.88,3090.53,0.05,0.5,0.25,0.25,35164.159999999996,7503.83,0.2133942627948457,-0.010000000000000009,0.75,976,0.953125,0.553694960358552,12.66610655737705,3677.65,1013.76,34.339999999999996,7.327958984375,0,Cluster 0,42.8,Moderate Potential,Rebalance Channels,0.0,71.34,75.37,33.33,32.6,-1.4428537695312198,1.4180201179093475,1
25126,Lotus Diner,Chinese,Ghost Kitchen,South Auckland,1.05,32.55,994,65,465,232,232,2115.75,15135.75,7551.6,7551.6,0.270323122420814,0.246959132619668,0.31,17,5.02,1164.64,1021.31,2614.21,1304.3,2480.65,0.07,0.5,0.25,0.25,32354.699999999997,7420.469999999999,0.22934751365334866,0.050000000000000044,0.75,929,0.9346076458752515,0.5172822550404821,10.692456896551725,3918.51,1043.7,32.55,7.465261569416499,0,Cluster 0,69.78,High Potential,Rebalance Channels,100.0,73.67,67.63,33.33,52.23,-1.5380285689160276,1.6399753796019987,1
25815,Dragon Eatery,Chinese,Full-service,North Shore,1.03,40.57,825,185,320,160,160,7505.45,12982.4,6491.2,6491.2,0.357905452419072,0.494412695989013,0.3,4,1.18,188.8,1108.42,-1977.46,-988.73,769.83,0.29,0.5,0.25,0.25,33470.25,-1087.94,-0.03250468699815508,0.030000000000000027,0.75,640,0.7757575757575758,0.8523181484080851,4.8114375,-2966.19,849.75,40.57,-1.3187151515151516,1,Cluster 1,23.19,Low Potential,Optimize,66.67,26.54,37.71,33.33,15.65,1.147369470953764,-1.4350903081854773,0
25130,Dragon Eatery,Chinese,Full-service,CBD,0.99,43.74,1154,318,418,209,209,13909.32,18283.32,9141.66,9141.66,0.394079883396626,0.507411161647178,0.3,6,1.77,369.93,1370.19,-3683.93,-1841.96,530.61,0.38,0.5,0.25,0.25,50475.96000000001,-3625.0899999999997,-0.07181814867909396,-0.010000000000000009,0.75,836,0.7244367417677643,0.9014910450438041,2.538803827751196,-5525.889999999999,1142.46,43.74000000000001,-3.14132582322357,1,Cluster 1,4.51,Low Potential,Optimize,0.0,18.78,26.79,33.33,29.74,1.9639372931595556,-2.066267606920126,0
25736,Golden Bistro,Chinese,QSR,CBD,0.99,37.48,1541,201,670,335,335,7533.48,25111.6,12555.8,12555.8,0.231255908571184,0.429290983942337,0.33,6,1.77,592.95,2557.26,237.38,118.69,3669.16,0.15,0.5,0.25,0.25,57756.67999999999,6582.49,0.11396932787687936,-0.010000000000000009,0.75,1340,0.8695652173913043,0.660546892513521,10.952716417910448,356.07,1525.59,37.48,4.271570408825438,0,Cluster 0,37.55,Low Potential,Rebalance Channels,0.0,53.82,63.93,33.33,42.09,-0.16016860236360428,0.37733438542870373,1
25253,Lotus House,Chinese,Cafe,South Auckland,1.05,38.21,570,110,230,115,115,4203.1,8788.3,4394.15,4394.15,0.267035818304867,0.406331148534082,0.29,7,2.07,238.05,1372.87,321.94,160.97,1197.22,0.24,0.5,0.25,0.25,21779.699999999997,3053.0,0.14017640279710006,0.050000000000000044,0.75,460,0.8070175438596491,0.673366966838949,10.410608695652174,482.90999999999997,598.5,38.209999999999994,5.356140350877193,0,Cluster 0,58.94,Moderate Potential,Rebalance Channels,100.0,58.81,60.26,33.33,14.55,-0.33165171246165565,0.45963528373909895,1
26062,Lotus Corner,Chinese,QSR,North Shore,1.03,39.35,892,136,378,189,189,5351.6,14874.3,7437.15,7437.15,0.273729488663375,0.420402242988348,0.3,5,1.48,279.72,1636.88,87.29,43.64,1995.07,0.18,0.5,0.25,0.25,35100.200000000004,3762.88,0.10720394755585437,0.030000000000000027,0.75,756,0.8475336322869955,0.694131731651723,10.555925925925926,130.93,918.76,39.35,4.21847533632287,0,Cluster 0,49.98,Moderate Potential,Rebalance Channels,66.67,52.84,60.39,33.33,20.2,-0.23504824026374485,0.23064393548403792,1
25902,Dragon Corner,Chinese,Cafe,West Auckland,1.04,41.6,1401,233,584,292,292,9692.8,24294.4,12147.2,12147.2,0.262180847041309,0.369001289620064,0.31,10,2.95,861.4,3574.88,1428.94,714.47,3618.7,0.2,0.5,0.25,0.25,58281.59999999999,9336.99,0.16020476445396148,0.040000000000000036,0.75,1168,0.8336902212705211,0.631182136661373,12.392808219178082,2143.41,1457.04,41.599999999999994,6.664518201284796,0,Cluster 0,61.39,High Potential,Rebalance Channels,83.33,63.28,61.78,33.33,49.21,-0.27720141536322845,0.7680803335554595,1
25579,Red Bistro,Chinese,Cafe,West Auckland,1.04,41.65,1774,295,739,370,370,12286.75,30779.35,15410.5,15410.5,0.272242928724736,0.37713876364287,0.33,4,1.18,436.6,4307.96,634.62,317.74,4966.6,0.2,0.5,0.25,0.25,73887.1,10226.92,0.13841279465563,0.040000000000000036,0.75,1479,0.8337091319052987,0.649381692367606,13.423243243243244,952.36,1844.96,41.650000000000006,5.76489289740699,0,Cluster 0,61.57,High Potential,Rebalance Channels,83.33,59.13,68.99,33.33,47.71,0.01664513194603973,0.6163417103152137,1
25405,Sakura Eatery,Chinese,Cafe,CBD,0.99,32.65,685,89,298,149,149,2905.85,9729.7,4864.85,4864.85,0.250387344434857,0.388945489260368,0.33,3,0.89,132.61,1048.04,298.38,149.19,1621.98,0.15,0.5,0.25,0.25,22365.25,3117.59,0.1393943729669912,-0.010000000000000009,0.75,596,0.8700729927007299,0.639332833695225,10.885771812080536,447.57,678.15,32.65,4.551226277372263,0,Cluster 0,35.01,Low Potential,Rebalance Channels,0.0,57.62,72.18,33.33,7.78,-0.7358052969264047,0.6115985405796446,1
25014,Dragon Bistro,Chinese,Cafe,North Shore,1.03,45.49,1805,325,740,370,370,14784.25,33662.6,16831.3,16831.3,0.249232679028064,0.372381716105156,0.33,6,1.77,654.9,5594.15,1628.79,814.39,5713.82,0.22,0.5,0.25,0.25,82109.45,13751.15,0.16747341505758473,0.030000000000000027,0.75,1480,0.8199445983379502,0.62161439513322,15.442756756756756,2443.18,1859.15,45.489999999999995,7.618365650969529,0,Cluster 0,59.96,Moderate Potential,Rebalance Channels,66.67,65.55,69.93,33.33,52.84,-0.09084643174572109,0.9167982122706178,1
25663,Golden Diner,Chinese,QSR,North Shore,1.03,42.8,1416,128,644,322,322,5478.4,27563.2,13781.6,13781.6,0.217471688818187,0.397225528932176,0.29,10,2.95,949.9,2110.84,2626.85,1313.42,4360.19,0.1,0.5,0.25,0.25,60604.799999999996,10411.3,0.17179002323248324,0.030000000000000027,0.75,1288,0.9096045197740112,0.614697217750363,13.540962732919253,3940.27,1458.48,42.8,7.352612994350282,0,Cluster 0,58.36,Moderate Potential,Rebalance Channels,66.67,65.77,64.32,33.33,49.26,-0.7586268022475365,1.047419239191495,1
25460,Dragon House,Chinese,QSR,South Auckland,1.05,40.17,1702,154,774,387,387,6186.18,31091.58,15545.79,15545.79,0.224177420735359,0.371806528232992,0.31,4,1.18,456.66,2499.32,2923.11,1461.55,5824.09,0.1,0.5,0.25,0.25,68369.34,12708.07,0.1858738141980016,0.050000000000000044,0.75,1548,0.9095182138660399,0.5959839489683509,15.049328165374677,4384.66,1787.1000000000001,40.169999999999995,7.466551116333725,0,Cluster 0,69.28,High Potential,Rebalance Channels,100.0,67.82,77.22,33.33,45.85,-0.7403718330044752,1.268540906466884,1
25220,Sakura Cafe,Chinese,Ghost Kitchen,South Auckland,1.05,46.48,684,56,314,157,157,2602.88,14594.72,7297.36,7297.36,0.254113502101973,0.293027579516638,0.33,10,2.95,463.15,1178.74,1793.09,896.55,2841.52,0.09,0.5,0.25,0.25,31792.32,6709.9,0.21105411621423034,0.050000000000000044,0.75,628,0.9181286549707602,0.547141081618611,18.098853503184714,2689.64,718.2,46.48,9.809795321637427,0,Cluster 0,67.35,High Potential,Rebalance Channels,100.0,74.38,74.74,33.33,25.41,-1.5583358430310146,1.6819447685306845,1
26433,Dragon Corner,Chinese,Full-service,North Shore,1.03,32.61,2080,604,738,369,369,19696.44,24066.18,12033.09,12033.09,0.36501345516881,0.501099391840398,0.3,15,4.43,1634.67,2637.1,-3997.7,-1998.85,-23.59,0.41,0.5,0.25,0.25,67828.79999999999,-3383.04,-0.04987615879980186,0.030000000000000027,0.75,1476,0.7096153846153846,0.866112847009208,-0.06392953929539295,-5996.549999999999,2142.4,32.60999999999999,-1.6264615384615384,1,Cluster 1,28.5,Low Potential,Optimize,66.67,23.78,17.2,33.33,82.96,2.4356444770755155,-2.0198607818432914,0
25061,Dragon Eatery,Chinese,Full-service,CBD,0.99,35.28,690,182,254,127,127,6420.96,8961.12,4480.56,4480.56,0.394684779981617,0.457801265991293,0.31,17,5.02,637.54,947.18,-1456.06,-728.03,23.41,0.36,0.5,0.25,0.25,24343.200000000004,-1213.4999999999998,-0.04984965000492949,-0.010000000000000009,0.75,508,0.736231884057971,0.85248604597291,0.18433070866141732,-2184.09,683.1,35.28000000000001,-1.7586956521739128,1,Cluster 1,5.19,Low Potential,Optimize,0.0,23.61,15.96,33.33,40.61,1.4885530355740062,-1.9181952839035668,0
25666,Lotus Eatery,Chinese,QSR,South Auckland,1.05,31.59,1136,148,494,247,247,4675.32,15605.46,7802.73,7802.73,0.257099008373916,0.365626385132782,0.32,5,1.48,365.56,1763.88,893.8,446.9,2578.21,0.15,0.5,0.25,0.25,35886.24,5682.790000000001,0.15835568173205108,0.050000000000000044,0.75,988,0.8697183098591549,0.6227253935066981,10.438097165991904,1340.6999999999998,1192.8,31.59,5.002455985915494,0,Cluster 0,63.83,High Potential,Rebalance Channels,100.0,60.78,71.4,33.33,29.03,-0.6115686446435957,0.8159167482140635,1
25346,Dragon Corner,Chinese,Cafe,South Auckland,1.05,41.51,864,112,376,188,188,4649.12,15607.76,7803.88,7803.88,0.213982010986656,0.368292850884609,0.29,3,0.89,167.32,1942.05,1993.5,996.75,3092.56,0.15,0.5,0.25,0.25,35864.64,8024.860000000001,0.2237540931680898,0.050000000000000044,0.75,752,0.8703703703703703,0.582274861871265,16.449787234042553,2990.25,907.2,41.51,9.288032407407409,0,Cluster 0,67.31,High Potential,Rebalance Channels,100.0,75.38,80.97,33.33,15.16,-1.1464481335362615,1.563498475750804,1
26115,Red Kitchen,Chinese,QSR,West Auckland,1.04,43.52,942,143,399,200,200,6223.36,17364.48,8704.0,8704.0,0.272186443097889,0.352368629071862,0.3,5,1.48,296.0,2336.53,1310.06,656.67,2971.87,0.18,0.5,0.25,0.25,40995.84,7275.13,0.17746020083989011,0.040000000000000036,0.75,799,0.8481953290870489,0.624555072169751,14.85935,1966.73,979.6800000000001,43.519999999999996,7.723067940552017,0,Cluster 0,60.14,High Potential,Rebalance Channels,83.33,67.03,71.12,33.33,22.17,-0.6884612073482493,1.0094814370704022,1
25953,Red Tavern,Chinese,Ghost Kitchen,South Auckland,1.05,36.36,727,27,350,175,175,981.72,12726.0,6363.0,6363.0,0.279109132918529,0.237539153231774,0.28,16,4.72,826.0,474.52,2587.85,1293.93,2249.57,0.04,0.5,0.25,0.25,26433.72,6605.870000000001,0.2499031540017826,0.050000000000000044,0.75,700,0.9628610729023384,0.516648286150303,12.854685714285715,3881.7799999999997,763.35,36.36,9.086478679504815,0,Cluster 0,69.67,High Potential,Rebalance Channels,100.0,78.63,69.42,33.33,40.86,-1.8600322060769625,1.838963083199442,1
25790,Lotus Corner,Chinese,Ghost Kitchen,West Auckland,1.04,31.36,1240,112,564,282,282,3512.32,17687.04,8843.52,8843.52,0.257417674874887,0.311002339527477,0.29,11,3.25,916.5,1515.85,2504.13,1252.07,2900.19,0.1,0.5,0.25,0.25,38886.4,8172.24,0.21015676431863067,0.040000000000000036,0.75,1128,0.9096774193548387,0.568420014402364,10.28436170212766,3756.2,1289.6000000000001,31.36,6.590516129032258,0,Cluster 0,64.18,High Potential,Rebalance Channels,83.33,69.91,69.76,33.33,46.15,-1.064535364452926,1.2981581732277017,1
26482,Lotus Corner,Chinese,QSR,South Auckland,1.05,43.28,1090,142,474,237,237,6145.76,20514.72,10257.36,10257.36,0.20701973548159,0.351363193755969,0.28,10,2.95,699.15,2714.07,3315.53,1657.76,3830.68,0.15,0.5,0.25,0.25,47175.200000000004,11518.04,0.24415455578354728,0.050000000000000044,0.75,948,0.8697247706422019,0.5583829292375591,16.16320675105485,4973.29,1144.5,43.28,10.567009174311927,0,Cluster 0,70.44,High Potential,Rebalance Channels,100.0,79.86,73.0,33.33,39.14,-1.1545529965934744,1.7160840447729746,1
26430,Lotus Cafe,Chinese,Cafe,North Shore,1.03,41.86,934,198,368,184,184,8288.28,15404.48,7702.24,7702.24,0.271048975866288,0.39323107956443,0.31,14,4.13,759.92,2782.54,396.2,198.1,1825.88,0.27,0.5,0.25,0.25,39097.24,5202.719999999999,0.13307128585035669,0.030000000000000027,0.75,736,0.7880085653104925,0.664280055430718,9.923260869565217,594.3,962.02,41.86,5.57036402569593,0,Cluster 0,52.59,Moderate Potential,Rebalance Channels,66.67,58.15,50.01,33.33,42.6,-0.03043132510696059,0.3475886247351109,1
25674,Sakura Corner,Chinese,QSR,South Auckland,1.05,38.35,816,136,340,170,170,5215.6,13039.0,6519.5,6519.5,0.245714876074344,0.419549148436636,0.33,8,2.36,401.2,1745.85,61.75,30.88,1781.11,0.2,0.5,0.25,0.25,31293.6,3619.59,0.11566550348953142,0.050000000000000044,0.75,680,0.8333333333333334,0.66526402451098,10.477117647058822,92.63,856.8000000000001,38.35,4.435772058823529,0,Cluster 0,59.32,Moderate Potential,Rebalance Channels,100.0,54.27,59.86,33.33,25.21,-0.3311446149716928,0.41559146090817844,1
25474,Sakura Bistro,Chinese,Full-service,North Shore,1.03,33.71,2012,476,768,384,384,16045.96,25889.28,12944.64,12944.64,0.371837479888927,0.510073895007372,0.3,17,5.02,1927.68,1894.85,-4709.55,-2354.78,-399.07,0.31,0.5,0.25,0.25,67824.51999999999,-5568.55,-0.08210231344062591,0.030000000000000027,0.75,1536,0.7634194831013916,0.881911374896299,-1.0392447916666667,-7064.33,2072.36,33.709999999999994,-2.7676689860834993,1,Cluster 1,26.23,Low Potential,Optimize,66.67,17.9,11.43,33.33,85.37,2.1754300310959818,-2.185853194880038,0
26322,Dragon Eatery,Chinese,Cafe,South Auckland,1.05,46.69,512,88,212,106,106,4108.72,9898.28,4949.14,4949.14,0.233956580478698,0.384420123812743,0.28,12,3.54,375.24,1567.98,1005.9,502.95,1513.47,0.21,0.5,0.25,0.25,23905.28,4590.3,0.19202034027629045,0.050000000000000044,0.75,424,0.828125,0.618376704291441,14.278018867924528,1508.85,537.6,46.69,8.9654296875,0,Cluster 0,63.39,High Potential,Rebalance Channels,100.0,70.67,60.42,33.33,24.25,-0.8524201333188883,1.1119785364764307,1
25193,Lotus Corner,Chinese,Ghost Kitchen,West Auckland,1.04,44.51,552,40,256,128,128,1780.4,11394.56,5697.28,5697.28,0.266178112232592,0.341195593902376,0.32,15,4.43,567.04,699.03,827.54,413.77,1669.86,0.08,0.5,0.25,0.25,24569.519999999997,3610.2,0.14693815752200287,0.040000000000000036,0.75,512,0.927536231884058,0.607373706134968,13.04578125,1241.31,574.08,44.50999999999999,6.540217391304347,0,Cluster 0,57.44,Moderate Potential,Rebalance Channels,83.33,61.32,57.08,33.33,32.43,-1.221759587273959,0.9482578336521982,1
26247,Dragon Bistro,Chinese,Cafe,North Shore,1.03,42.82,1517,197,660,330,330,8435.54,28261.2,14130.6,14130.6,0.207485083583742,0.366652830177918,0.29,13,3.84,1267.2,3592.38,3839.63,1919.81,4750.49,0.15,0.5,0.25,0.25,64957.94,14102.31,0.2170990951991396,0.030000000000000027,0.75,1320,0.8701384311140409,0.57413791376166,14.395424242424241,5759.4400000000005,1562.51,42.82,9.296183256427158,0,Cluster 0,62.34,High Potential,Rebalance Channels,66.67,74.5,65.54,33.33,59.61,-0.7838230137930237,1.4022713601705379,1
25439,Sakura Grill,Chinese,QSR,South Auckland,1.05,42.65,1361,145,608,304,304,6184.25,25931.2,12965.6,12965.6,0.254115779791027,0.438919094158337,0.3,10,2.95,896.8,1898.35,180.61,90.31,3083.19,0.12,0.5,0.25,0.25,58046.65,5252.46,0.0904868756422636,0.050000000000000044,0.75,1216,0.893460690668626,0.693034873949364,10.142072368421053,270.92,1429.05,42.65,3.859265246142542,0,Cluster 0,60.22,High Potential,Rebalance Channels,100.0,50.1,52.25,33.33,48.31,-0.1840914853594533,0.21488613510718838,1
25316,Red Eatery,Chinese,Full-service,South Auckland,1.05,44.39,852,256,298,149,149,11363.84,13228.22,6614.11,6614.11,0.363367310306057,0.482808523345739,0.32,13,3.84,572.16,1748.03,-2198.21,-1099.11,445.25,0.43,0.5,0.25,0.25,37820.28,-1104.04,-0.029191745804102984,0.050000000000000044,0.75,596,0.6995305164319249,0.8461758336517959,2.988255033557047,-3297.3199999999997,894.6,44.39,-1.2958215962441315,1,Cluster 1,32.19,Low Potential,Optimize,100.0,27.01,23.61,33.33,38.09,1.6767366117020164,-1.5574126464275797,0
25804,Golden Tavern,Chinese,QSR,West Auckland,1.04,45.53,709,70,319,160,160,3187.1,14524.07,7284.8,7284.8,0.211341295223683,0.3560370254796,0.28,12,3.54,566.4,1378.81,2216.69,1111.82,2585.16,0.11,0.5,0.25,0.25,32280.769999999997,7292.48,0.22590787022738307,0.040000000000000036,0.75,639,0.9012693935119888,0.567378320703283,16.157249999999998,3328.51,737.36,45.529999999999994,10.285585331452749,0,Cluster 0,63.35,High Potential,Rebalance Channels,83.33,77.02,68.28,33.33,30.69,-1.418192457537507,1.618266758081702,1
25402,Dragon Tavern,Chinese,QSR,North Shore,1.03,42.47,1837,293,772,386,386,12443.71,32786.84,16393.42,16393.42,0.233264213018119,0.440884645469487,0.28,6,1.77,683.22,4054.8,1503.31,751.66,4658.59,0.19,0.5,0.25,0.25,78017.38999999998,10968.36,0.1405886559394002,0.030000000000000027,0.75,1544,0.8405008165487208,0.6741488584876061,12.068886010362695,2254.97,1892.1100000000001,42.46999999999999,5.9708002177463255,0,Cluster 0,57.04,Moderate Potential,Rebalance Channels,66.67,59.7,61.83,33.33,53.9,0.10444826339340059,0.5124918704370461,1
26089,Sakura Bistro,Chinese,Full-service,North Shore,1.03,36.23,1352,320,516,258,258,11593.6,18694.68,9347.34,9347.34,0.392739950795658,0.470296924328432,0.31,18,5.31,1369.98,1587.9,-3234.87,-1617.43,-89.74,0.31,0.5,0.25,0.25,48982.95999999999,-3354.1399999999994,-0.06847564949117,0.030000000000000027,0.75,1032,0.7633136094674556,0.86303687512409,-0.34782945736434107,-4852.3,1392.56,36.23,-2.4808727810650884,1,Cluster 1,24.11,Low Potential,Optimize,66.67,20.12,12.69,33.33,65.8,1.7238370541219654,-1.9888297848475065,0
25322,Dragon Tavern,Chinese,QSR,South Auckland,1.05,41.05,488,56,216,108,108,2298.8,8866.8,4433.4,4433.4,0.219390986971557,0.417754578310996,0.28,12,3.54,382.32,834.13,734.65,367.33,1226.36,0.13,0.5,0.25,0.25,20032.399999999998,3162.47,0.15786775423813423,0.050000000000000044,0.75,432,0.8852459016393442,0.6371455652825531,11.355185185185185,1101.98,512.4,41.05,6.48047131147541,0,Cluster 0,60.7,High Potential,Rebalance Channels,100.0,62.72,57.52,33.33,23.44,-0.9827375264516837,0.8603573960818749,1
26416,Sakura House,Chinese,Full-service,North Shore,1.03,40.76,914,246,334,167,167,10026.96,13613.84,6806.92,6806.92,0.35818507267395,0.451834093313664,0.3,6,1.77,295.59,1904.93,-1497.78,-748.89,997.59,0.37,0.5,0.25,0.25,37254.64,655.8500000000001,0.017604518524403943,0.030000000000000027,0.75,668,0.7308533916849015,0.8100191659876139,5.9735928143712576,-2246.67,941.4200000000001,40.76,0.7175601750547047,1,Cluster 1,42.34,Moderate Potential,Rebalance Channels,66.67,36.04,40.89,33.33,23.27,1.2060443755956647,-1.0683092192929509,0
25444,Lotus Bistro,Chinese,QSR,West Auckland,1.04,32.99,813,129,342,171,171,4255.71,11282.58,5641.29,5641.29,0.241232790723443,0.447842447133735,0.3,17,5.02,858.42,1323.21,123.26,61.63,895.6,0.19,0.5,0.25,0.25,26820.870000000003,2403.7000000000003,0.08962050820871956,0.040000000000000036,0.75,684,0.8413284132841329,0.6890752378571781,5.237426900584795,184.89000000000001,845.52,32.99,2.9565805658056585,0,Cluster 0,53.13,Moderate Potential,Rebalance Channels,83.33,48.76,41.15,33.33,45.84,-0.14106293644518164,-0.026402440904952425,1
26456,Dragon Kitchen,Chinese,Full-service,West Auckland,1.04,33.23,1590,454,568,284,284,15086.42,18874.64,9437.32,9437.32,0.391896367259324,0.51360884218011,0.3,16,4.72,1340.48,1425.59,-3878.84,-1939.42,-448.7,0.4,0.5,0.25,0.25,52835.7,-4841.37,-0.09163065881591424,0.040000000000000036,0.75,1136,0.7144654088050314,0.905505209439434,-1.5799295774647888,-5818.26,1653.6000000000001,33.23,-3.04488679245283,1,Cluster 1,27.22,Low Potential,Optimize,83.33,16.24,9.49,33.33,69.55,2.4171061046065216,-2.414125185968325,0
26375,Sakura House,Chinese,Full-service,West Auckland,1.04,44.45,1204,368,418,209,209,16357.6,18580.1,9290.05,9290.05,0.391934129910078,0.540160201489925,0.3,6,1.77,369.93,1110.77,-4312.34,-2156.17,260.92,0.44,0.5,0.25,0.25,53517.8,-5096.82,-0.09523597756260532,0.040000000000000036,0.75,836,0.6943521594684385,0.932094331400003,1.248421052631579,-6468.51,1252.16,44.45,-4.233239202657807,1,Cluster 1,23.78,Low Potential,Optimize,83.33,14.15,22.07,33.33,33.28,2.3842616753578074,-2.308096234726938,0
25286,Sakura Kitchen,Chinese,Cafe,West Auckland,1.04,33.47,1076,148,464,232,232,4953.56,15530.08,7765.04,7765.04,0.236732678022236,0.412625902309082,0.31,7,2.07,480.24,1736.92,631.16,315.58,2242.5,0.16,0.5,0.25,0.25,36013.72,4926.16,0.13678564724777112,0.040000000000000036,0.75,928,0.862453531598513,0.649358580331318,9.66594827586207,946.74,1119.04,33.47,4.578215613382899,0,Cluster 0,57.65,Moderate Potential,Rebalance Channels,83.33,57.31,63.96,33.33,31.32,-0.44665585329291013,0.568405830465921,1
26055,Golden Bistro,Chinese,Cafe,West Auckland,1.04,44.28,665,149,258,129,129,6597.72,11424.24,5712.12,5712.12,0.258825121168047,0.351078014448285,0.28,9,2.66,343.14,2573.75,1257.77,628.89,1885.14,0.29,0.5,0.25,0.25,29446.199999999997,6345.55,0.2154963968186048,0.040000000000000036,0.75,516,0.7759398496240602,0.609903135616332,14.613488372093023,1886.6599999999999,691.6,44.279999999999994,9.54218045112782,0,Cluster 0,61.16,High Potential,Rebalance Channels,83.33,74.61,66.7,33.33,22.22,-0.5593562482645208,1.158428307756051,1
25408,Dragon Bistro,Chinese,QSR,South Auckland,1.05,43.67,929,106,411,206,206,4629.02,17948.37,8996.02,8996.02,0.277101503256708,0.38409072898794,0.31,15,4.43,912.58,1568.35,517.05,259.16,2135.34,0.13,0.5,0.25,0.25,40569.43,4479.9,0.11042551004537159,0.050000000000000044,0.75,823,0.8858988159311088,0.661192232244648,10.365728155339806,776.21,975.45,43.67,4.822282023681377,0,Cluster 0,60.08,High Potential,Rebalance Channels,100.0,54.08,48.78,33.33,45.36,-0.5228153752837789,0.416069408277755,1
25409,Red Cafe,Chinese,Cafe,West Auckland,1.04,37.34,1251,258,497,248,248,9633.72,18557.98,9260.32,9260.32,0.254479878954589,0.443789343861863,0.29,5,1.48,367.04,2906.79,217.7,108.63,2427.08,0.26,0.5,0.25,0.25,46712.34,5660.2,0.12117140781215414,0.040000000000000036,0.75,993,0.7937649880095923,0.698269222816452,9.786612903225807,326.33,1301.04,37.339999999999996,4.524540367705836,0,Cluster 0,56.44,Moderate Potential,Rebalance Channels,83.33,55.13,59.75,33.33,32.52,0.2357391587926809,0.19592559989919694,1
25166,Sakura Grill,Chinese,Cafe,West Auckland,1.04,38.08,953,145,404,202,202,5521.6,15384.32,7692.16,7692.16,0.255336913112551,0.351766921835951,0.33,6,1.77,357.54,2169.42,967.61,483.81,2664.68,0.18,0.5,0.25,0.25,36290.24,6285.52,0.17320138968494012,0.040000000000000036,0.75,808,0.8478488982161595,0.6071038349485021,13.19148514851485,1451.42,991.12,38.08,6.595508919202519,0,Cluster 0,60.23,High Potential,Rebalance Channels,83.33,64.94,72.17,33.33,24.87,-0.7185526567483281,1.0111225334198952,1
25534,Sakura Cafe,Chinese,Full-service,North Shore,1.03,33.33,1416,292,562,281,281,9732.36,18731.46,9365.73,9365.73,0.359218015661463,0.499981935787946,0.31,10,2.95,828.95,1370.32,-3169.36,-1584.68,489.75,0.26,0.5,0.25,0.25,47195.28,-2893.9700000000003,-0.06131905563437701,0.030000000000000027,0.75,1124,0.7937853107344632,0.859199951449409,1.74288256227758,-4754.04,1458.48,33.33,-2.0437641242937854,1,Cluster 1,24.8,Low Potential,Optimize,66.67,21.68,26.63,33.33,49.26,1.5015126475755838,-1.7907241604029112,0
26303,Golden Cafe,Chinese,Cafe,North Shore,1.03,31.21,1288,273,507,254,254,8520.33,15823.47,7927.34,7927.34,0.234816674832255,0.390215468662791,0.32,5,1.48,375.92,3194.85,869.78,435.75,2596.58,0.27,0.5,0.25,0.25,40198.479999999996,7096.96,0.1765479689779315,0.030000000000000027,0.75,1015,0.7880434782608695,0.625032143495046,10.22275590551181,1305.53,1326.64,31.209999999999997,5.5100621118012425,0,Cluster 0,56.86,Moderate Potential,Rebalance Channels,66.67,63.92,71.04,33.33,33.35,-0.11798370917818012,0.7627992332813618,1
26182,Red Cafe,Chinese,QSR,CBD,0.99,38.49,588,53,267,134,134,2039.97,10276.83,5157.66,5157.66,0.22133356070146,0.377704364201054,0.32,11,3.25,435.5,817.95,832.03,417.57,1632.53,0.1,0.5,0.25,0.25,22632.12,3700.08,0.16348799847296674,-0.010000000000000009,0.75,535,0.9098639455782312,0.5990379249025141,12.183059701492537,1249.6,582.12,38.489999999999995,6.29265306122449,0,Cluster 0,37.32,Low Potential,Rebalance Channels,0.0,63.22,65.04,33.33,23.36,-1.1972780379378438,0.9935168734392111,1
25616,Dragon Kitchen,Chinese,Full-service,CBD,0.99,42.74,721,178,271,136,136,7607.72,11582.54,5812.64,5812.64,0.350249558931682,0.450828500417992,0.3,10,2.95,401.2,1513.34,-1170.74,-587.53,755.06,0.33,0.5,0.25,0.25,30815.54,510.1299999999999,0.016554309935831072,-0.010000000000000009,0.75,543,0.753120665742025,0.801078059349674,5.551911764705882,-1758.27,713.79,42.74,0.7075312066574201,1,Cluster 1,24.88,Low Potential,Rebalance Channels,0.0,35.88,35.59,33.33,25.27,0.9370741284713262,-1.0619753126611102,0
26667,Lotus Bistro,Chinese,Ghost Kitchen,South Auckland,1.05,43.75,569,21,274,137,137,918.75,11987.5,5993.75,5993.75,0.289830507559236,0.227591273200233,0.3,6,1.77,242.49,443.37,2188.66,1094.33,2649.96,0.04,0.5,0.25,0.25,24893.75,6376.32,0.25614140095405474,0.050000000000000044,0.75,548,0.9630931458699473,0.517421780759469,19.342773722627737,3282.99,597.45,43.75,11.206186291739893,0,Cluster 0,69.61,High Potential,Rebalance Channels,100.0,82.34,85.99,33.33,12.18,-2.032947211235038,2.0906767621947004,1
25983,Golden Kitchen,Chinese,Ghost Kitchen,North Shore,1.03,44.94,1154,75,539,270,270,3370.5,24222.66,12133.8,12133.8,0.266524447023403,0.326476223429199,0.31,15,4.43,1196.1,1371.79,2349.58,1176.97,3742.35,0.07,0.5,0.25,0.25,51860.759999999995,8640.69,0.1666132544143202,0.030000000000000027,0.75,1079,0.9350086655112652,0.5930006704526021,13.860555555555555,3526.55,1188.6200000000001,44.94,7.48759965337955,0,Cluster 0,57.67,Moderate Potential,Rebalance Channels,66.67,65.25,59.3,33.33,52.23,-1.0558694019341288,1.0888947020725126,1
26509,Sakura Kitchen,Chinese,Cafe,CBD,0.99,36.12,519,71,224,112,112,2564.52,8090.88,4045.44,4045.44,0.225993219055235,0.415776332048699,0.33,7,2.07,231.84,918.69,228.41,114.2,1217.36,0.16,0.5,0.25,0.25,18746.28,2478.66,0.1322214327322541,-0.010000000000000009,0.75,448,0.8631984585741811,0.6417695511039341,10.869285714285713,342.61,513.81,36.12,4.775838150289017,0,Cluster 0,34.04,Low Potential,Rebalance Channels,0.0,56.96,65.13,33.33,11.82,-0.7613609711879591,0.5811675567382933,1
25661,Red Bistro,Chinese,Full-service,West Auckland,1.04,44.57,1513,330,591,296,296,14708.1,26340.87,13192.72,13192.72,0.351882391527761,0.489626219822094,0.29,6,1.77,523.92,2331.11,-3464.05,-1734.96,1567.01,0.28,0.5,0.25,0.25,67434.41,-1300.89,-0.019291189764987934,0.040000000000000036,0.75,1183,0.7818902842035691,0.841508611349855,5.293952702702702,-5199.01,1573.52,44.57,-0.8598083278255123,1,Cluster 1,31.82,Low Potential,Optimize,83.33,28.94,36.04,33.33,43.63,1.3748531768161574,-1.2903444250042586,0
25259,Sakura Eatery,Chinese,Cafe,CBD,0.99,32.43,710,118,296,148,148,3826.74,9599.28,4799.64,4799.64,0.242546495571733,0.430796837480739,0.3,11,3.25,481.0,1250.03,255.88,127.94,1086.83,0.2,0.5,0.25,0.25,23025.3,2720.68,0.11816045827850234,-0.010000000000000009,0.75,592,0.8338028169014085,0.673343333052472,7.343445945945946,383.82,702.9,32.43,3.8319436619718306,0,Cluster 0,33.25,Low Potential,Rebalance Channels,0.0,53.79,53.59,33.33,27.25,-0.3069453136728804,0.18361366276561017,1
26472,Lotus House,Chinese,QSR,South Auckland,1.05,35.67,487,59,214,107,107,2104.53,7633.38,3816.69,3816.69,0.240888773892075,0.351945476536639,0.3,14,4.13,441.91,856.89,818.04,409.02,1112.12,0.14,0.5,0.25,0.25,17371.29,3196.0699999999997,0.18398576041272696,0.050000000000000044,0.75,428,0.8788501026694046,0.592834250428714,10.393644859813083,1227.06,511.35,35.67,6.562772073921971,0,Cluster 0,63.0,High Potential,Rebalance Channels,100.0,66.34,61.02,33.33,28.08,-1.1508796447113998,1.092672290234963,1
25945,Golden Grill,Chinese,QSR,West Auckland,1.04,43.46,1303,179,562,281,281,7779.34,24424.52,12212.26,12212.26,0.222378516234458,0.41459262559656,0.31,9,2.66,747.46,2824.12,1295.2,647.6,3685.94,0.16,0.5,0.25,0.25,56628.380000000005,8452.86,0.14926897078814544,0.040000000000000036,0.75,1124,0.8626247122026094,0.636971141831018,13.117224199288257,1942.8000000000002,1355.1200000000001,43.46,6.487229470452801,0,Cluster 0,60.27,High Potential,Rebalance Channels,83.33,61.57,62.53,33.33,43.6,-0.45316983681443906,0.8033888512887901,1
25640,Lotus Diner,Chinese,Cafe,CBD,0.99,31.66,1281,264,509,254,254,8358.24,16114.94,8041.64,8041.64,0.205856685228646,0.39364028731361,0.32,10,2.95,749.3,3347.5,1297.3,647.38,2471.4,0.26,0.5,0.25,0.25,40556.46,7763.58,0.1914264706535038,-0.010000000000000009,0.75,1017,0.7939110070257611,0.599496972542256,9.72992125984252,1944.6799999999998,1268.19,31.66,6.0605620608899295,0,Cluster 0,41.47,Moderate Potential,Rebalance Channels,0.0,66.67,66.67,33.33,43.13,-0.28067769518365676,0.8866173000612931,1
25467,Dragon Eatery,Chinese,QSR,West Auckland,1.04,41.53,747,91,328,164,164,3779.23,13621.84,6810.92,6810.92,0.25042320612818,0.370411440101452,0.28,4,1.18,193.52,1432.95,1350.81,675.41,2388.94,0.14,0.5,0.25,0.25,31022.909999999996,5848.110000000001,0.18850939515345277,0.040000000000000036,0.75,656,0.8781793842034806,0.6208346462296319,14.56670731707317,2026.2199999999998,776.88,41.529999999999994,7.828795180722892,0,Cluster 0,59.67,Moderate Potential,Rebalance Channels,83.33,68.66,73.39,33.33,13.3,-0.9828825102789907,1.1383978925064964,1
25180,Lotus House,Chinese,Cafe,CBD,0.99,38.27,865,173,346,173,173,6620.71,13241.42,6620.71,6620.71,0.274860554076731,0.414748610393144,0.33,12,3.54,612.42,2055.01,-259.65,-129.83,1442.59,0.25,0.5,0.25,0.25,33103.55,3108.12,0.09389083648128371,-0.010000000000000009,0.75,692,0.8,0.689609164469875,8.338670520231213,-389.48,856.35,38.27,3.593202312138728,0,Cluster 0,32.62,Low Potential,Rebalance Channels,0.0,50.2,49.44,33.33,34.53,0.07369417374934692,-0.04335731717694948,1
25023,Red Grill,Chinese,Full-service,West Auckland,1.04,36.25,931,215,358,179,179,7793.75,12977.5,6488.75,6488.75,0.397388583177235,0.541547694453038,0.29,12,3.54,633.66,475.92,-2971.02,-1485.51,-237.43,0.3,0.5,0.25,0.25,33748.75,-4218.04,-0.12498359198488833,0.040000000000000036,0.75,716,0.7690655209452202,0.938936277630273,-1.3264245810055866,-4456.53,968.24,36.25,-4.530655209452202,1,Cluster 1,21.19,Low Potential,Optimize,83.33,9.74,11.01,33.33,38.13,1.889387988045726,-2.542999661703292,0
25872,Lotus Cafe,Chinese,QSR,North Shore,1.03,41.75,1579,143,718,359,359,5970.25,29976.5,14988.25,14988.25,0.224730357956141,0.41980867923703,0.27,14,4.13,1482.67,2122.19,2561.82,1280.91,3845.07,0.1,0.5,0.25,0.25,65923.25,9809.99,0.1488092592522365,0.030000000000000027,0.75,1436,0.9094363521215959,0.644539037193171,10.71050139275766,3842.7300000000005,1626.3700000000001,41.75,6.212786573780874,0,Cluster 0,57.16,Moderate Potential,Rebalance Channels,66.67,61.13,53.05,33.33,64.0,-0.46929674353734396,0.6966757311428824,1
26234,Sakura Tavern,Chinese,Cafe,CBD,0.99,40.7,1869,397,736,368,368,16157.9,29955.2,14977.6,14977.6,0.253393245972693,0.403203879250214,0.28,4,1.18,434.24,5548.67,1899.25,949.62,4709.11,0.27,0.5,0.25,0.25,76068.3,13106.650000000001,0.17230107679545884,-0.010000000000000009,0.75,1472,0.7875869448903157,0.656597125222907,12.79649456521739,2848.87,1850.31,40.7,7.012653825575175,0,Cluster 0,42.1,Moderate Potential,Rebalance Channels,0.0,65.38,67.87,33.33,47.89,0.283443800985224,0.6062287088415023,1
26210,Golden Bistro,Chinese,Cafe,North Shore,1.03,35.46,1501,337,582,291,291,11950.02,20637.72,10318.86,10318.86,0.250337548665702,0.439704435644671,0.3,5,1.48,430.68,3704.0,205.51,102.76,2767.73,0.29,0.5,0.25,0.25,53225.46000000001,6780.0,0.12738264732704985,0.030000000000000027,0.75,1164,0.7754830113257828,0.690041984310373,9.511099656357388,308.27,1546.03,35.46,4.516988674217188,0,Cluster 0,53.92,Moderate Potential,Rebalance Channels,66.67,55.96,61.02,33.33,40.41,0.4377992135288972,0.19345761733623815,1
26076,Sakura House,Chinese,Full-service,CBD,0.99,39.98,1441,297,572,286,286,11874.06,22868.56,11434.28,11434.28,0.368134736281354,0.51096707645338,0.33,5,1.48,423.28,1435.55,-4781.86,-2390.93,959.1,0.26,0.5,0.25,0.25,57611.18,-4778.139999999999,-0.082937721463091,-0.010000000000000009,0.75,1144,0.7938931297709924,0.8791018127347341,3.3534965034965034,-7172.789999999999,1426.59,39.98,-3.3158501040943786,1,Cluster 1,6.12,Low Potential,Optimize,0.0,17.05,31.88,33.33,36.57,1.6029466798787821,-1.9208545695922783,0
26198,Golden Corner,Chinese,QSR,CBD,0.99,31.54,973,126,423,212,212,3974.04,13341.42,6686.48,6686.48,0.213647998534143,0.435719694918953,0.3,7,2.07,438.84,1393.43,675.51,338.55,1905.66,0.15,0.5,0.25,0.25,30688.42,4313.150000000001,0.14054649929843246,-0.010000000000000009,0.75,847,0.8705035971223022,0.6493676934530961,8.988962264150944,1014.06,963.27,31.54,4.4328365878725595,0,Cluster 0,36.14,Low Potential,Rebalance Channels,0.0,57.62,63.96,33.33,26.3,-0.5353715383710856,0.5211478653323406,1
25596,Dragon Eatery,Chinese,Ghost Kitchen,West Auckland,1.04,35.34,489,40,225,112,112,1413.6,7951.5,3958.08,3958.08,0.295075432630256,0.2626055581728,0.33,10,2.95,330.4,625.26,893.1,444.57,1420.33,0.09,0.5,0.25,0.25,17281.260000000002,3383.26,0.19577623390887006,0.040000000000000036,0.75,449,0.918200408997955,0.557680990803056,12.681517857142856,1337.67,508.56,35.34,6.918732106339469,0,Cluster 0,60.36,High Potential,Rebalance Channels,83.33,68.41,73.11,33.33,18.65,-1.5119549565467436,1.3575923484614778,1
26242,Sakura Cafe,Chinese,Cafe,South Auckland,1.05,43.4,808,105,351,176,176,4557.0,15233.4,7638.4,7638.4,0.230641705133021,0.388845657976344,0.28,10,2.95,519.2,1734.0,1531.15,767.76,2387.31,0.15,0.5,0.25,0.25,35067.200000000004,6420.219999999999,0.18308333713555683,0.050000000000000044,0.75,703,0.870049504950495,0.619487363109365,13.564261363636364,2298.91,848.4000000000001,43.400000000000006,7.945816831683167,0,Cluster 0,64.18,High Potential,Rebalance Channels,100.0,68.09,63.58,33.33,29.6,-0.8938465513055657,1.0882191090806401,1
25999,Red Tavern,Chinese,Full-service,CBD,0.99,32.39,2079,635,722,361,361,20567.65,23385.58,11692.79,11692.79,0.38291717057582,0.539152335235849,0.27,15,4.43,1599.23,1602.85,-4491.66,-2245.83,-688.01,0.44,0.5,0.25,0.25,67338.81,-5822.65,-0.08646796698664559,-0.010000000000000009,0.75,1444,0.6945646945646946,0.922069505811669,-1.9058448753462605,-6737.49,2058.21,32.39,-2.8006974506974505,1,Cluster 1,8.07,Low Potential,Optimize,0.0,17.27,8.57,33.33,80.25,2.8788400827545204,-2.6015164558419777,0
25030,Golden House,Chinese,QSR,South Auckland,1.05,34.48,1242,198,522,261,261,6827.04,17998.56,8999.28,8999.28,0.262395003382117,0.407956757908687,0.28,15,4.43,1156.23,2250.52,893.6,446.8,1810.37,0.19,0.5,0.25,0.25,42824.16,5401.29,0.12612716746808342,0.050000000000000044,0.75,1044,0.8405797101449275,0.6703517612908041,6.936283524904214,1340.4,1304.1000000000001,34.480000000000004,4.348864734299517,0,Cluster 0,61.76,High Potential,Rebalance Channels,100.0,55.56,47.37,33.33,55.95,-0.09710096139206252,0.2693517949950131,1
25812,Golden Bistro,Chinese,Full-service,CBD,0.99,38.38,1900,552,674,337,337,21185.76,25868.12,12934.06,12934.06,0.389288760407362,0.500189759535715,0.31,5,1.48,498.76,2341.48,-5160.13,-2580.07,930.73,0.41,0.5,0.25,0.25,72922.0,-4467.99,-0.06127080990647541,-0.010000000000000009,0.75,1348,0.7094736842105264,0.889478519943077,2.7618100890207717,-7740.200000000001,1881.0,38.38,-2.351573684210526,1,Cluster 1,9.05,Low Potential,Optimize,0.0,21.27,30.28,33.33,51.21,2.4055671866017603,-2.0690316151431944,0
26004,Sakura Cafe,Chinese,Full-service,North Shore,1.03,43.09,828,205,311,156,156,8833.45,13400.99,6722.04,6722.04,0.399280355428346,0.458031657733954,0.3,13,3.84,599.04,1260.43,-2108.14,-1057.46,360.11,0.33,0.5,0.25,0.25,35678.520000000004,-1545.06,-0.043305047406674936,0.030000000000000027,0.75,623,0.7524154589371981,0.8573120131623,2.308397435897436,-3165.6,852.84,43.09,-1.866014492753623,1,Cluster 1,22.64,Low Potential,Optimize,66.67,24.34,21.89,33.33,36.75,1.3895096806968474,-1.6778073118079218,0
25478,Dragon Corner,Chinese,QSR,West Auckland,1.04,42.19,720,71,325,162,162,2995.49,13711.75,6834.78,6834.78,0.234123886600137,0.438297565397806,0.31,14,4.13,669.06,981.26,241.03,120.15,1569.87,0.11,0.5,0.25,0.25,30376.799999999996,2912.31,0.09587283716520503,0.040000000000000036,0.75,649,0.9013888888888889,0.672421451997943,9.690555555555555,361.18,748.8000000000001,42.18999999999999,4.044875,0,Cluster 0,53.71,Moderate Potential,Rebalance Channels,83.33,51.07,48.75,33.33,35.73,-0.6332044327567117,0.33637475971224806,1
25398,Lotus House,Chinese,QSR,North Shore,1.03,38.54,1170,178,496,248,248,6860.12,19115.84,9557.92,9557.92,0.202150040548295,0.407632516603917,0.29,11,3.25,806.0,2676.94,1915.74,957.87,2923.67,0.18,0.5,0.25,0.25,45091.799999999996,8474.220000000001,0.18793261746038087,0.030000000000000027,0.75,992,0.8478632478632478,0.609782557152212,11.788991935483871,2873.61,1205.1000000000001,38.54,7.242923076923078,0,Cluster 0,57.81,Moderate Potential,Rebalance Channels,66.67,67.79,63.38,33.33,43.43,-0.6233076404235725,1.037812408259773,1
25602,Sakura Eatery,Chinese,Full-service,South Auckland,1.05,44.9,1019,311,354,177,177,13963.9,15894.6,7947.3,7947.3,0.393819763476495,0.548709801840596,0.29,12,3.54,626.58,802.51,-3695.96,-1847.98,-169.85,0.44,0.5,0.25,0.25,45753.100000000006,-4911.280000000001,-0.10734310899152189,0.050000000000000044,0.75,708,0.6947988223748773,0.9425295653170911,-0.9596045197740113,-5543.9400000000005,1069.95,44.900000000000006,-4.819705593719333,1,Cluster 1,26.23,Low Potential,Optimize,100.0,11.73,10.45,33.33,41.41,2.387112593097035,-2.4722074574601645,0
25280,Golden Tavern,Chinese,Full-service,CBD,0.99,33.83,1944,504,720,360,360,17050.32,24357.6,12178.8,12178.8,0.3823935136199,0.491645862068981,0.32,3,0.89,320.4,2147.67,-4726.33,-2363.17,1213.65,0.35,0.5,0.25,0.25,65765.52,-3728.18,-0.05668897622948925,-0.010000000000000009,0.75,1440,0.7407407407407407,0.8740393756888809,3.3712500000000003,-7089.5,1924.56,33.830000000000005,-1.9177880658436213,1,Cluster 1,10.01,Low Potential,Optimize,0.0,22.47,36.0,33.33,47.95,2.139465058724539,-1.941284146343641,0
25536,Lotus Tavern,Chinese,Full-service,North Shore,1.03,39.19,1729,528,601,300,300,20692.32,23553.19,11757.0,11757.0,0.392942606913857,0.507206083461642,0.29,7,2.07,621.0,2066.16,-4478.61,-2235.58,552.95,0.44,0.5,0.25,0.25,67759.51,-4095.08,-0.060435501968653556,0.030000000000000027,0.75,1201,0.6946211683053788,0.9001486903754989,1.8431666666666668,-6714.19,1780.8700000000001,39.19,-2.3684673221515324,1,Cluster 1,24.96,Low Potential,Optimize,66.67,21.36,25.3,33.33,52.65,2.470891141670164,-2.095356648364677,0
26010,Dragon Kitchen,Chinese,Cafe,South Auckland,1.05,41.49,1853,309,772,386,386,12820.41,32030.28,16015.14,16015.14,0.2735302041471,0.449517151387408,0.3,13,3.84,1482.24,3550.65,-738.21,-369.11,2953.2,0.2,0.5,0.25,0.25,76880.97,5396.53,0.07019331311766748,0.050000000000000044,0.75,1544,0.8332433890987587,0.723047355534508,7.650777202072538,-1107.3200000000002,1945.65,41.49,2.9123205612520238,0,Cluster 0,60.83,High Potential,Rebalance Channels,100.0,46.09,42.59,33.33,71.96,0.5690937218247141,-0.21376844386485375,1
26131,Lotus Diner,Chinese,Cafe,West Auckland,1.04,32.54,641,88,277,138,138,2863.52,9013.58,4490.52,4490.52,0.26319454908371,0.369229766190983,0.29,4,1.18,162.84,1052.56,699.23,348.36,1487.77,0.16,0.5,0.25,0.25,20858.14,3587.92,0.17201533789685947,0.040000000000000036,0.75,553,0.8627145085803433,0.632424315274693,10.780942028985507,1047.5900000000001,666.64,32.54,5.597379095163807,0,Cluster 0,57.47,Moderate Potential,Rebalance Channels,83.33,63.43,71.6,33.33,9.75,-0.8277649730115519,0.8519190876723483,1
26617,Red Kitchen,Chinese,Cafe,South Auckland,1.05,40.13,1041,173,434,217,217,6942.49,17416.42,8708.21,8708.21,0.216339749116451,0.428064831299707,0.31,8,2.36,512.12,2468.72,794.11,397.05,2584.48,0.2,0.5,0.25,0.25,41775.329999999994,6244.360000000001,0.14947482162319248,0.050000000000000044,0.75,868,0.8338136407300673,0.644404580416158,11.910046082949309,1191.16,1093.05,40.129999999999995,5.998424591738713,0,Cluster 0,62.77,High Potential,Rebalance Channels,100.0,60.93,63.08,33.33,32.82,-0.4001273622887827,0.7330886317009709,1
26053,Lotus Corner,Chinese,Ghost Kitchen,South Auckland,1.05,40.77,1663,94,785,392,392,3832.38,32004.45,15981.84,15981.84,0.258694604574703,0.261828095512465,0.32,4,1.18,462.56,1837.54,5103.98,2548.74,7200.37,0.06,0.5,0.25,0.25,67800.51,16690.629999999997,0.24617263203477377,0.050000000000000044,0.75,1569,0.9434756464221287,0.5205227000871679,18.36829081632653,7652.719999999999,1746.15,40.769999999999996,10.036458208057725,0,Cluster 0,74.3,High Potential,Rebalance Channels,100.0,79.41,88.85,33.33,44.53,-1.3613635487398852,1.971063796910604,1
26498,Golden House,Chinese,QSR,South Auckland,1.05,38.13,807,134,337,168,168,5109.42,12849.81,6405.84,6405.84,0.272539748549461,0.445815528859384,0.31,16,4.72,792.96,1439.04,-364.36,-181.64,1011.21,0.2,0.5,0.25,0.25,30770.91,1904.25,0.061884747639897555,0.050000000000000044,0.75,673,0.8339529120198265,0.7183552774088451,6.019107142857143,-546.0,847.35,38.13,2.359665427509294,0,Cluster 0,55.26,Moderate Potential,Rebalance Channels,100.0,44.22,38.33,33.33,43.57,0.06034614692484277,-0.26043875494010377,1
26013,Red Tavern,Chinese,QSR,CBD,0.99,41.33,1720,249,735,368,368,10291.17,30377.55,15209.44,15209.44,0.265340579673648,0.387207843293436,0.3,9,2.66,978.88,3575.68,1441.46,721.71,4305.66,0.17,0.5,0.25,0.25,71087.6,10044.509999999998,0.14129763840669818,-0.010000000000000009,0.75,1471,0.8552325581395349,0.6525484229670839,11.70016304347826,2163.17,1702.8,41.330000000000005,5.8398313953488366,0,Cluster 0,40.15,Moderate Potential,Rebalance Channels,0.0,59.62,60.13,33.33,54.8,-0.08556970490216603,0.5032847194719511,1
25622,Golden Corner,Chinese,Full-service,West Auckland,1.04,46.19,776,225,275,138,138,10392.75,12702.25,6374.22,6374.22,0.38316788355587,0.475797643046826,0.3,16,4.72,651.36,1465.74,-2019.22,-1013.28,247.62,0.41,0.5,0.25,0.25,35843.44,-1319.1399999999999,-0.03680282919273373,0.040000000000000036,0.75,551,0.7100515463917526,0.858965526602696,1.7943478260869565,-3032.5,807.0400000000001,46.190000000000005,-1.699922680412371,1,Cluster 1,26.87,Low Potential,Optimize,83.33,25.44,16.66,33.33,42.27,1.6469101338884695,-1.6906710176124797,0
25206,Sakura Kitchen,Chinese,Ghost Kitchen,South Auckland,1.05,37.14,1256,48,604,302,302,1782.72,22432.56,11216.28,11216.28,0.26369786063442,0.34321853480069,0.3,11,3.25,981.5,700.76,2088.1,1044.05,3427.44,0.04,0.5,0.25,0.25,46647.840000000004,7260.35,0.15564171888773412,0.050000000000000044,0.75,1208,0.9617834394904459,0.60691639543511,11.349139072847683,3132.1499999999996,1318.8,37.14,5.780533439490446,0,Cluster 0,65.2,High Potential,Rebalance Channels,100.0,61.47,63.82,33.33,47.09,-1.019031607090733,0.968602096883175,1
26176,Red Kitchen,Chinese,Cafe,CBD,0.99,34.74,797,109,344,172,172,3786.66,11950.56,5975.28,5975.28,0.207925808895379,0.446247707633302,0.3,15,4.43,761.96,1309.53,547.65,273.83,1304.45,0.16,0.5,0.25,0.25,27687.78,3435.46,0.12407856462309366,-0.010000000000000009,0.75,688,0.863237139272271,0.654173516528681,7.584011627906977,821.48,789.03,34.74,4.310489335006274,0,Cluster 0,34.68,Low Potential,Rebalance Channels,0.0,55.23,49.87,33.33,39.36,-0.508066918136567,0.358347228405246,1
25693,Red Grill,Chinese,Cafe,CBD,0.99,36.88,1821,364,729,364,364,13424.32,26885.52,13424.32,13424.32,0.215512109491974,0.354911531717516,0.32,8,2.36,859.04,5766.77,2946.02,1470.99,4907.73,0.25,0.5,0.25,0.25,67158.48,15091.51,0.22471488336245848,-0.010000000000000009,0.75,1457,0.800109829763866,0.57042364120949,13.482774725274725,4417.01,1802.79,36.879999999999995,8.287484898407468,0,Cluster 0,46.79,Moderate Potential,Rebalance Channels,0.0,74.16,74.48,33.33,55.69,-0.2715727355697273,1.269472128596007,1
26543,Dragon Eatery,Chinese,Cafe,North Shore,1.03,34.17,1484,204,640,320,320,6970.68,21868.8,10934.4,10934.4,0.243031623307616,0.432662174850702,0.32,15,4.43,1417.6,2260.63,94.17,47.09,2128.49,0.16,0.5,0.25,0.25,50708.28,4530.38,0.08934201672784012,0.030000000000000027,0.75,1280,0.862533692722372,0.675693798158318,6.65153125,141.26,1528.52,34.17,3.0528167115902964,0,Cluster 0,52.67,Moderate Potential,Rebalance Channels,66.67,48.85,46.55,33.33,63.18,0.024827306677846935,0.06015681963634167,1
25694,Golden Tavern,Chinese,QSR,North Shore,1.03,40.09,738,107,315,158,158,4289.63,12628.35,6334.22,6334.22,0.256855880245566,0.439328920771368,0.29,16,4.72,745.76,1303.25,174.46,87.51,1178.67,0.17,0.5,0.25,0.25,29586.420000000002,2743.8900000000003,0.09274153479873537,0.030000000000000027,0.75,631,0.8550135501355014,0.696184801016934,7.45993670886076,261.97,760.14,40.09,3.718008130081301,0,Cluster 0,48.68,Moderate Potential,Rebalance Channels,66.67,50.21,41.75,33.33,40.76,-0.2643157242224375,0.048450115800808054,1
25183,Golden Diner,Chinese,Full-service,CBD,0.99,42.6,924,213,355,178,178,9073.8,15123.0,7582.8,7582.8,0.395718236151151,0.53493733999785,0.32,8,2.36,420.08,629.22,-3790.66,-1900.67,105.74,0.3,0.5,0.25,0.25,39362.4,-4956.37,-0.12591635672621587,-0.010000000000000009,0.75,711,0.7694805194805194,0.930655576149001,0.5940449438202247,-5691.33,914.76,42.6,-5.364036796536796,1,Cluster 1,0.0,Low Potential,Optimize,0.0,8.49,18.96,33.33,27.07,1.8130153834694533,-2.444584361691325,0
26371,Lotus Corner,Chinese,Cafe,North Shore,1.03,38.06,1246,162,542,271,271,6165.72,20628.52,10314.26,10314.26,0.230336780287325,0.355597883812152,0.27,8,2.36,639.56,2553.01,2971.85,1485.93,3631.22,0.15,0.5,0.25,0.25,47422.76,10642.01,0.22440722556004752,0.030000000000000027,0.75,1084,0.869983948635634,0.585934664099477,13.399335793357933,4457.78,1283.38,38.06,8.54093900481541,0,Cluster 0,60.54,High Potential,Rebalance Channels,66.67,74.46,72.09,33.33,38.95,-0.88710623433291,1.3698181257266178,1
25659,Golden House,Chinese,Cafe,West Auckland,1.04,37.76,1282,186,548,274,274,7023.36,20692.48,10346.24,10346.24,0.239677734877914,0.370510710123926,0.29,8,2.36,646.64,2737.79,2065.35,1032.67,3386.44,0.17,0.5,0.25,0.25,48408.32,9222.25,0.1905096066130781,0.040000000000000036,0.75,1096,0.8549141965678627,0.61018844500184,12.3592700729927,3098.02,1333.28,37.76,7.193642745709829,0,Cluster 0,62.61,High Potential,Rebalance Channels,83.33,68.08,68.35,33.33,40.56,-0.609062177891457,1.0585318809624826,1
25700,Sakura Diner,Chinese,Cafe,North Shore,1.03,35.03,1028,224,402,201,201,7846.72,14082.06,7041.03,7041.03,0.279623358305544,0.3802623182768,0.33,17,5.02,1009.02,2668.78,142.43,71.22,1385.74,0.28,0.5,0.25,0.25,36010.84,4268.17,0.11852458870717819,0.030000000000000027,0.75,804,0.7821011673151751,0.659885676582344,6.894228855721393,213.65,1058.84,35.029999999999994,4.151916342412451,0,Cluster 0,52.27,Moderate Potential,Rebalance Channels,66.67,54.27,45.65,33.33,52.72,0.12179749917131037,0.14710007042677475,1
26265,Dragon Diner,Chinese,Full-service,South Auckland,1.05,42.79,720,161,279,140,140,6889.19,11938.41,5990.6,5990.6,0.395338043500669,0.546238326467574,0.31,5,1.48,207.2,402.49,-3003.42,-1507.09,142.79,0.29,0.5,0.25,0.25,30808.799999999996,-3965.2300000000005,-0.12870446106307293,0.050000000000000044,0.75,559,0.7763888888888889,0.9415763699682429,1.0199285714285713,-4510.51,756.0,42.78999999999999,-5.50726388888889,1,Cluster 1,23.67,Low Potential,Optimize,100.0,7.92,22.25,33.33,14.96,1.695897273899179,-2.360023793992687,0
25580,Sakura Corner,Chinese,Cafe,CBD,0.99,35.24,810,129,341,170,170,4545.96,12016.84,5990.8,5990.8,0.27675179714337,0.438894295063801,0.3,16,4.72,802.4,1292.66,-188.02,-93.73,901.11,0.19,0.5,0.25,0.25,28544.399999999998,1912.02,0.06698406692731325,-0.010000000000000009,0.75,681,0.8407407407407408,0.715646092207171,5.30064705882353,-281.75,801.9,35.239999999999995,2.3605185185185187,0,Cluster 0,30.29,Low Potential,Rebalance Channels,0.0,44.91,38.75,33.33,42.1,0.025782619897049778,-0.34786903062422714,1
25296,Golden Diner,Chinese,Full-service,West Auckland,1.04,40.39,2041,593,724,362,362,23951.27,29242.36,14621.18,14621.18,0.358275461453013,0.5466285669012,0.31,11,3.25,1176.5,2277.67,-6284.3,-3142.15,213.92,0.41,0.5,0.25,0.25,82435.98999999999,-6934.860000000001,-0.08412417925714244,0.040000000000000036,0.75,1448,0.7094561489465948,0.9049040283542129,0.590939226519337,-9426.45,2122.64,40.38999999999999,-3.3977756001959825,1,Cluster 1,29.55,Low Potential,Optimize,83.33,16.77,17.89,33.33,72.99,2.5990573868135525,-2.21202680498291,0
25070,Red Grill,Chinese,Cafe,South Auckland,1.05,37.27,1820,364,728,364,364,13566.28,27132.56,13566.28,13566.28,0.279364249650389,0.412589256395586,0.33,16,4.72,1718.08,4179.04,-595.65,-297.83,2460.96,0.25,0.5,0.25,0.25,67831.40000000001,5746.52,0.08471769711372609,0.050000000000000044,0.75,1456,0.8,0.6919535060459749,6.760879120879121,-893.48,1911.0,37.27,3.1574285714285715,0,Cluster 0,62.25,High Potential,Rebalance Channels,100.0,48.37,42.4,33.33,77.84,0.6127146853775153,-0.12479426777665048,1
25071,Sakura Cafe,Chinese,Full-service,North Shore,1.03,31.82,640,132,254,127,127,4200.24,8082.28,4041.14,4041.14,0.394447506195866,0.456484517152421,0.31,8,2.36,299.72,626.12,-1300.7,-650.35,302.68,0.26,0.5,0.25,0.25,20364.8,-1022.25,-0.05019690839094909,0.030000000000000027,0.75,508,0.79375,0.850932023348287,2.3833070866141735,-1951.0500000000002,659.2,31.82,-1.597265625,1,Cluster 1,21.69,Low Potential,Optimize,66.67,23.78,31.25,33.33,18.84,1.0484587970776975,-1.6836947547284526,0
25221,Red Diner,Chinese,QSR,North Shore,1.03,36.55,1230,178,526,263,263,6505.9,19225.3,9612.65,9612.65,0.20621140897274,0.414861785247922,0.32,11,3.25,854.75,2465.26,1132.89,566.44,2787.74,0.17,0.5,0.25,0.25,44956.5,6952.33,0.1546457130781978,0.030000000000000027,0.75,1052,0.8552845528455284,0.621073194220662,10.59977186311787,1699.3300000000002,1266.9,36.55,5.65230081300813,0,Cluster 0,56.1,Moderate Potential,Rebalance Channels,66.67,61.16,61.64,33.33,45.42,-0.492459238838458,0.7908604775584301,1
25219,Red House,Chinese,Full-service,CBD,0.99,31.77,966,266,350,175,175,8450.82,11119.5,5559.75,5559.75,0.381094532250427,0.512531927647069,0.3,18,5.31,929.25,898.94,-2153.03,-1076.51,-337.84,0.38,0.5,0.25,0.25,30689.82,-2668.4400000000005,-0.08694870155641188,-0.010000000000000009,0.75,700,0.7246376811594203,0.893626459897496,-1.9305142857142856,-3229.54,956.34,31.77,-2.7623602484472056,1,Cluster 1,3.67,Low Potential,Optimize,0.0,17.25,7.98,33.33,51.75,1.9819156712931936,-2.3922463820259536,0
25508,Dragon Tavern,Chinese,Cafe,West Auckland,1.04,43.74,1165,225,470,235,235,9841.5,20557.8,10278.9,10278.9,0.201465280093253,0.376539960876107,0.32,4,1.18,277.3,4153.06,2096.79,1048.39,4060.34,0.24,0.5,0.25,0.25,50957.1,11358.580000000002,0.22290475713884822,0.040000000000000036,0.75,940,0.8068669527896996,0.57800524096936,17.27804255319149,3145.1800000000003,1211.6000000000001,43.74,9.74985407725322,0,Cluster 0,64.9,High Potential,Rebalance Channels,83.33,75.89,79.99,33.33,27.31,-0.6767176660518132,1.498170181287492,1
26315,Golden Bistro,Chinese,Full-service,North Shore,1.03,40.26,2090,618,736,368,368,24880.68,29631.36,14815.68,14815.68,0.399164941266645,0.463204497657716,0.29,12,3.54,1302.72,3424.34,-4514.91,-2257.46,736.37,0.42,0.5,0.25,0.25,84143.4,-2611.66,-0.031038203828226574,0.030000000000000027,0.75,1472,0.7043062200956938,0.862369438924361,2.0010054347826087,-6772.37,2152.7000000000003,40.26,-1.2495980861244018,1,Cluster 1,29.38,Low Potential,Optimize,66.67,26.83,22.81,33.33,76.3,2.3764457082021906,-1.8114131977924548,0
25318,Golden Tavern,Chinese,QSR,North Shore,1.03,31.35,1178,162,508,254,254,5078.7,15925.8,7962.9,7962.9,0.248687975779176,0.399860312812962,0.3,3,0.89,226.06,1784.92,819.41,409.7,2572.51,0.16,0.5,0.25,0.25,36930.3,5586.54,0.15127253231086668,0.030000000000000027,0.75,1016,0.8624787775891342,0.6485482885921381,10.127992125984253,1229.11,1213.34,31.35,4.742393887945671,0,Cluster 0,54.44,Moderate Potential,Rebalance Channels,66.67,59.48,70.76,33.33,25.03,-0.43568342162017953,0.6351585190396325,1
26302,Sakura Tavern,Chinese,Cafe,CBD,0.99,30.28,1382,190,596,298,298,5753.2,18046.88,9023.44,9023.44,0.205369649510831,0.387487425445579,0.33,9,2.66,792.68,2342.37,1392.19,696.09,2881.15,0.16,0.5,0.25,0.25,41846.96000000001,7311.799999999999,0.17472714863875413,-0.010000000000000009,0.75,1192,0.8625180897250362,0.59285707495641,9.668288590604027,2088.28,1368.18,30.280000000000005,5.290738060781476,0,Cluster 0,41.31,Moderate Potential,Rebalance Channels,0.0,63.38,69.33,33.33,44.02,-0.5900634205910417,0.9207229506612045,1
26520,Golden Eatery,Chinese,QSR,West Auckland,1.04,36.1,1380,136,622,311,311,4909.6,22454.2,11227.1,11227.1,0.231766770388931,0.424708562181331,0.28,10,2.95,917.45,1686.57,1426.4,713.2,2939.34,0.11,0.5,0.25,0.25,49818.0,6765.51,0.1358045284836806,0.040000000000000036,0.75,1244,0.9014492753623189,0.656475332570262,9.451254019292605,2139.6000000000004,1435.2,36.1,4.90254347826087,0,Cluster 0,59.09,Moderate Potential,Rebalance Channels,83.33,57.61,57.88,33.33,48.51,-0.44585509537048884,0.5576498953159381,1
25350,Sakura Corner,Chinese,Full-service,West Auckland,1.04,37.81,1182,258,462,231,231,9754.98,17468.22,8734.11,8734.11,0.395334879145958,0.455881052440964,0.31,8,2.36,545.16,1451.39,-2816.16,-1408.08,754.34,0.28,0.5,0.25,0.25,44691.42,-2018.5099999999993,-0.045165492615808565,0.040000000000000036,0.75,924,0.7817258883248731,0.851215931586922,3.2655411255411257,-4224.24,1229.28,37.809999999999995,-1.707707275803722,1,Cluster 1,28.73,Low Potential,Optimize,83.33,24.31,31.2,33.33,37.21,1.361991065973541,-1.6118718264237195,0
25877,Lotus Grill,Chinese,QSR,North Shore,1.03,39.45,1843,307,768,384,384,12111.15,30297.6,15148.8,15148.8,0.231631634328514,0.350606797146611,0.3,4,1.18,453.12,5059.57,3567.89,1783.95,5875.47,0.2,0.5,0.25,0.25,72706.35,16286.880000000001,0.22400904460201895,0.030000000000000027,0.75,1536,0.8334237655995659,0.582238431475125,15.300703125,5351.84,1898.29,39.45,8.837156809549647,0,Cluster 0,63.65,High Potential,Rebalance Channels,66.67,74.81,79.34,33.33,49.43,-0.43132880839771615,1.381275571834208,1
26321,Sakura Eatery,Chinese,Full-service,North Shore,1.03,41.87,896,184,356,178,178,7704.08,14905.72,7452.86,7452.86,0.392359723895788,0.527107211994007,0.31,4,1.18,210.04,620.43,-3420.37,-1710.18,390.16,0.26,0.5,0.25,0.25,37515.52,-4119.96,-0.10982014910095876,0.030000000000000027,0.75,712,0.7946428571428571,0.919466935889795,2.1919101123595506,-5130.55,922.88,41.87,-4.598169642857143,1,Cluster 1,17.76,Low Potential,Optimize,66.67,11.69,27.36,33.33,18.0,1.5393799459160766,-2.1603418813088098,0
25960,Red Kitchen,Chinese,Cafe,North Shore,1.03,31.06,1454,318,568,284,284,9877.08,17642.08,8821.04,8821.04,0.248581511806697,0.39416928270366,0.28,7,2.07,587.88,3528.58,1362.84,681.42,2563.43,0.28,0.5,0.25,0.25,45161.240000000005,8136.27,0.18016046503594674,0.030000000000000027,0.75,1136,0.781292984869326,0.642750794510357,9.026161971830986,2044.2599999999998,1497.6200000000001,31.060000000000002,5.595784044016506,0,Cluster 0,57.32,Moderate Potential,Rebalance Channels,66.67,64.52,64.98,33.33,43.52,0.08307430743700664,0.6293410212800291,1
26417,Golden Tavern,Chinese,Cafe,West Auckland,1.04,34.53,1423,311,556,278,278,10738.83,19198.68,9599.34,9599.34,0.253148416317999,0.426089535560459,0.28,17,5.02,1395.56,3444.61,782.58,391.29,1683.54,0.28,0.5,0.25,0.25,49136.19,6302.02,0.12825617940666545,0.040000000000000036,0.75,1112,0.7814476458186929,0.6792379518784579,6.05589928057554,1173.8700000000001,1479.92,34.53,4.428685874912158,0,Cluster 0,58.3,Moderate Potential,Rebalance Channels,83.33,55.95,42.67,33.33,66.28,0.3738673782175537,0.11093378982157528,1
25691,Golden Bistro,Chinese,QSR,West Auckland,1.04,41.14,1404,172,616,308,308,7076.08,25342.24,12671.12,12671.12,0.244977448247373,0.424303243448958,0.27,10,2.95,908.6,2340.2,1538.76,769.38,3281.98,0.14,0.5,0.25,0.25,57760.560000000005,7930.32,0.13729645280447417,0.040000000000000036,0.75,1232,0.8774928774928775,0.669280691696331,10.655779220779221,2308.14,1460.16,41.14,5.648376068376068,0,Cluster 0,59.12,Moderate Potential,Rebalance Channels,83.33,58.82,55.91,33.33,49.31,-0.2912778282459321,0.5224501907619024,1
25517,Dragon House,Chinese,Cafe,CBD,0.99,36.2,1800,336,732,366,366,12163.2,26498.4,13249.2,13249.2,0.212974373381585,0.441601479123347,0.31,15,4.43,1621.38,4201.46,938.68,469.34,2955.21,0.23,0.5,0.25,0.25,65160.0,8564.69,0.13144091467157767,-0.010000000000000009,0.75,1464,0.8133333333333334,0.654575852504932,8.074344262295082,1408.02,1782.0,36.2,4.758161111111112,0,Cluster 0,39.87,Low Potential,Rebalance Channels,0.0,56.83,49.8,33.33,71.35,0.2509856519384152,0.2924384784998953,1
25761,Red Diner,Chinese,Cafe,CBD,0.99,42.32,704,112,296,148,148,4739.84,12526.72,6263.36,6263.36,0.2523854868114,0.430818550032564,0.32,6,1.77,261.96,1501.56,-40.14,-20.07,1722.25,0.19,0.5,0.25,0.25,29793.28,3163.6,0.10618501890359168,-0.010000000000000009,0.75,592,0.8409090909090909,0.683204036843964,11.636824324324325,-60.21,696.96,42.32,4.4937499999999995,0,Cluster 0,32.66,Low Potential,Rebalance Channels,0.0,53.07,60.44,33.33,15.39,-0.34591223308058083,0.2683942424975225,1
25801,Golden Eatery,Chinese,Cafe,North Shore,1.03,34.24,679,135,272,136,136,4622.4,9313.28,4656.64,4656.64,0.273595393132418,0.366750952135772,0.29,7,2.07,281.52,1662.46,648.7,324.35,1393.26,0.25,0.5,0.25,0.25,23248.96,4028.7699999999995,0.17328818149284955,0.030000000000000027,0.75,544,0.801178203240059,0.64034634526819,10.244558823529411,973.0500000000001,699.37,34.24,5.933387334315169,0,Cluster 0,53.42,Moderate Potential,Rebalance Channels,66.67,64.05,65.35,33.33,17.8,-0.42995442991770394,0.6902743030745982,1
25036,Lotus Tavern,Chinese,Cafe,South Auckland,1.05,36.56,1578,251,663,332,332,9176.56,24239.28,12137.92,12137.92,0.23573942931369,0.415051110228524,0.31,10,2.95,979.4,3204.54,950.41,475.92,3259.28,0.19,0.5,0.25,0.25,57691.67999999999,7890.15,0.13676408799327738,0.050000000000000044,0.75,1327,0.8409378960709759,0.650790539542214,9.81710843373494,1426.33,1656.9,36.559999999999995,5.00009505703422,0,Cluster 0,64.57,High Potential,Rebalance Channels,100.0,57.87,58.76,33.33,55.65,-0.07157550559961909,0.5266848491590004,1
25572,Sakura House,Chinese,Ghost Kitchen,West Auckland,1.04,33.57,677,38,319,160,160,1275.66,10708.83,5371.2,5371.2,0.294790791755076,0.303496247588191,0.28,6,1.77,283.2,512.45,1303.4,653.74,1874.48,0.06,0.5,0.25,0.25,22726.89,4344.07,0.1911422988363124,0.040000000000000036,0.75,639,0.9438700147710487,0.598287039343267,11.7155,1957.14,704.08,33.57,6.416646971935007,0,Cluster 0,59.66,Moderate Potential,Rebalance Channels,83.33,67.11,73.53,33.33,15.62,-1.358568098554646,1.169380105071177,1
25722,Red Kitchen,Chinese,Full-service,North Shore,1.03,32.05,1243,315,464,232,232,10095.75,14871.2,7435.6,7435.6,0.371724752651062,0.509835770563222,0.32,9,2.66,617.12,1195.74,-2997.45,-1498.72,263.55,0.34,0.5,0.25,0.25,39838.15,-3036.8799999999997,-0.0762304474479864,0.030000000000000027,0.75,928,0.7465808527755431,0.881560523214284,1.1359913793103449,-4496.17,1280.29,32.050000000000004,-2.4431858407079643,1,Cluster 1,22.59,Low Potential,Optimize,66.67,19.13,24.83,33.33,41.19,1.8458890370811112,-2.0615131026479174,0
25806,Golden Kitchen,Chinese,Ghost Kitchen,West Auckland,1.04,46.32,907,43,432,216,216,1991.76,20010.24,10005.12,10005.12,0.283300330804195,0.331551749072969,0.28,3,0.89,192.24,767.12,2104.04,1052.02,3661.21,0.05,0.5,0.25,0.25,42012.240000000005,7584.389999999999,0.18052810323848476,0.040000000000000036,0.75,864,0.9525909592061742,0.614852079877164,16.950046296296296,3156.06,943.2800000000001,46.32000000000001,8.362061742006615,0,Cluster 0,60.55,High Potential,Rebalance Channels,83.33,68.31,75.95,33.33,16.33,-1.2624945851947105,1.2477198427670382,1
26414,Golden Diner,Chinese,QSR,North Shore,1.03,41.57,1591,231,680,340,340,9602.67,28267.6,14133.8,14133.8,0.21968027330935,0.377555910078809,0.32,13,3.84,1305.6,3867.61,2339.53,1169.77,4386.98,0.17,0.5,0.25,0.25,66137.87,11763.89,0.17786919959774938,0.030000000000000027,0.75,1360,0.8548082966687618,0.597236183388159,12.902882352941175,3509.3,1638.73,41.57,7.394022627278441,0,Cluster 0,60.03,High Potential,Rebalance Channels,66.67,66.64,61.98,33.33,62.07,-0.4709235578004019,1.037781321149071,1
26293,Sakura Kitchen,Chinese,QSR,South Auckland,1.05,35.69,849,141,354,177,177,5032.29,12634.26,6317.13,6317.13,0.21097047034651,0.357273713103496,0.28,5,1.48,261.96,2172.72,1917.32,958.66,2465.5,0.2,0.5,0.25,0.25,30300.81,7514.2,0.2479867699906372,0.050000000000000044,0.75,708,0.833922261484099,0.568244183450006,13.929378531073446,2875.98,891.45,35.690000000000005,8.850647820965841,0,Cluster 0,68.37,High Potential,Rebalance Channels,100.0,78.06,79.8,33.33,19.32,-1.0461729674441265,1.611166405705457,1
26577,Golden Grill,Chinese,QSR,North Shore,1.03,44.16,1066,105,481,240,240,4636.8,21240.96,10598.4,10598.4,0.273161277454346,0.373338230419904,0.32,9,2.66,638.4,1639.11,711.58,355.05,3108.14,0.11,0.5,0.25,0.25,47074.56,5813.88,0.12350365037931317,0.030000000000000027,0.75,961,0.9015009380863039,0.6464995078742499,12.950583333333332,1066.63,1097.98,44.16,5.453921200750469,0,Cluster 0,53.35,Moderate Potential,Rebalance Channels,66.67,56.7,61.06,33.33,35.31,-0.6488903339038575,0.6267384779446606,1
26536,Sakura Corner,Chinese,QSR,West Auckland,1.04,34.6,1570,250,660,330,330,8650.0,22836.0,11418.0,11418.0,0.227808673344553,0.356178039731458,0.27,9,2.66,877.8,3598.51,3334.36,1667.18,3872.24,0.19,0.5,0.25,0.25,54322.0,12472.29,0.22959924155958913,0.040000000000000036,0.75,1320,0.8407643312101911,0.583986713076011,11.734060606060606,5001.54,1632.8,34.6,7.944133757961784,0,Cluster 0,66.44,High Potential,Rebalance Channels,83.33,74.35,70.7,33.33,52.54,-0.5717852298394418,1.3124613004186703,1
25512,Lotus Kitchen,Chinese,QSR,CBD,0.99,31.27,1364,124,620,310,310,3877.48,19387.4,9693.7,9693.7,0.256585275344551,0.395035106549039,0.31,17,5.02,1556.2,1350.84,744.08,372.04,1820.89,0.1,0.5,0.25,0.25,42652.28,4287.85,0.10053038196316821,-0.010000000000000009,0.75,1240,0.9090909090909091,0.65162038189359,5.87383870967742,1116.1200000000001,1350.36,31.27,3.14358504398827,0,Cluster 0,36.32,Low Potential,Rebalance Channels,0.0,50.48,46.92,33.33,62.11,-0.3561738695114704,0.1622142380385293,1
25109,Dragon Cafe,Chinese,Cafe,South Auckland,1.05,40.69,1051,203,424,212,212,8260.07,17252.56,8626.28,8626.28,0.249420516099781,0.374149388237856,0.29,18,5.31,1125.72,3109.34,1491.14,745.57,2121.47,0.24,0.5,0.25,0.25,42765.19,7467.52,0.17461678528728622,0.050000000000000044,0.75,848,0.8068506184586108,0.623569904337637,10.00693396226415,2236.71,1103.55,40.690000000000005,7.105156993339677,0,Cluster 0,64.85,High Potential,Rebalance Channels,100.0,65.82,49.61,33.33,56.49,-0.3362600785217617,0.7714583386155506,1
25650,Lotus House,Chinese,Full-service,West Auckland,1.04,40.05,1841,477,682,341,341,19103.85,27314.1,13657.05,13657.05,0.353668365778867,0.509786053118296,0.29,15,4.43,1510.63,2608.55,-4191.47,-2095.73,354.18,0.35,0.5,0.25,0.25,73732.05,-3324.4700000000003,-0.04508853341253905,0.040000000000000036,0.75,1364,0.7409016838674634,0.8634544188971629,1.0386510263929618,-6287.200000000001,1914.64,40.050000000000004,-1.8057957631721893,1,Cluster 1,31.74,Low Potential,Optimize,83.33,24.18,17.61,33.33,75.63,2.0251278172596034,-1.791425950920996,0
25115,Lotus Eatery,Chinese,Full-service,North Shore,1.03,38.81,712,180,266,133,133,6985.8,10323.46,5161.73,5161.73,0.36330637417268,0.463121236930601,0.28,14,4.13,549.29,1212.54,-1098.7,-549.35,346.64,0.34,0.5,0.25,0.25,27632.719999999998,-88.87000000000012,-0.003216114808820852,0.030000000000000027,0.75,532,0.7471910112359551,0.826427611103281,2.606315789473684,-1648.0500000000002,733.36,38.809999999999995,-0.12481741573033725,1,Cluster 1,24.98,Low Potential,Optimize,66.67,32.09,25.01,33.33,35.23,1.156833338624408,-1.3549979342788496,0
25843,Lotus Corner,Chinese,Full-service,West Auckland,1.04,39.71,1938,502,718,359,359,19934.42,28511.78,14255.89,14255.89,0.393492343707476,0.512955710524693,0.31,17,5.02,1802.18,1864.9,-6171.32,-3085.66,-468.51,0.35,0.5,0.25,0.25,76957.98,-7860.59,-0.1021413243954688,0.040000000000000036,0.75,1436,0.7409700722394221,0.906448054232169,-1.305041782729805,-9256.98,2015.52,39.71,-4.056031991744066,1,Cluster 1,28.26,Low Potential,Optimize,83.33,13.46,7.64,33.33,83.54,2.4139468286198293,-2.3730719218553658,0
26178,Golden Kitchen,Chinese,Cafe,West Auckland,1.04,42.26,1530,306,612,306,306,12931.56,25863.12,12931.56,12931.56,0.211885205637664,0.435429754783399,0.31,15,4.43,1355.58,4560.77,1103.97,551.98,3205.19,0.25,0.5,0.25,0.25,64657.799999999996,9421.910000000002,0.1457196192880055,0.040000000000000036,0.75,1224,0.8,0.6473149604210631,10.474477124183007,1655.95,1591.2,42.26,6.158111111111112,0,Cluster 0,60.96,High Potential,Rebalance Channels,83.33,60.64,50.92,33.33,65.2,0.08514605754059586,0.5544739654247705,1
25829,Lotus Corner,Chinese,Cafe,CBD,0.99,39.95,917,133,392,196,196,5313.35,15660.4,7830.2,7830.2,0.231712181903422,0.395080887596123,0.3,9,2.66,521.36,1982.98,1146.45,573.22,2400.92,0.17,0.5,0.25,0.25,36634.15,6103.570000000001,0.1666087516702312,-0.010000000000000009,0.75,784,0.8549618320610687,0.6267930694995449,12.249591836734695,1719.67,907.83,39.95,6.656019629225737,0,Cluster 0,38.23,Low Potential,Rebalance Channels,0.0,64.13,64.1,33.33,29.18,-0.6702802285781324,0.8181533327919035,1
26636,Sakura Cafe,Chinese,Ghost Kitchen,South Auckland,1.05,37.98,1702,126,788,394,394,4785.48,29928.24,14964.12,14964.12,0.255518442066386,0.326068457355723,0.33,3,0.89,350.66,2002.31,2646.05,1323.02,5910.52,0.08,0.5,0.25,0.25,64641.96000000001,11881.900000000001,0.1838109488016762,0.050000000000000044,0.75,1576,0.9259694477085781,0.581586899422109,15.001319796954316,3969.07,1787.1000000000001,37.980000000000004,6.981139835487663,0,Cluster 0,69.46,High Potential,Rebalance Channels,100.0,66.89,81.08,33.33,43.52,-0.8554836285664971,1.3043275698955807,1
25520,Golden Tavern,Chinese,Full-service,West Auckland,1.04,34.9,826,170,328,164,164,5933.0,11447.2,5723.6,5723.6,0.355159955017734,0.519138809409924,0.27,12,3.54,580.56,745.79,-1651.82,-825.91,138.9,0.26,0.5,0.25,0.25,28827.4,-1593.04,-0.055261313888869616,0.040000000000000036,0.75,656,0.7941888619854721,0.874298764427658,0.8469512195121952,-2477.73,859.0400000000001,34.9,-1.9286198547215496,1,Cluster 1,25.88,Low Potential,Optimize,83.33,22.65,20.97,33.33,34.61,1.2436921563076477,-1.7956054277410265,0
25820,Dragon Corner,Chinese,Cafe,South Auckland,1.05,32.01,1737,277,730,365,365,8866.77,23367.3,11683.65,11683.65,0.250170034579933,0.432637205859646,0.32,16,4.72,1722.8,2812.48,-65.6,-32.8,1983.17,0.19,0.5,0.25,0.25,55601.37,4697.25,0.08448083203705233,0.050000000000000044,0.75,1460,0.8405296488198043,0.682807240439579,5.433342465753425,-98.39999999999999,1823.8500000000001,32.01,2.704231433506045,0,Cluster 0,61.95,High Potential,Rebalance Channels,100.0,47.73,43.81,33.33,75.03,0.3225714963607517,-0.05822143987544707,1
25375,Dragon Cafe,Chinese,Cafe,CBD,0.99,39.65,1049,229,410,205,205,9079.85,16256.5,8128.25,8128.25,0.210223318692297,0.371796460123733,0.3,16,4.72,967.6,3795.2,1917.95,958.97,2429.85,0.28,0.5,0.25,0.25,41592.85,9101.97,0.2188349680293608,-0.010000000000000009,0.75,820,0.7816968541468065,0.58201977881603,11.852926829268291,2876.92,1038.51,39.65,8.676806482364155,0,Cluster 0,42.8,Moderate Potential,Rebalance Channels,0.0,73.89,59.35,33.33,49.73,-0.47128413307437567,1.128364214126585,1
25941,Red Bistro,Chinese,Ghost Kitchen,South Auckland,1.05,43.94,1248,92,578,289,289,4042.48,25397.32,12698.66,12698.66,0.294854726211633,0.281737700977828,0.31,7,2.07,598.23,1711.62,2880.25,1440.12,4778.48,0.08,0.5,0.25,0.25,54837.119999999995,10810.47,0.19713781467735725,0.050000000000000044,0.75,1156,0.9262820512820513,0.576592427189461,16.534532871972317,4320.37,1310.4,43.94,8.662235576923077,0,Cluster 0,68.4,High Potential,Rebalance Channels,100.0,70.95,75.17,33.33,37.49,-1.1400328130509418,1.4050173602573122,1
26591,Sakura House,Chinese,Full-service,CBD,0.99,36.9,1633,474,579,290,290,17490.6,21365.1,10701.0,10701.0,0.396324428927619,0.504563069227152,0.33,4,1.18,342.2,1733.54,-4932.93,-2470.73,718.4,0.41,0.5,0.25,0.25,60257.7,-4951.720000000001,-0.0821757219409304,-0.010000000000000009,0.75,1159,0.709736680955297,0.900887498154771,2.4772413793103447,-7403.66,1616.67,36.9,-3.0322841396203315,1,Cluster 1,6.48,Low Potential,Optimize,0.0,17.53,30.22,33.33,40.36,2.3704867011151016,-2.2322216698726747,0
25054,Red Diner,Chinese,QSR,South Auckland,1.05,42.92,1638,226,706,353,353,9699.92,30301.52,15150.76,15150.76,0.229495190586895,0.358006178517826,0.29,13,3.84,1355.52,4001.2,3711.89,1855.95,4894.15,0.16,0.5,0.25,0.25,70302.96,14463.19,0.20572661520937383,0.050000000000000044,0.75,1412,0.8620268620268621,0.5875013691047211,13.864447592067988,5567.84,1719.9,42.92,8.829786324786324,0,Cluster 0,70.48,High Potential,Rebalance Channels,100.0,72.34,63.48,33.33,64.68,-0.5986373859242897,1.271541537344043,1
26515,Lotus Kitchen,Chinese,Cafe,CBD,0.99,41.51,1747,315,716,358,358,13075.65,29721.16,14860.58,14860.58,0.23336392775178,0.388946938468143,0.3,15,4.43,1585.94,4938.53,2309.01,1154.51,4026.74,0.22,0.5,0.25,0.25,72517.97,12428.789999999999,0.17138910534864668,-0.010000000000000009,0.75,1432,0.8196908986834573,0.622310866219923,11.247877094972067,3463.5200000000004,1729.53,41.51,7.114361763022323,0,Cluster 0,42.75,Moderate Potential,Rebalance Channels,0.0,65.39,54.78,33.33,69.66,-0.062486347671097286,0.7183245306360321,1
25555,Lotus Bistro,Chinese,Cafe,CBD,0.99,30.34,763,171,296,148,148,5188.14,8980.64,4490.32,4490.32,0.279941906649619,0.444194895145483,0.29,13,3.84,568.32,1431.22,-126.96,-63.48,670.39,0.29,0.5,0.25,0.25,23149.42,1911.17,0.08255800793281215,-0.010000000000000009,0.75,592,0.7758846657929227,0.724136801795102,4.529662162162162,-190.44,755.37,30.339999999999996,2.5048099606815204,0,Cluster 0,30.32,Low Potential,Rebalance Channels,0.0,47.2,42.42,33.33,33.61,0.3838160476738393,-0.4324190355802368,1
25204,Lotus Diner,Chinese,Cafe,South Auckland,1.05,41.77,1160,224,468,234,234,9356.48,19548.36,9774.18,9774.18,0.242862232327461,0.440491092158481,0.31,4,1.18,276.12,2962.7,129.93,64.97,2818.84,0.24,0.5,0.25,0.25,48453.200000000004,5976.44,0.12334458817993443,0.050000000000000044,0.75,936,0.8068965517241379,0.683353324485942,12.046324786324787,194.9,1218.0,41.77,5.152103448275862,0,Cluster 0,60.94,High Potential,Rebalance Channels,100.0,56.27,63.75,33.33,27.51,0.01586846336252263,0.4061422666897461,1
26486,Red Cafe,Chinese,QSR,South Auckland,1.05,37.7,881,121,380,190,190,4561.7,14326.0,7163.0,7163.0,0.268228919859976,0.375720127648674,0.31,15,4.43,841.7,1624.2,659.73,329.86,1708.69,0.16,0.5,0.25,0.25,33213.7,4322.4800000000005,0.13014147776369392,0.050000000000000044,0.75,760,0.8626560726447219,0.64394904750865,8.993105263157895,989.59,925.0500000000001,37.699999999999996,4.906333711691261,0,Cluster 0,61.06,High Potential,Rebalance Channels,100.0,56.85,51.44,33.33,43.74,-0.5280098343565169,0.5085500511734297,1
25844,Lotus Eatery,Chinese,QSR,South Auckland,1.05,39.19,1313,209,552,276,276,8190.71,21632.88,10816.44,10816.44,0.272124186344445,0.39369796726387,0.3,12,3.54,977.04,2737.15,739.37,369.68,2637.57,0.19,0.5,0.25,0.25,51456.47,6483.77,0.1260049513695751,0.050000000000000044,0.75,1104,0.8408225437928408,0.6658221536083151,9.556413043478262,1109.05,1378.65,39.19,4.9381340441736485,0,Cluster 0,62.41,High Potential,Rebalance Channels,100.0,56.34,53.1,33.33,51.35,-0.11235708388277801,0.3800506092061275,1
26368,Dragon Eatery,Chinese,Cafe,West Auckland,1.04,40.68,1554,202,676,338,338,8217.36,27499.68,13749.84,13749.84,0.202652339376509,0.396879305806942,0.27,11,3.25,1098.5,3290.79,3587.84,1793.92,4407.88,0.15,0.5,0.25,0.25,63216.72,13080.43,0.2069140885512567,0.040000000000000036,0.75,1352,0.87001287001287,0.5995316451834509,13.041065088757398,5381.76,1616.16,40.68,8.417265122265123,0,Cluster 0,65.31,High Potential,Rebalance Channels,83.33,71.94,64.96,33.33,56.67,-0.6378494828640474,1.236249520674063,1
26690,Dragon Grill,Chinese,Ghost Kitchen,CBD,0.99,31.29,1412,92,660,330,330,2878.68,20651.4,10325.7,10325.7,0.258770291029941,0.288752131327055,0.31,18,5.31,1752.3,1302.54,2942.36,1471.18,2919.85,0.07,0.5,0.25,0.25,44181.479999999996,8635.93,0.19546493236532594,-0.010000000000000009,0.75,1320,0.9348441926345609,0.547522422356996,8.848030303030303,4413.54,1397.8799999999999,31.289999999999996,6.116097733711048,0,Cluster 0,43.98,Moderate Potential,Rebalance Channels,0.0,67.29,61.33,33.33,65.97,-1.098666101153179,1.1834853970664287,1
26370,Golden Diner,Chinese,QSR,CBD,0.99,30.84,1398,127,635,318,318,3916.68,19583.4,9807.12,9807.12,0.263308193814009,0.405627339868806,0.27,9,2.66,845.88,1296.67,1195.85,598.87,2400.91,0.1,0.5,0.25,0.25,43114.32000000001,5492.299999999999,0.12738922937900907,-0.010000000000000009,0.75,1271,0.9091559370529327,0.668935533682815,7.55003144654088,1794.7199999999998,1384.02,30.840000000000003,3.9286838340486403,0,Cluster 0,36.99,Low Potential,Rebalance Channels,0.0,55.16,57.6,33.33,44.53,-0.3643069951252661,0.2931618833711174,1
25446,Lotus Kitchen,Chinese,Full-service,North Shore,1.03,44.57,805,213,296,148,148,9493.41,13192.72,6596.36,6596.36,0.35904397550039,0.454478869610466,0.27,10,2.95,436.6,1770.3,-1101.89,-550.95,793.47,0.36,0.5,0.25,0.25,35878.85,910.9299999999998,0.025389052324698253,0.030000000000000027,0.75,592,0.7354037267080745,0.813522845110856,5.361283783783784,-1652.8400000000001,829.15,44.57,1.1315900621118011,1,Cluster 1,42.16,Moderate Potential,Rebalance Channels,66.67,37.64,33.67,33.33,28.98,1.1088891576903595,-1.0363964940480537,0
26519,Sakura Eatery,Chinese,Cafe,South Auckland,1.05,31.77,1715,223,746,373,373,7084.71,23700.42,11850.21,11850.21,0.267107212133706,0.39803223637864,0.31,7,2.07,772.11,2372.39,589.21,294.6,3196.06,0.15,0.5,0.25,0.25,54485.549999999996,6452.26,0.11842148973443418,0.050000000000000044,0.75,1492,0.8699708454810495,0.665139448512346,8.5685254691689,883.8100000000001,1800.75,31.769999999999996,3.762250728862974,0,Cluster 0,63.73,High Potential,Rebalance Channels,100.0,53.73,61.52,33.33,53.29,-0.030119446307956304,0.3354083049297149,1
26318,Dragon Diner,Chinese,QSR,North Shore,1.03,42.82,1678,279,699,350,350,11946.78,29931.18,14987.0,14987.0,0.203611622788012,0.44503956802655,0.3,6,1.77,619.5,4197.49,1536.93,769.56,4646.16,0.2,0.5,0.25,0.25,71851.95999999999,11150.14,0.15518212725164351,0.030000000000000027,0.75,1399,0.83373063170441,0.648651190814562,13.274742857142856,2306.49,1728.3400000000001,42.81999999999999,6.644898688915375,0,Cluster 0,57.76,Moderate Potential,Rebalance Channels,66.67,62.58,65.76,33.33,48.62,-0.09082616610650603,0.7508411450407534,1
26644,Lotus Tavern,Chinese,Ghost Kitchen,CBD,0.99,37.03,1390,114,638,319,319,4221.42,23625.14,11812.57,11812.57,0.279031221440528,0.331663701019715,0.28,9,2.66,848.54,1643.42,2582.35,1291.17,3750.15,0.09,0.5,0.25,0.25,51471.7,9267.09,0.1800424310834886,-0.010000000000000009,0.75,1276,0.9179856115107914,0.6106949224602429,11.755956112852665,3873.52,1376.1,37.03,6.666971223021583,0,Cluster 0,41.45,Moderate Potential,Rebalance Channels,0.0,65.95,66.58,33.33,44.27,-0.7983430885238212,0.9314297507066475,1
25356,Golden Bistro,Chinese,Ghost Kitchen,North Shore,1.03,40.09,1576,60,758,379,379,2405.4,30388.22,15194.11,15194.11,0.254831011791248,0.203994751733262,0.29,11,3.25,1231.75,1301.74,7632.74,3816.37,6990.91,0.04,0.5,0.25,0.25,63181.840000000004,19741.76,0.3124594028917169,0.030000000000000027,0.75,1516,0.9619289340101523,0.45882576352451,18.445672823218995,11449.11,1623.28,40.09,12.526497461928933,0,Cluster 0,70.46,High Potential,Rebalance Channels,66.67,91.71,86.65,33.33,56.9,-1.8568502521477555,2.5139057682163677,1
25720,Red Grill,Chinese,QSR,West Auckland,1.04,43.59,1158,114,522,261,261,4969.26,22753.98,11376.99,11376.99,0.208057023026049,0.386074588098563,0.28,11,3.25,848.25,2016.87,2864.01,1432.0,3769.31,0.11,0.5,0.25,0.25,50477.219999999994,10082.19,0.1997374261102335,0.040000000000000036,0.75,1044,0.9015544041450777,0.594131611124612,14.441800766283524,4296.01,1204.32,43.589999999999996,8.706554404145079,0,Cluster 0,63.34,High Potential,Rebalance Channels,83.33,71.36,65.8,33.33,43.4,-1.00965713668622,1.3182685325393004,1
25518,Lotus Kitchen,Chinese,Full-service,CBD,0.99,31.18,1228,304,462,231,231,9478.72,14405.16,7202.58,7202.58,0.355425095173996,0.526120292721316,0.28,7,2.07,478.17,1122.8,-2327.09,-1163.54,375.01,0.33,0.5,0.25,0.25,38289.04,-1992.82,-0.05204674758103102,-0.010000000000000009,0.75,924,0.752442996742671,0.881545387895312,1.6234199134199134,-3490.63,1215.72,31.18,-1.622817589576547,1,Cluster 1,6.67,Low Potential,Optimize,0.0,23.49,28.17,33.33,34.44,1.7379991573188416,-1.9629787979759064,0
25235,Red Grill,Chinese,QSR,South Auckland,1.05,38.17,1523,163,680,340,340,6221.71,25955.6,12977.8,12977.8,0.242224811166525,0.386467837006785,0.3,10,2.95,1003.0,2310.17,1850.83,925.41,3815.75,0.12,0.5,0.25,0.25,58132.91,8902.16,0.1531346013815582,0.050000000000000044,0.75,1360,0.8929743926460932,0.6286926481733099,11.222794117647059,2776.24,1599.15,38.17,5.845147734734077,0,Cluster 0,65.81,High Potential,Rebalance Channels,100.0,61.22,62.16,33.33,53.79,-0.4996814979257265,0.8040188325165002,1
25604,Lotus Cafe,Chinese,QSR,North Shore,1.03,45.47,856,136,360,180,180,6183.92,16369.2,8184.6,8184.6,0.268583900295198,0.364573732274584,0.29,15,4.43,797.4,2268.52,1257.85,628.92,2205.06,0.19,0.5,0.25,0.25,38922.32,6360.35,0.16341137938334613,0.030000000000000027,0.75,720,0.8411214953271028,0.6331576325697821,12.250333333333334,1886.77,881.6800000000001,45.47,7.430315420560748,0,Cluster 0,54.83,Moderate Potential,Rebalance Channels,66.67,64.75,53.11,33.33,42.34,-0.5858664144507102,0.7730196113949037,1
25196,Golden Diner,Chinese,Cafe,West Auckland,1.04,42.51,602,78,262,131,131,3315.78,11137.62,5568.81,5568.81,0.279265898615122,0.420667344261892,0.32,12,3.54,463.74,994.96,-222.01,-111.0,1207.27,0.15,0.5,0.25,0.25,25591.020000000004,1869.22,0.07304202802389274,0.040000000000000036,0.75,524,0.8704318936877077,0.699933242877014,9.215801526717557,-333.01,626.08,42.510000000000005,3.105016611295681,0,Cluster 0,51.15,Moderate Potential,Rebalance Channels,83.33,46.73,47.85,33.33,27.11,-0.37261331150957105,0.034192131021272575,1
25199,Sakura Corner,Chinese,QSR,North Shore,1.03,35.77,1296,188,554,277,277,6724.76,19816.58,9908.29,9908.29,0.278208652883768,0.406034040707164,0.32,12,3.54,980.58,2123.39,-84.08,-42.04,2148.03,0.17,0.5,0.25,0.25,46357.920000000006,4145.3,0.08941945626550975,0.030000000000000027,0.75,1108,0.8549382716049383,0.684242693590932,7.754620938628159,-126.12,1334.88,35.77,3.1985339506172843,0,Cluster 0,51.48,Moderate Potential,Rebalance Channels,66.67,49.06,50.27,33.33,49.94,-0.01062040373320209,0.040593991641110765,1
25364,Lotus Cafe,Chinese,QSR,South Auckland,1.05,34.32,1518,162,678,339,339,5559.84,23268.96,11634.48,11634.48,0.253805624842644,0.407516850624233,0.31,4,1.18,400.02,1882.99,667.3,333.65,3540.32,0.12,0.5,0.25,0.25,52097.759999999995,6424.26,0.12331163566341434,0.050000000000000044,0.75,1356,0.8932806324110671,0.661322475466877,10.443421828908555,1000.9499999999999,1593.9,34.31999999999999,4.232055335968379,0,Cluster 0,63.13,High Potential,Rebalance Channels,100.0,55.02,67.15,33.33,39.62,-0.3022589058946912,0.5029395657185849,1
25879,Golden Tavern,Chinese,Ghost Kitchen,West Auckland,1.04,39.52,873,57,408,204,204,2252.64,16124.16,8062.08,8062.08,0.255745047354139,0.26501864414895,0.3,16,4.72,962.88,1079.55,2890.03,1445.02,2900.76,0.07,0.5,0.25,0.25,34500.96,8315.36,0.24101822094225786,0.040000000000000036,0.75,816,0.9347079037800687,0.520763691503089,14.219411764705884,4335.05,907.9200000000001,39.519999999999996,9.525040091638031,0,Cluster 0,65.93,High Potential,Rebalance Channels,83.33,78.03,68.79,33.33,45.52,-1.653199414457459,1.788418389742121,1
26276,Lotus Tavern,Chinese,Cafe,South Auckland,1.05,33.78,820,148,336,168,168,4999.44,11350.08,5675.04,5675.04,0.230877000335604,0.433313726494089,0.31,16,4.72,792.96,1678.86,292.94,146.47,1112.77,0.22,0.5,0.25,0.25,27699.600000000002,3231.04,0.11664572773614058,0.050000000000000044,0.75,672,0.8195121951219512,0.6641907268296929,6.623630952380952,439.40999999999997,861.0,33.78,3.940292682926829,0,Cluster 0,59.37,Moderate Potential,Rebalance Channels,100.0,53.73,46.68,33.33,44.01,-0.2055996949773563,0.25812712389439096,1
25152,Red Corner,Chinese,Cafe,CBD,0.99,31.82,1151,183,484,242,242,5823.06,15400.88,7700.44,7700.44,0.218786398787051,0.404047677922063,0.29,4,1.18,285.56,2196.26,1342.43,671.22,2618.78,0.19,0.5,0.25,0.25,36624.82,6828.6900000000005,0.1864497900604017,-0.010000000000000009,0.75,968,0.8410078192875761,0.622834076709114,10.821404958677686,2013.65,1139.49,31.82,5.932832319721982,0,Cluster 0,39.82,Low Potential,Rebalance Channels,0.0,65.83,73.08,33.33,24.98,-0.5275294499309096,0.8778304062754098,1
25355,Dragon Eatery,Chinese,Full-service,South Auckland,1.05,41.84,1038,207,415,208,208,8660.88,17363.6,8702.72,8702.72,0.379519668442663,0.478032251819968,0.33,10,2.95,613.6,1233.73,-3256.58,-1632.21,626.09,0.25,0.5,0.25,0.25,43429.92,-3028.97,-0.06974385400663874,0.050000000000000044,0.75,831,0.8005780346820809,0.8575519202626309,3.010048076923077,-4888.79,1089.9,41.839999999999996,-2.918082851637765,1,Cluster 1,30.83,Low Potential,Optimize,100.0,19.36,26.89,33.33,37.38,1.245041676114071,-1.6731979904523315,0
25213,Golden House,Chinese,QSR,West Auckland,1.04,40.32,595,59,268,134,134,2378.88,10805.76,5402.88,5402.88,0.251114022769034,0.397714350628667,0.29,8,2.36,316.24,835.4,661.01,330.5,1581.1,0.11,0.5,0.25,0.25,23990.4,3408.0099999999998,0.14205723956249164,0.040000000000000036,0.75,536,0.9008403361344538,0.6488283733977009,11.799253731343283,991.51,618.8000000000001,40.32,5.727747899159663,0,Cluster 0,55.84,Moderate Potential,Rebalance Channels,83.33,59.57,62.4,33.33,17.54,-0.9211329691679133,0.7295442335539916,1
26654,Golden Kitchen,Chinese,Cafe,South Auckland,1.05,40.0,1136,248,444,222,222,9920.0,17760.0,8880.0,8880.0,0.233386963326484,0.438896401575767,0.27,4,1.18,261.96,3250.95,1025.05,512.52,2648.16,0.28,0.5,0.25,0.25,45440.0,7436.68,0.1636593309859155,0.050000000000000044,0.75,888,0.7816901408450704,0.672283364902251,11.928648648648648,1537.57,1192.8,40.0,6.54637323943662,0,Cluster 0,62.99,High Potential,Rebalance Channels,100.0,63.58,65.46,33.33,26.7,0.01557100276183696,0.6140463226546432,1
25358,Red Eatery,Chinese,Cafe,North Shore,1.03,32.21,603,91,256,128,128,2931.11,8245.76,4122.88,4122.88,0.213019451089203,0.381274681887589,0.29,12,3.54,453.12,1189.17,954.08,477.04,1219.56,0.18,0.5,0.25,0.25,19422.63,3839.85,0.19769979657749748,0.030000000000000027,0.75,512,0.8490878938640133,0.594294132976792,9.5278125,1431.1200000000001,621.09,32.21,6.367910447761194,0,Cluster 0,55.52,Moderate Potential,Rebalance Channels,66.67,67.93,64.13,33.33,26.94,-0.9657104413841614,1.087946115568463,1
25938,Dragon Corner,Chinese,Ghost Kitchen,CBD,0.99,43.11,1399,115,642,321,321,4957.65,27676.62,13838.31,13838.31,0.27334766110871,0.246361427556258,0.28,16,4.72,1515.12,2381.11,5543.38,2771.69,5131.29,0.09,0.5,0.25,0.25,60310.88999999999,15827.470000000001,0.2624313784790774,-0.010000000000000009,0.75,1284,0.9177984274481773,0.519709088664968,15.985327102803739,8315.07,1385.01,43.10999999999999,11.313416726233024,0,Cluster 0,48.76,Moderate Potential,Rebalance Channels,0.0,83.33,68.95,33.33,60.89,-1.365229673368962,1.805720072599308,1
25964,Lotus Eatery,Chinese,QSR,CBD,0.99,35.79,1326,162,582,291,291,5797.98,20829.78,10414.89,10414.89,0.252573682460934,0.381500149774365,0.29,6,1.77,515.07,2121.63,1581.53,790.76,3296.01,0.14,0.5,0.25,0.25,47457.53999999999,7789.93,0.16414525489521795,-0.010000000000000009,0.75,1164,0.8778280542986425,0.634073832235299,11.326494845360825,2372.29,1312.74,35.78999999999999,5.8747586726998495,0,Cluster 0,39.57,Low Potential,Rebalance Channels,0.0,62.74,68.01,33.33,35.23,-0.5245463538898062,0.7383548754014346,1
25641,Red House,Chinese,Cafe,North Shore,1.03,43.92,1198,262,468,234,234,11507.04,20554.56,10277.28,10277.28,0.207899869717658,0.362047634436749,0.32,15,4.43,1036.62,4948.63,2262.08,1131.04,3383.15,0.28,0.5,0.25,0.25,52616.16,11724.9,0.2228383827326053,0.030000000000000027,0.75,936,0.7813021702838063,0.569947504154407,14.457905982905983,3393.12,1233.94,43.92,9.787061769616026,0,Cluster 0,61.27,High Potential,Rebalance Channels,66.67,75.93,62.85,33.33,53.69,-0.4861352964679201,1.3372692959539962,1
25919,Golden Grill,Chinese,Cafe,North Shore,1.03,31.04,1663,363,650,325,325,11267.52,20176.0,10088.0,10088.0,0.243415899220854,0.399870697432198,0.3,16,4.72,1534.0,4019.28,1144.25,572.12,2064.52,0.28,0.5,0.25,0.25,51619.520000000004,7800.17,0.15110892158625264,0.030000000000000027,0.75,1300,0.7817197835237523,0.643286596653052,6.352369230769231,1716.37,1712.89,31.040000000000003,4.690420926037282,0,Cluster 0,57.21,Moderate Potential,Rebalance Channels,66.67,59.39,49.9,33.33,71.46,0.30439369665984045,0.36070798371093793,1
25665,Tandoori Diner,Indian,QSR,North Shore,1.03,37.29,570,70,250,150,100,2610.3,9322.5,5593.5,3729.0,0.243980130646378,0.447680360660888,0.32,13,3.84,384.0,804.86,-108.7,-65.22,765.8,0.14,0.5,0.3,0.2,21255.3,1396.7399999999998,0.06571255169298951,0.030000000000000027,0.8,500,0.8771929824561403,0.691660491307266,7.6579999999999995,-173.92000000000002,587.1,37.29,2.4504210526315786,0,Cluster 0,44.09,Moderate Potential,Rebalance Channels,66.67,44.86,47.42,16.67,28.18,-1.2472184529973855,-0.6822465503171263,1
25382,Spice Kitchen,Indian,Full-service,South Auckland,1.05,44.63,1749,403,673,404,269,17985.89,30035.99,18030.52,12005.47,0.369725375855342,0.462683936930262,0.33,10,2.95,793.55,3014.27,-4878.12,-2928.32,1218.45,0.3,0.5,0.3,0.2,78057.87000000001,-3573.7200000000003,-0.04578295564559986,0.050000000000000044,0.8,1346,0.7695826186392224,0.832409312785604,4.529553903345725,-7806.4400000000005,1836.45,44.63,-2.043293310463122,1,Cluster 1,33.81,Low Potential,Optimize,100.0,23.77,30.76,16.67,61.44,0.7963996311643631,-2.130590154182986,0
25300,Curry Diner,Indian,Full-service,North Shore,1.03,36.63,885,115,385,231,154,4212.45,14102.55,8461.53,5641.02,0.394670888595283,0.470167292584665,0.29,15,4.43,682.22,569.36,-2183.61,-1310.17,80.23,0.15,0.5,0.3,0.2,32417.55,-2844.19,-0.08773611824459282,0.030000000000000027,0.8,770,0.8700564971751412,0.8648381811799479,0.520974025974026,-3493.78,911.5500000000001,36.63,-3.213774011299435,1,Cluster 1,18.28,Low Potential,Optimize,66.67,16.54,17.39,16.67,43.3,0.09595942568408322,-2.5544353421364043,0
25058,Tandoori Kitchen,Indian,Full-service,CBD,0.99,40.43,1256,251,502,302,201,10147.93,20295.86,12209.86,8126.43,0.381141291733366,0.473784336866811,0.3,6,1.77,355.77,1472.2,-3144.35,-1891.62,823.17,0.25,0.5,0.3,0.2,50780.08,-2740.5999999999995,-0.05396998192992211,-0.010000000000000009,0.8,1005,0.8001592356687898,0.854925628600177,4.095373134328358,-5035.969999999999,1243.44,40.43,-2.1820063694267513,1,Cluster 1,4.86,Low Potential,Optimize,0.0,22.48,33.97,16.67,33.0,0.48128296994173086,-2.326119714498664,0
25535,Royal Eatery,Indian,QSR,West Auckland,1.04,39.74,581,66,258,154,103,2622.84,10252.92,6119.96,4093.22,0.263628536202014,0.44126284015365,0.31,3,0.89,91.67,774.02,-152.68,-91.13,1116.27,0.13,0.5,0.3,0.2,23088.940000000002,1646.48,0.07131033299926284,0.040000000000000036,0.8,515,0.8864027538726333,0.704891376355664,10.83757281553398,-243.81,604.24,39.74,2.8338726333907056,0,Cluster 0,48.09,Moderate Potential,Rebalance Channels,83.33,46.13,62.07,16.67,5.4,-1.2944714347927677,-0.5555755840252723,1
25141,Tandoori Corner,Indian,QSR,South Auckland,1.05,43.28,901,81,410,246,164,3505.68,17744.8,10646.88,7097.92,0.252808979973197,0.406785128777847,0.31,12,3.54,580.56,1193.35,539.55,323.73,1835.61,0.1,0.5,0.3,0.2,38995.28,3892.24,0.09981310558611196,0.050000000000000044,0.8,820,0.9100998890122086,0.659594108751044,11.192743902439023,863.28,946.0500000000001,43.28,4.319911209766925,0,Cluster 0,56.92,Moderate Potential,Rebalance Channels,100.0,51.98,54.06,16.67,37.42,-1.4762112451237734,-0.21225637673984515,1
25735,Tandoori Bistro,Indian,QSR,CBD,0.99,32.13,706,86,310,186,124,2763.18,9960.3,5976.18,3984.12,0.263643089570105,0.413649753807113,0.29,12,3.54,438.96,891.7,325.77,195.46,846.74,0.14,0.5,0.3,0.2,22683.78,2259.67,0.09961611336382209,-0.010000000000000009,0.8,620,0.8781869688385269,0.6772928433772181,6.828548387096775,521.23,698.9399999999999,32.129999999999995,3.2006657223796036,0,Cluster 0,29.79,Low Potential,Rebalance Channels,0.0,50.44,51.34,16.67,29.45,-1.2856474561215243,-0.5844185099479094,1
26216,Bombay Eatery,Indian,Full-service,South Auckland,1.05,37.73,566,137,214,129,86,5169.01,8074.22,4867.17,3244.78,0.371765008277725,0.523461820045486,0.29,17,5.02,431.72,541.57,-1495.56,-901.53,-91.75,0.32,0.5,0.3,0.2,21355.18,-1947.27,-0.09118490221107946,0.050000000000000044,0.8,429,0.7579505300353356,0.895226828323211,-1.066860465116279,-2397.09,594.3000000000001,37.730000000000004,-3.4404063604240283,1,Cluster 1,23.98,Low Potential,Optimize,100.0,15.77,9.37,16.67,37.75,0.6983987183491592,-2.8265736273829307,0
25732,Royal Cafe,Indian,Ghost Kitchen,North Shore,1.03,32.46,1047,95,476,286,190,3083.7,15450.96,9283.56,6167.4,0.292296414996963,0.249709661793895,0.32,18,5.31,1008.9,1412.32,2132.14,1281.07,1815.73,0.1,0.5,0.3,0.2,33985.62,6641.26,0.19541382502364235,0.030000000000000027,0.8,952,0.9092645654250239,0.542006076790858,9.556473684210527,3413.21,1078.41,32.46,6.343132760267431,0,Cluster 0,56.85,Moderate Potential,Rebalance Channels,66.67,67.59,62.18,16.67,55.68,-2.022674440810981,0.5728395275916436,1
25383,Bombay Grill,Indian,Cafe,CBD,0.99,32.51,583,71,256,154,102,2308.21,8322.56,5006.54,3316.02,0.277262946683913,0.355963276606053,0.27,4,1.18,120.36,846.59,805.41,484.5,1095.87,0.14,0.5,0.3,0.2,18953.33,3232.37,0.17054364589230492,-0.010000000000000009,0.8,512,0.8782161234991424,0.6332262232899659,10.743823529411763,1289.9099999999999,577.17,32.510000000000005,5.5443739279588335,0,Cluster 0,33.61,Low Potential,Rebalance Channels,0.0,63.16,71.48,16.67,6.86,-1.738009579519832,0.09650831421862097,1
26143,Spice Corner,Indian,QSR,CBD,0.99,35.17,887,73,407,244,163,2567.41,14314.19,8581.48,5732.71,0.259326546024531,0.369964506500401,0.32,16,4.72,769.36,951.76,725.86,435.16,1355.81,0.09,0.5,0.3,0.2,31195.789999999997,3468.5899999999997,0.11118775963038602,-0.010000000000000009,0.8,814,0.9177001127395716,0.629291052524932,8.317852760736196,1161.02,878.13,35.169999999999995,3.910473506200676,0,Cluster 0,32.84,Low Potential,Rebalance Channels,0.0,52.96,52.06,16.67,44.56,-1.6040329450916773,-0.24743298621311585,1
26095,Royal Diner,Indian,Full-service,North Shore,1.03,46.14,758,188,285,171,114,8674.32,13149.9,7889.94,5259.96,0.35553887799615,0.487396939657629,0.27,15,4.43,505.02,1362.42,-1485.09,-891.06,321.13,0.33,0.5,0.3,0.2,34974.12,-692.5999999999998,-0.01980321449117232,0.030000000000000027,0.8,570,0.7519788918205804,0.842935817653779,2.8169298245614036,-2376.1499999999996,780.74,46.14,-0.913720316622691,1,Cluster 1,21.38,Low Potential,Optimize,66.67,28.79,20.77,16.67,39.09,0.3952833874917593,-2.0981822194049933,0
25421,Curry Cafe,Indian,Cafe,West Auckland,1.04,43.91,1265,115,575,345,230,5049.65,25248.25,15148.95,10099.3,0.2610485361889,0.419636834273115,0.33,5,1.48,340.4,1612.43,-269.79,-161.87,2884.45,0.1,0.5,0.3,0.2,55546.15000000001,4065.22,0.07318635044913102,0.040000000000000036,0.8,1150,0.9090909090909091,0.680685370462015,12.541086956521738,-431.66,1315.6000000000001,43.910000000000004,3.2136126482213436,0,Cluster 0,52.5,Moderate Potential,Rebalance Channels,83.33,46.9,62.47,16.67,32.99,-1.170958703305216,-0.3946194054831451,1
25624,Tandoori Cafe,Indian,Cafe,South Auckland,1.05,44.45,592,63,264,159,106,2800.35,11734.8,7067.55,4711.7,0.24694876331836,0.444818848767318,0.3,10,2.95,312.7,863.16,96.61,58.18,1139.6,0.12,0.5,0.3,0.2,26314.4,2157.5499999999997,0.08199122913689841,0.050000000000000044,0.8,529,0.893581081081081,0.6917676120856779,10.750943396226415,154.79,621.6,44.45,3.6445101351351346,0,Cluster 0,53.5,Moderate Potential,Rebalance Channels,100.0,48.66,52.44,16.67,22.29,-1.4010645921670986,-0.42342443423023535,1
25138,Tandoori Corner,Indian,Full-service,CBD,0.99,32.44,1944,493,726,435,290,15992.92,23551.44,14111.4,9407.6,0.360403733514249,0.534040835872293,0.32,6,1.77,513.3,1688.14,-5050.48,-3026.11,479.72,0.34,0.5,0.3,0.2,63063.36,-5908.729999999999,-0.09369513454405218,-0.010000000000000009,0.8,1451,0.7463991769547325,0.8944445693865419,1.6542068965517243,-8076.59,1924.56,32.44,-3.0394701646090527,1,Cluster 1,5.31,Low Potential,Optimize,0.0,15.97,27.88,16.67,54.95,1.46513041911503,-2.928612025368006,0
26033,Tandoori Eatery,Indian,Cafe,South Auckland,1.05,38.54,624,76,274,164,110,2929.04,10559.96,6320.56,4239.4,0.209710792731494,0.378078755852766,0.28,11,3.25,357.5,1207.38,1396.14,835.64,1390.02,0.14,0.5,0.3,0.2,24048.96,4829.18,0.20080618870836828,0.050000000000000044,0.8,548,0.8782051282051282,0.58778954858426,12.636545454545454,2231.78,655.2,38.54,7.739070512820513,0,Cluster 0,62.26,High Potential,Rebalance Channels,100.0,70.2,66.77,16.67,25.71,-2.0027488536404707,0.6303403123055175,1
25389,Curry Bistro,Indian,QSR,South Auckland,1.05,42.54,1741,186,778,466,311,7912.44,33096.12,19823.64,13229.94,0.237165483646095,0.359869566210546,0.31,17,5.02,1561.22,3188.44,3076.78,1842.9,3769.98,0.12,0.5,0.3,0.2,74062.14,11878.1,0.160380188852226,0.050000000000000044,0.8,1555,0.8931648477886273,0.597035049856641,12.122122186495178,4919.68,1828.0500000000002,42.54,6.822573233773693,0,Cluster 0,66.07,High Potential,Rebalance Channels,100.0,63.52,55.34,16.67,77.5,-1.3486374786065964,0.2921565517908864,1
26119,Spice Kitchen,Indian,QSR,CBD,0.99,31.17,1643,176,734,440,293,5485.92,22878.78,13714.8,9132.81,0.273105763569474,0.43161711092107,0.28,17,5.02,1470.86,1619.87,349.52,209.52,1225.85,0.12,0.5,0.3,0.2,51212.31,3404.7599999999998,0.06648323420677567,-0.010000000000000009,0.8,1467,0.8928788800973828,0.704722874490544,4.183788395904436,559.04,1626.57,31.169999999999998,2.0722824102251978,0,Cluster 0,32.01,Low Potential,Rebalance Channels,0.0,44.45,38.74,16.67,71.01,-0.6532221198336314,-1.0068069861922442,1
25860,Spice Kitchen,Indian,Ghost Kitchen,West Auckland,1.04,42.47,1443,81,681,409,272,3440.07,28922.07,17370.23,11551.84,0.278154794010334,0.256144532747567,0.32,5,1.48,402.56,1602.04,4213.97,2530.85,4977.14,0.06,0.5,0.3,0.2,61284.20999999999,13324.0,0.21741326191526336,0.040000000000000036,0.8,1362,0.9438669438669439,0.534299326757901,18.298308823529414,6744.82,1500.72,42.46999999999999,9.233541233541233,0,Cluster 0,64.8,High Potential,Rebalance Channels,83.33,74.45,85.03,16.67,38.95,-2.1706084406061055,1.0709453461712968,1
26116,Spice Eatery,Indian,QSR,West Auckland,1.04,44.88,1594,118,738,443,295,5295.84,33121.44,19881.84,13239.6,0.230957443099469,0.384151643840596,0.3,14,4.13,1218.35,2038.32,2811.71,1687.79,3877.45,0.08,0.5,0.3,0.2,71538.72,10415.27,0.1455892696989826,0.040000000000000036,0.8,1476,0.9259723964868256,0.615109086940065,13.143898305084745,4499.5,1657.76,44.88,6.534046424090339,0,Cluster 0,59.89,Moderate Potential,Rebalance Channels,83.33,61.13,57.58,16.67,65.02,-1.4906522761360146,0.23024214023243958,1
26161,Tandoori Corner,Indian,Cafe,North Shore,1.03,40.56,1339,154,592,356,237,6246.24,24011.52,14439.36,9612.72,0.236810072418302,0.373786477418616,0.28,16,4.72,1118.64,2432.31,2626.94,1579.72,2624.59,0.13,0.5,0.3,0.2,54309.840000000004,9263.560000000001,0.17056872198481898,0.030000000000000027,0.8,1185,0.8849887976101568,0.6105965498369179,11.074219409282701,4206.66,1379.17,40.56,6.918267363704258,0,Cluster 0,55.52,Moderate Potential,Rebalance Channels,66.67,65.02,54.94,16.67,60.71,-1.4782972403449939,0.23822495707656235,1
26646,Tandoori Corner,Indian,Ghost Kitchen,South Auckland,1.05,47.11,1503,98,702,422,281,4616.78,33071.22,19880.42,13237.91,0.296738956868649,0.203849173965864,0.29,11,3.25,913.25,2305.67,6925.51,4163.2,5697.92,0.07,0.5,0.3,0.2,70806.33,19092.300000000003,0.26964114649071635,0.050000000000000044,0.8,1405,0.9347970725216235,0.500588130834513,20.27729537366548,11088.71,1578.15,47.11,12.702794411177647,0,Cluster 0,73.4,High Potential,Rebalance Channels,100.0,86.18,80.21,16.67,55.45,-2.3551008021886357,1.469913448798337,1
25597,Bombay Corner,Indian,Cafe,West Auckland,1.04,41.2,585,53,266,160,106,2183.6,10959.2,6592.0,4367.2,0.215882114935666,0.360027099936269,0.31,3,0.89,94.34,926.04,1250.34,752.09,1757.75,0.1,0.5,0.3,0.2,24102.000000000004,4686.22,0.19443282715127375,0.040000000000000036,0.8,532,0.9094017094017094,0.575909214871935,16.58254716981132,2002.4299999999998,608.4,41.2,8.010632478632479,0,Cluster 0,57.98,Moderate Potential,Rebalance Channels,83.33,69.71,81.95,16.67,5.54,-2.2562954695545447,0.8188061485429838,1
25057,Curry Cafe,Indian,QSR,North Shore,1.03,45.38,976,72,452,271,181,3267.36,20511.76,12297.98,8213.78,0.262995909061283,0.41001464955043,0.32,3,0.89,161.09,1068.39,143.37,85.96,2524.73,0.08,0.5,0.3,0.2,44290.88,3822.4500000000003,0.08630332023206584,0.030000000000000027,0.8,904,0.9262295081967213,0.673010558611713,13.94878453038674,229.32999999999998,1005.28,45.379999999999995,3.916444672131148,0,Cluster 0,47.72,Moderate Potential,Rebalance Channels,66.67,49.61,66.99,16.67,18.32,-1.4731418836225194,-0.22904856965541226,1
25977,Tandoori Bistro,Indian,Ghost Kitchen,CBD,0.99,33.66,1249,59,595,357,238,1985.94,20027.7,12016.62,8011.08,0.289944035583176,0.275072239502333,0.31,6,1.77,421.26,863.85,2503.14,1501.88,3063.43,0.05,0.5,0.3,0.2,42041.340000000004,7932.299999999999,0.1886785720911845,-0.010000000000000009,0.8,1190,0.9527622097678142,0.565016275085509,12.87155462184874,4005.02,1236.51,33.660000000000004,6.350920736589271,0,Cluster 0,39.82,Low Potential,Rebalance Channels,0.0,66.69,78.65,16.67,32.77,-2.052517378796471,0.5683540501074476,1
26140,Tandoori Kitchen,Indian,QSR,South Auckland,1.05,34.79,1107,118,494,297,198,4105.22,17186.26,10332.63,6888.42,0.229597175605595,0.42071566847153,0.33,5,1.48,293.04,1435.54,338.35,203.42,2115.75,0.12,0.5,0.3,0.2,38512.53,4093.06,0.10627865788095459,0.050000000000000044,0.8,989,0.8934056007226739,0.6503128440771251,10.68560606060606,541.77,1162.3500000000001,34.79,3.69743450767841,0,Cluster 0,58.14,Moderate Potential,Rebalance Channels,100.0,52.01,67.15,16.67,28.05,-1.3492693863970797,-0.15700219666069526,1
25374,Tandoori Eatery,Indian,Cafe,North Shore,1.03,36.58,963,103,430,258,172,3767.74,15729.4,9437.64,6291.76,0.274692938961089,0.43515494002495,0.29,18,5.31,913.32,1093.22,2.39,1.44,912.25,0.12,0.5,0.3,0.2,35226.54,2009.3000000000002,0.05703937996749042,0.030000000000000027,0.8,860,0.893042575285566,0.709847878986039,5.303779069767442,3.83,991.89,36.58,2.0865005192107997,0,Cluster 0,45.16,Moderate Potential,Rebalance Channels,66.67,43.2,36.31,16.67,52.89,-0.9867113296263047,-0.9274969360281955,1
25961,Curry Bistro,Indian,Cafe,West Auckland,1.04,43.02,657,75,291,175,116,3226.5,12518.82,7528.5,4990.32,0.229017645195127,0.393612609920092,0.27,14,4.13,479.08,1217.58,1344.14,808.33,1404.12,0.13,0.5,0.3,0.2,28264.14,4774.17,0.16891262214240377,0.040000000000000036,0.8,582,0.8858447488584474,0.622630255115219,12.104482758620689,2152.4700000000003,683.28,43.019999999999996,7.26662100456621,0,Cluster 0,55.98,Moderate Potential,Rebalance Channels,83.33,65.26,56.43,16.67,33.62,-1.8015483438860715,0.2833728300918014,1
25416,Spice Grill,Indian,QSR,West Auckland,1.04,39.34,754,86,334,200,134,3383.24,13139.56,7868.0,5271.56,0.22248506968841,0.397036981233396,0.33,5,1.48,198.32,1287.25,663.26,397.16,1807.39,0.13,0.5,0.3,0.2,29662.36,4155.06,0.14007853724383362,0.040000000000000036,0.8,668,0.8859416445623343,0.619522050921806,13.487985074626867,1060.42,784.1600000000001,39.34,5.510689655172414,0,Cluster 0,54.84,Moderate Potential,Rebalance Channels,83.33,59.01,71.89,16.67,15.87,-1.7245383386703321,0.23022946434450184,1
25455,Tandoori Bistro,Indian,QSR,West Auckland,1.04,33.18,1424,152,636,382,254,5043.36,21102.48,12674.76,8427.72,0.226081465501338,0.40087485301774,0.3,17,5.02,1275.08,1881.39,1541.4,925.81,1868.83,0.12,0.5,0.3,0.2,47248.32,6217.43,0.1315904988791136,0.040000000000000036,0.8,1272,0.8932584269662921,0.6269563185190781,7.3575984251968505,2467.21,1480.96,33.18,4.366172752808989,0,Cluster 0,57.51,Moderate Potential,Rebalance Channels,83.33,56.32,50.72,16.67,66.32,-1.27662541302005,-0.11724383397853663,1
26036,Spice Cafe,Indian,Cafe,North Shore,1.03,41.4,911,104,404,242,161,4305.6,16725.6,10018.8,6665.4,0.262190957348794,0.352809023414738,0.32,18,5.31,854.91,1657.66,1087.16,651.22,1711.27,0.13,0.5,0.3,0.2,37715.399999999994,5107.3099999999995,0.13541709752514888,0.030000000000000027,0.8,807,0.8858397365532382,0.614999980763532,10.629006211180124,1738.38,938.33,41.39999999999999,5.606267837541163,0,Cluster 0,51.65,Moderate Potential,Rebalance Channels,66.67,58.51,50.93,16.67,51.17,-1.583661578193066,0.02319414201798516,1
25431,Bombay Diner,Indian,Ghost Kitchen,West Auckland,1.04,33.05,834,61,386,232,155,2016.05,12757.3,7667.6,5122.75,0.29250133621972,0.222383070236538,0.3,13,3.84,595.2,978.02,2361.58,1419.39,1889.93,0.08,0.5,0.3,0.2,27563.699999999997,6648.92,0.24122015549436399,0.040000000000000036,0.8,773,0.9268585131894485,0.514884406456258,12.193096774193549,3780.9700000000003,867.36,33.05,7.972326139088729,0,Cluster 0,62.84,High Potential,Rebalance Channels,83.33,75.96,74.67,16.67,37.21,-2.4582125711665266,1.0569731078377467,1
26251,Spice Diner,Indian,Full-service,South Auckland,1.05,34.09,1788,368,710,426,284,12545.12,24203.9,14522.34,9681.56,0.372125448763836,0.452208258886822,0.27,13,3.84,1090.56,2203.75,-2283.24,-1369.95,610.16,0.26,0.5,0.3,0.2,60952.92,-839.2799999999999,-0.013769315727614032,0.050000000000000044,0.8,1420,0.7941834451901566,0.824333707650658,2.148450704225352,-3653.1899999999996,1877.4,34.089999999999996,-0.4693959731543623,1,Cluster 1,35.91,Low Potential,Optimize,100.0,30.21,26.97,16.67,69.76,0.6212601270325239,-2.0773065365692895,0
25974,Tandoori Kitchen,Indian,QSR,North Shore,1.03,45.46,1080,132,474,284,190,6000.72,21548.04,12910.64,8637.4,0.210165155064315,0.434525086730719,0.29,5,1.48,281.2,2132.11,1407.3,843.19,2787.75,0.14,0.5,0.3,0.2,49096.8,7170.35,0.14604515976601326,0.030000000000000027,0.8,948,0.8777777777777778,0.644690241795034,14.672368421052632,2250.49,1112.4,45.46,6.639212962962963,0,Cluster 0,52.07,Moderate Potential,Rebalance Channels,66.67,61.34,68.01,16.67,26.44,-1.459809351684976,0.18013155688118637,1
25486,Curry Grill,Indian,QSR,West Auckland,1.04,45.23,1420,152,634,380,254,6874.96,28675.82,17187.4,11488.42,0.252873638998717,0.420534422132187,0.32,10,2.95,749.3,2245.31,189.03,113.3,3002.73,0.12,0.5,0.3,0.2,64226.6,5550.370000000001,0.0864185555517496,0.040000000000000036,0.8,1268,0.8929577464788733,0.673408061130904,11.821771653543307,302.33,1476.8,45.23,3.9087112676056344,0,Cluster 0,54.27,Moderate Potential,Rebalance Channels,83.33,49.62,55.27,16.67,49.85,-1.0614236696103647,-0.3580107596404017,1
25852,Curry Cafe,Indian,Full-service,South Auckland,1.05,40.32,1560,360,600,360,240,14515.2,24192.0,14515.2,9676.8,0.397848917241208,0.4589376316173,0.29,5,1.48,355.2,2078.77,-3551.06,-2130.64,1030.65,0.3,0.5,0.3,0.2,62899.2,-2572.2799999999997,-0.040895273707773704,0.050000000000000044,0.8,1200,0.7692307692307693,0.856786548858508,4.2943750000000005,-5681.7,1638.0,40.32,-1.6488974358974358,1,Cluster 1,32.31,Low Potential,Optimize,100.0,24.96,35.32,16.67,43.38,0.7917583097561093,-2.2436101143524576,0
26458,Bombay Diner,Indian,Full-service,South Auckland,1.05,41.09,1507,261,623,374,249,10724.49,25599.07,15367.66,10231.41,0.362092504499014,0.502583476807922,0.29,11,3.25,809.25,1451.28,-3959.56,-2377.01,575.31,0.21,0.5,0.3,0.2,61922.630000000005,-4309.98,-0.06960266384034398,0.050000000000000044,0.8,1246,0.8268082282680823,0.864675981306936,2.310481927710843,-6336.57,1582.3500000000001,41.09,-2.859973457199734,1,Cluster 1,30.52,Low Potential,Optimize,100.0,19.46,24.09,16.67,55.59,0.5440916074678821,-2.3745188032269344,0
26231,Tandoori Corner,Indian,QSR,South Auckland,1.05,36.25,865,85,390,234,156,3081.25,14137.5,8482.5,5655.0,0.258963299226016,0.431064433790743,0.27,17,5.02,783.12,955.1,565.11,339.06,969.77,0.11,0.5,0.3,0.2,31356.25,2829.04,0.09022252342037074,0.050000000000000044,0.8,780,0.9017341040462428,0.690027733016759,6.2164743589743585,904.1700000000001,908.25,36.25,3.2705664739884392,0,Cluster 0,55.2,Moderate Potential,Rebalance Channels,100.0,49.27,41.0,16.67,47.86,-1.247720511403775,-0.5911186924095412,1
25264,Tandoori Tavern,Indian,Ghost Kitchen,South Auckland,1.05,43.02,1479,109,685,411,274,4689.18,29468.7,17681.22,11787.48,0.257761831057724,0.29276021461701,0.3,13,3.84,1052.16,2107.68,4404.92,2642.95,4246.05,0.08,0.5,0.3,0.2,63626.58,13401.599999999999,0.2106289541257757,0.050000000000000044,0.8,1370,0.9263015551048005,0.550522045674734,15.49653284671533,7047.87,1552.95,43.02,9.061257606490871,0,Cluster 0,68.56,High Potential,Rebalance Channels,100.0,73.31,69.18,16.67,59.3,-1.9635608120668098,0.870207056957504,1
25910,Spice Corner,Indian,QSR,North Shore,1.03,44.07,1006,99,454,272,181,4362.93,20007.78,11987.04,7976.67,0.212639727257192,0.449994135648012,0.29,17,5.02,908.62,1471.9,947.69,567.78,1782.44,0.11,0.5,0.3,0.2,44334.42,4769.8099999999995,0.10758706215170966,0.030000000000000027,0.8,907,0.9015904572564613,0.662633862905204,9.847734806629834,1515.47,1036.18,44.07,4.741361829025845,0,Cluster 0,49.41,Moderate Potential,Rebalance Channels,66.67,53.59,45.22,16.67,51.99,-1.37743025757703,-0.25081061929393733,1
25146,Curry Kitchen,Indian,QSR,West Auckland,1.04,46.05,985,81,452,271,181,3730.05,20814.6,12479.55,8335.05,0.238531701173633,0.368960553244688,0.32,16,4.72,854.32,1464.07,1509.22,904.86,2417.25,0.09,0.5,0.3,0.2,45359.25,6295.4,0.13878977275858836,0.040000000000000036,0.8,904,0.917766497461929,0.607492254418321,13.354972375690608,2414.08,1024.4,46.05,6.391269035532995,0,Cluster 0,56.81,Moderate Potential,Rebalance Channels,83.33,60.03,55.42,16.67,49.27,-1.7760428129896544,0.23940124688717535,1
25388,Royal Bistro,Indian,QSR,North Shore,1.03,37.15,1762,229,766,460,307,8507.35,28456.9,17089.0,11405.05,0.20867035323754,0.420481793489307,0.33,9,2.66,816.62,3154.93,1162.4,698.05,3412.92,0.15,0.5,0.3,0.2,65458.3,8428.3,0.1287583087247912,0.030000000000000027,0.8,1533,0.8700340522133939,0.6291521467268469,11.11700325732899,1860.45,1814.8600000000001,37.15,4.783371169125993,0,Cluster 0,54.8,Moderate Potential,Rebalance Channels,66.67,56.5,63.73,16.67,58.41,-1.034669666189546,-0.02752433806768237,1
25347,Tandoori Bistro,Indian,Ghost Kitchen,North Shore,1.03,36.54,561,21,270,162,108,767.34,9865.8,5919.48,3946.32,0.271764403441921,0.336931061150972,0.32,8,2.36,254.88,300.26,703.48,422.09,1289.33,0.04,0.5,0.3,0.2,20498.94,2715.16,0.13245367809262332,0.030000000000000027,0.8,540,0.9625668449197861,0.608695464592893,11.93824074074074,1125.57,577.83,36.54,4.839857397504456,0,Cluster 0,49.59,Moderate Potential,Rebalance Channels,66.67,57.08,68.58,16.67,16.22,-2.1458331925824283,0.2001614659770253,1
25159,Tandoori Eatery,Indian,Cafe,CBD,0.99,42.96,552,54,249,149,100,2319.84,10697.04,6401.04,4296.0,0.246224297955632,0.442269844585098,0.31,8,2.36,236.0,722.64,16.11,9.64,1102.23,0.11,0.5,0.3,0.2,23713.920000000002,1850.62,0.07803939627020753,-0.010000000000000009,0.8,498,0.9021739130434783,0.68849414254073,11.0223,25.75,546.48,42.96,3.352572463768116,0,Cluster 0,27.97,Low Potential,Rebalance Channels,0.0,47.74,56.28,16.67,15.21,-1.4561658738940682,-0.5005675900887467,1
26483,Royal Tavern,Indian,Full-service,South Auckland,1.05,37.52,672,166,253,152,101,6228.32,9492.56,5703.04,3789.52,0.387401169852819,0.490091067412868,0.32,13,3.84,387.84,763.02,-1874.71,-1126.31,76.41,0.33,0.5,0.3,0.2,25213.44,-2161.59,-0.08573165740176669,0.050000000000000044,0.8,506,0.7529761904761905,0.877492237265687,0.7565346534653465,-3001.02,705.6,37.519999999999996,-3.216651785714286,1,Cluster 1,25.26,Low Potential,Optimize,100.0,16.8,18.78,16.67,32.0,0.690234191185797,-2.6875760456005304,0
25013,Tandoori House,Indian,Full-service,West Auckland,1.04,36.75,1668,404,632,379,253,14847.0,23226.0,13928.25,9297.75,0.399492640071549,0.450115238502622,0.32,7,2.07,523.71,2232.87,-3939.31,-2362.34,874.6,0.32,0.5,0.3,0.2,61299.0,-3194.1800000000003,-0.05210819099822184,0.040000000000000036,0.8,1264,0.7577937649880095,0.849607878574171,3.456916996047431,-6301.65,1734.72,36.75,-1.9149760191846525,1,Cluster 1,28.4,Low Potential,Optimize,83.33,23.09,33.09,16.67,51.16,0.9493905624286904,-2.3759814395087013,0
26065,Bombay Grill,Indian,QSR,West Auckland,1.04,36.79,1003,123,440,264,176,4525.17,16187.6,9712.56,6475.04,0.253785154148936,0.41087179039605,0.3,5,1.48,260.48,1517.48,572.12,343.27,1910.88,0.14,0.5,0.3,0.2,36900.37,4343.75,0.1177156218216782,0.040000000000000036,0.8,880,0.8773678963110668,0.6646569445449859,10.857272727272727,915.39,1043.1200000000001,36.79,4.330757726819542,0,Cluster 0,53.55,Moderate Potential,Rebalance Channels,83.33,54.4,64.94,16.67,24.21,-1.2959759429605056,-0.20295508352495076,1
25783,Royal Bistro,Indian,QSR,CBD,0.99,36.55,524,38,243,146,97,1388.9,8881.65,5336.3,3545.35,0.267490530926734,0.394776618271135,0.29,5,1.48,143.56,469.08,423.95,254.72,1053.82,0.08,0.5,0.3,0.2,19152.199999999997,2201.5699999999997,0.11495128496987292,-0.010000000000000009,0.8,486,0.9274809160305344,0.6622671491978691,10.864123711340206,678.67,518.76,36.55,4.201469465648854,0,Cluster 0,30.12,Low Potential,Rebalance Channels,0.0,53.86,65.3,16.67,7.31,-1.758118747531023,-0.2202734653893823,1
25379,Bombay Tavern,Indian,QSR,North Shore,1.03,37.65,921,83,419,251,168,3124.95,15775.35,9450.15,6325.2,0.253263624273241,0.431794243329205,0.33,9,2.66,446.88,984.18,-237.54,-142.3,1545.19,0.1,0.5,0.3,0.2,34675.649999999994,2149.5299999999997,0.061989609423327326,0.030000000000000027,0.8,838,0.9098805646036916,0.685057867602446,9.197559523809524,-379.84000000000003,948.63,37.64999999999999,2.3339087947882735,0,Cluster 0,45.81,Moderate Potential,Rebalance Channels,66.67,44.2,55.12,16.67,30.5,-1.2542012559286717,-0.5985126141389242,1
25785,Royal Kitchen,Indian,Full-service,CBD,0.99,34.27,1908,484,712,427,285,16586.68,24400.24,14633.29,9766.95,0.361694360815454,0.468996232375503,0.28,14,4.13,1177.05,2808.28,-2700.88,-1619.77,476.59,0.34,0.5,0.3,0.2,65387.16,-1035.78,-0.01584072469273784,-0.010000000000000009,0.8,1424,0.7463312368972747,0.830690593190957,1.6722456140350876,-4320.65,1888.92,34.27,-0.5428616352201258,1,Cluster 1,10.7,Low Potential,Optimize,0.0,29.83,24.35,16.67,72.46,1.0256538495812628,-2.2928606160275886,0
25178,Spice Kitchen,Indian,Cafe,North Shore,1.03,45.43,756,92,332,199,133,4179.56,15082.76,9040.57,6042.19,0.229571695514023,0.423812526045367,0.3,7,2.07,275.31,1448.7,703.09,421.43,1819.01,0.14,0.5,0.3,0.2,34345.08,4392.23,0.12788527497970595,0.030000000000000027,0.8,664,0.8783068783068783,0.65338422155939,13.676766917293232,1124.52,778.6800000000001,45.43,5.809828042328042,0,Cluster 0,49.33,Moderate Potential,Rebalance Channels,66.67,57.77,63.34,16.67,20.36,-1.5316457617710857,0.015189759156514842,1
25046,Tandoori Tavern,Indian,QSR,North Shore,1.03,36.57,692,57,318,190,127,2084.49,11629.26,6948.3,4644.39,0.277510587982833,0.448834162484854,0.27,17,5.02,637.54,570.43,42.51,25.4,633.42,0.09,0.5,0.3,0.2,25306.44,1271.7599999999998,0.050254401646379336,0.030000000000000027,0.8,635,0.9176300578034682,0.726344750467687,4.98755905511811,67.91,712.76,36.57,1.8378034682080922,0,Cluster 0,42.97,Moderate Potential,Rebalance Channels,66.67,41.95,35.4,16.67,41.57,-1.1583461066919778,-0.9962525234973495,1
25734,Spice Cafe,Indian,Ghost Kitchen,South Auckland,1.05,31.63,801,30,386,231,154,948.9,12209.18,7306.53,4871.02,0.287518795242067,0.338755868177395,0.31,15,4.43,682.22,354.63,778.03,465.61,1138.2,0.04,0.5,0.3,0.2,25335.63,2736.4700000000003,0.10800876078471308,0.050000000000000044,0.8,771,0.9625468164794008,0.626274663419462,7.3909090909090915,1243.6399999999999,841.0500000000001,31.630000000000003,3.4163171036204747,0,Cluster 0,57.45,Moderate Potential,Rebalance Channels,100.0,51.86,54.17,16.67,41.03,-1.8324678965697017,-0.16505237146469723,1
25737,Bombay Bistro,Indian,Full-service,North Shore,1.03,42.51,855,207,324,194,130,8799.57,13773.24,8246.94,5526.3,0.350742394442204,0.507174635794945,0.27,16,4.72,613.6,1250.27,-1761.83,-1054.92,171.59,0.32,0.5,0.3,0.2,36346.05,-1394.89,-0.03837803557745615,0.030000000000000027,0.8,648,0.7578947368421053,0.857917030237149,1.319923076923077,-2816.75,880.65,42.510000000000005,-1.631450292397661,1,Cluster 1,20.56,Low Potential,Optimize,66.67,25.32,16.82,16.67,44.64,0.5353765302584593,-2.319755228473005,0
26627,Bombay Diner,Indian,Cafe,West Auckland,1.04,38.67,1605,197,704,422,282,7617.99,27223.68,16318.74,10904.94,0.240174184851348,0.444467673124745,0.29,9,2.66,750.12,2402.4,690.34,413.81,2688.84,0.14,0.5,0.3,0.2,62065.35,6195.39,0.09982043120678447,0.040000000000000036,0.8,1408,0.8772585669781932,0.684641857976093,9.534893617021277,1104.15,1669.2,38.67,3.8600560747663555,0,Cluster 0,55.27,Moderate Potential,Rebalance Channels,83.33,51.36,55.18,16.67,53.72,-0.8531800486834247,-0.4394319563832738,1
25494,Spice Cafe,Indian,Full-service,CBD,0.99,40.3,589,94,248,148,99,3788.2,9994.4,5964.4,3989.7,0.387295683810953,0.474368295143358,0.27,14,4.13,408.87,524.04,-1315.9,-785.3,143.05,0.19,0.5,0.3,0.2,23736.7,-1434.1100000000001,-0.060417412698479576,-0.010000000000000009,0.8,495,0.8404074702886248,0.861663978954311,1.444949494949495,-2101.2,583.11,40.300000000000004,-2.434821731748727,1,Cluster 1,1.29,Low Potential,Optimize,0.0,21.27,19.58,16.67,30.39,-0.002413906763427701,-2.418821583907809,0
25738,Tandoori Cafe,Indian,Ghost Kitchen,North Shore,1.03,33.48,468,13,228,136,91,435.24,7633.44,4553.28,3046.68,0.287170741334557,0.205906352947932,0.3,14,4.13,375.83,220.63,1579.53,942.18,1168.6,0.03,0.5,0.3,0.2,15668.64,3910.9399999999996,0.2496030287248925,0.030000000000000027,0.8,455,0.9722222222222222,0.493077094282489,12.84175824175824,2521.71,482.04,33.48,8.3567094017094,0,Cluster 0,57.92,Moderate Potential,Rebalance Channels,66.67,77.61,76.39,16.67,27.13,-2.943309592596115,1.2592254526475803,1
25617,Curry Corner,Indian,Ghost Kitchen,West Auckland,1.04,44.07,1630,92,769,461,308,4054.44,33889.83,20316.27,13573.56,0.268505807069596,0.285368097946048,0.32,13,3.84,1182.72,1808.79,4274.39,2562.41,4872.8,0.06,0.5,0.3,0.2,71834.1,13518.39,0.18818903556945793,0.040000000000000036,0.8,1538,0.943558282208589,0.553873905015644,15.82077922077922,6836.8,1695.2,44.07,8.293490797546012,0,Cluster 0,63.96,High Potential,Rebalance Channels,83.33,69.25,68.66,16.67,63.89,-1.8940593267207002,0.7411215693433795,1
25510,Bombay Tavern,Indian,Cafe,CBD,0.99,39.72,871,93,389,233,156,3693.96,15451.08,9254.76,6196.32,0.247891917470843,0.363524466636591,0.33,18,5.31,828.36,1435.41,905.18,542.18,1579.43,0.12,0.5,0.3,0.2,34596.12,4462.2,0.12897978154775736,-0.010000000000000009,0.8,778,0.8932261768082663,0.611416384107434,10.124551282051282,1447.36,862.29,39.720000000000006,5.123076923076923,0,Cluster 0,34.35,Low Potential,Rebalance Channels,0.0,56.99,51.48,16.67,48.72,-1.6308354046198046,-0.04841307756980165,1
25351,Spice Diner,Indian,QSR,CBD,0.99,44.18,898,103,398,238,159,4550.54,17583.64,10514.84,7024.62,0.265241026319563,0.445169587340206,0.28,13,3.84,610.56,1317.79,168.62,100.83,1423.7,0.13,0.5,0.3,0.2,39673.64,3010.9399999999996,0.07589270860954526,-0.010000000000000009,0.8,795,0.8853006681514477,0.710410613659769,8.954088050314466,269.45,889.02,44.18,3.35293986636971,0,Cluster 0,28.96,Low Potential,Rebalance Channels,0.0,47.45,44.53,16.67,37.91,-1.0815814948693723,-0.7308926617349605,1
26320,Royal Bistro,Indian,QSR,West Auckland,1.04,46.48,1035,102,466,280,187,4740.96,21659.68,13014.4,8691.76,0.202606979496777,0.350171328359283,0.3,10,2.95,551.65,2120.26,3188.77,1916.0,3335.49,0.11,0.5,0.3,0.2,48106.8,10560.52,0.21952239600222836,0.040000000000000036,0.8,933,0.9014492753623189,0.55277830785606,17.836844919786095,5104.77,1076.4,46.480000000000004,10.203400966183576,0,Cluster 0,62.66,High Potential,Rebalance Channels,83.33,76.05,73.87,16.67,36.95,-2.1372522671759833,1.0222960683039766,1
25190,Spice Kitchen,Indian,Ghost Kitchen,CBD,0.99,31.72,1317,97,610,366,244,3076.84,19349.2,11609.52,7739.68,0.289227395108901,0.274188046820927,0.32,4,1.18,287.92,1343.3,2255.82,1353.49,3091.1,0.08,0.5,0.3,0.2,41775.24,8043.709999999999,0.1925473079268964,-0.010000000000000009,0.8,1220,0.9263477600607442,0.5634154419298281,12.668442622950819,3609.3100000000004,1303.83,31.72,6.107600607441153,0,Cluster 0,40.21,Moderate Potential,Rebalance Channels,0.0,66.88,82.24,16.67,30.28,-1.9209292178618107,0.5660679353085298,1
26000,Spice House,Indian,QSR,West Auckland,1.04,36.14,913,105,404,242,162,3794.7,14600.56,8745.88,5854.68,0.279693202208728,0.444795912480913,0.3,16,4.72,764.64,1045.48,-357.55,-214.18,848.39,0.13,0.5,0.3,0.2,32995.82,1322.14,0.04006992400855624,0.040000000000000036,0.8,808,0.8849945235487404,0.7244891146896411,5.236975308641975,-571.73,949.52,36.14,1.4481270536692226,0,Cluster 0,47.85,Moderate Potential,Rebalance Channels,83.33,40.05,37.39,16.67,46.86,-0.881491963544725,-1.0630051597207275,1
25395,Royal Corner,Indian,QSR,South Auckland,1.05,36.46,494,36,229,137,92,1312.56,8349.34,4995.02,3354.32,0.212301540803164,0.390416412404738,0.28,9,2.66,244.72,521.46,979.23,585.83,1087.89,0.08,0.5,0.3,0.2,18011.24,3174.41,0.17624605524106055,0.050000000000000044,0.8,458,0.9271255060728745,0.602717953207902,11.824891304347828,1565.06,518.7,36.46,6.425931174089069,0,Cluster 0,59.84,Moderate Potential,Rebalance Channels,100.0,65.12,67.81,16.67,16.65,-2.1738004812865324,0.48929573836096096,1
25179,Spice Eatery,Indian,Ghost Kitchen,CBD,0.99,32.36,581,52,264,159,106,1682.72,8543.04,5145.24,3430.16,0.261776219750755,0.329872683365829,0.27,5,1.48,156.88,687.14,1181.94,711.85,1243.83,0.1,0.5,0.3,0.2,18801.16,3824.7599999999998,0.20343212865589144,-0.010000000000000009,0.8,529,0.9104991394148021,0.5916489031165839,11.734245283018867,1893.79,575.1899999999999,32.36,6.583063683304647,0,Cluster 0,36.36,Low Potential,Rebalance Channels,0.0,68.99,76.19,16.67,9.13,-2.1394478752574413,0.5125399446097848,1
25585,Bombay Kitchen,Indian,Ghost Kitchen,South Auckland,1.05,33.71,1398,91,654,392,261,3067.61,22046.34,13214.32,8798.31,0.267991063417867,0.260170036181808,0.28,17,5.02,1310.22,1447.42,4229.35,2535.02,2841.16,0.07,0.5,0.3,0.2,47126.58,11052.95,0.2345374945519068,0.050000000000000044,0.8,1307,0.9349070100143062,0.528161099599675,10.885670498084291,6764.370000000001,1467.9,33.71,7.906258941344778,0,Cluster 0,69.32,High Potential,Rebalance Channels,100.0,74.97,65.95,16.67,65.9,-2.12637252895198,0.932219618108713,1
26263,Curry Bistro,Indian,QSR,South Auckland,1.05,35.02,492,64,214,128,86,2241.28,7494.28,4482.56,3011.72,0.236405559517443,0.385563662624918,0.28,13,3.84,330.24,847.27,734.67,439.43,808.28,0.15,0.5,0.3,0.2,17229.84,2829.65,0.16422961559712684,0.050000000000000044,0.8,428,0.8699186991869918,0.621969222142361,9.39860465116279,1174.1,516.6,35.02,5.751321138211383,0,Cluster 0,58.67,Moderate Potential,Rebalance Channels,100.0,62.59,58.17,16.67,25.91,-1.769513513139032,0.16960012854669687,1
25104,Tandoori Bistro,Indian,Ghost Kitchen,CBD,0.99,33.09,1289,95,597,358,239,3143.55,19754.73,11846.22,7908.51,0.275514000898693,0.317750089254696,0.31,15,4.43,1058.77,1278.59,1910.99,1145.95,2157.91,0.08,0.5,0.3,0.2,42653.01,6493.44,0.15223872828670237,-0.010000000000000009,0.8,1194,0.9262994569433669,0.593264090153389,9.028912133891213,3056.94,1276.11,33.09,5.037579519006981,0,Cluster 0,37.61,Low Potential,Rebalance Channels,0.0,60.01,59.25,16.67,55.05,-1.672479582373782,0.10105842432608828,1
26559,Royal Corner,Indian,Cafe,West Auckland,1.04,32.83,1710,155,778,466,311,5088.65,25541.74,15298.78,10210.13,0.27625456277281,0.418842228967696,0.28,5,1.48,460.28,1551.55,636.07,380.99,2652.82,0.1,0.5,0.3,0.2,56139.299999999996,5221.43,0.0930084628771645,0.040000000000000036,0.8,1555,0.9093567251461988,0.695096791740506,8.529967845659165,1017.0600000000001,1778.4,32.83,3.05346783625731,0,Cluster 0,54.9,Moderate Potential,Rebalance Channels,83.33,49.35,60.24,16.67,47.9,-0.8705821845269371,-0.5574431122138749,1
25144,Royal Bistro,Indian,QSR,CBD,0.99,43.23,1342,154,594,356,238,6657.42,25678.62,15389.88,10288.74,0.262317646387965,0.390252553322352,0.3,18,5.31,1263.78,2312.99,1217.93,729.94,2310.83,0.13,0.5,0.3,0.2,58014.659999999996,6571.6900000000005,0.1132763684213611,-0.010000000000000009,0.8,1188,0.8852459016393442,0.652570199710317,9.70936974789916,1947.8700000000001,1328.58,43.23,4.89693740685544,0,Cluster 0,34.73,Low Potential,Rebalance Channels,0.0,54.57,45.14,16.67,63.74,-1.15395608723584,-0.3421943173751472,1
25509,Spice Eatery,Indian,Ghost Kitchen,CBD,0.99,32.7,1197,108,544,327,218,3531.6,17788.8,10692.9,7128.6,0.258724507049192,0.282528837176505,0.32,13,3.84,837.12,1620.11,2468.14,1483.6,2433.1,0.1,0.5,0.3,0.2,39141.899999999994,8004.950000000001,0.20451102271478905,-0.010000000000000009,0.8,1089,0.9097744360902256,0.541253344225697,11.161009174311927,3951.74,1185.03,32.699999999999996,6.687510442773601,0,Cluster 0,41.06,Moderate Potential,Rebalance Channels,0.0,69.28,70.61,16.67,47.45,-1.9983200009251243,0.6541686998047792,1
25969,Royal Kitchen,Indian,Full-service,South Auckland,1.05,37.84,1651,297,677,406,271,11238.48,25617.68,15363.04,10254.64,0.369281713431701,0.534424779121764,0.31,5,1.48,401.08,1082.19,-5474.66,-3283.18,586.38,0.22,0.5,0.3,0.2,62473.840000000004,-7089.2699999999995,-0.11347581643772817,0.050000000000000044,0.8,1354,0.8201090248334343,0.903706492553465,2.1637638376383763,-8757.84,1733.5500000000002,37.84,-4.293924894003634,1,Cluster 1,27.99,Low Potential,Optimize,100.0,11.61,28.09,16.67,46.46,0.9110351396227322,-2.781549028228602,0
25443,Bombay House,Indian,Full-service,West Auckland,1.04,37.55,976,225,376,225,150,8448.75,14118.8,8448.75,5632.5,0.398119426611811,0.469728321465664,0.31,4,1.18,177.0,1116.52,-2511.0,-1502.59,567.35,0.3,0.5,0.3,0.2,36648.8,-2329.72,-0.06356879352120669,0.040000000000000036,0.8,751,0.7694672131147541,0.867847748077475,3.7823333333333333,-4013.59,1015.0400000000001,37.550000000000004,-2.3870081967213115,1,Cluster 1,23.77,Low Potential,Optimize,83.33,20.91,35.31,16.67,20.97,0.6014164110280367,-2.4232464502058084,0
25648,Spice Tavern,Indian,QSR,South Auckland,1.05,32.47,1564,142,711,427,284,4610.74,23086.17,13864.69,9221.48,0.273764951024205,0.417648242483847,0.29,18,5.31,1508.04,1422.81,429.1,257.7,1337.59,0.1,0.5,0.3,0.2,50783.08,3447.2,0.0678808768589853,0.050000000000000044,0.8,1422,0.9092071611253197,0.6914131935080521,4.709823943661972,686.8,1642.2,32.47,2.204092071611253,0,Cluster 0,57.61,Moderate Potential,Rebalance Channels,100.0,44.82,39.15,16.67,73.85,-0.8393756492657264,-0.8109764197071768,1
26376,Curry Cafe,Indian,Full-service,West Auckland,1.04,35.13,1410,350,530,318,212,12295.5,18618.9,11171.34,7447.56,0.390234936145134,0.547415794036351,0.3,3,0.89,188.68,766.62,-4424.8,-2654.88,275.67,0.33,0.5,0.3,0.2,49533.3,-6037.39,-0.12188547906156061,0.040000000000000036,0.8,1060,0.75177304964539,0.9376507301814849,1.3003301886792453,-7079.68,1466.4,35.13,-4.281836879432625,1,Cluster 1,21.17,Low Potential,Optimize,83.33,10.49,26.19,16.67,33.18,1.3710806873372752,-3.1343157083001585,0
25527,Spice Grill,Indian,Ghost Kitchen,CBD,0.99,29.81,1215,100,558,334,223,2981.0,16633.98,9956.54,6647.63,0.291537891677581,0.346242103877012,0.33,9,2.66,593.18,1079.78,535.95,320.8,1814.72,0.09,0.5,0.3,0.2,36219.15,3751.25,0.1035709010288756,-0.010000000000000009,0.8,1115,0.9176954732510288,0.637779995554593,8.137757847533633,856.75,1202.85,29.810000000000002,3.087448559670782,0,Cluster 0,33.49,Low Potential,Rebalance Channels,0.0,50.82,62.4,16.67,38.69,-1.3807319165689493,-0.3568810050781702,1
25529,Royal Corner,Indian,Ghost Kitchen,North Shore,1.03,41.16,803,59,372,223,149,2428.44,15311.52,9178.68,6132.84,0.299616751808207,0.211486971308477,0.27,8,2.36,351.64,1187.26,3351.63,2009.18,2646.68,0.08,0.5,0.3,0.2,33051.479999999996,9194.75,0.27819480398457197,0.030000000000000027,0.8,744,0.9265255292652553,0.511103723116684,17.762953020134226,5360.81,827.09,41.16,11.45049813200498,0,Cluster 0,60.94,High Potential,Rebalance Channels,66.67,85.64,83.63,16.67,24.25,-2.636798383017216,1.4092191011100506,1
25653,Bombay Diner,Indian,Cafe,West Auckland,1.04,42.85,1307,118,594,357,238,5056.3,25452.9,15297.45,10198.3,0.236813329514116,0.448022896400653,0.3,13,3.84,913.92,1593.56,385.96,231.97,2300.21,0.1,0.5,0.3,0.2,56004.95,4511.7,0.08055895059276011,0.040000000000000036,0.8,1189,0.909716908951798,0.684836225914769,9.664747899159664,617.93,1359.28,42.849999999999994,3.4519510328997702,0,Cluster 0,53.04,Moderate Potential,Rebalance Channels,83.33,48.21,48.48,16.67,53.06,-1.1118119733310192,-0.47756960990951536,1
25249,Royal Bistro,Indian,Ghost Kitchen,CBD,0.99,39.39,924,35,444,267,178,1378.65,17489.16,10517.13,7011.42,0.253348798234947,0.216099488758482,0.29,8,2.36,420.08,731.45,4207.05,2529.91,3299.84,0.04,0.5,0.3,0.2,36396.36,10768.25,0.29586063001904583,-0.010000000000000009,0.8,889,0.9621212121212122,0.469448286993429,18.538426966292135,6736.96,914.76,39.39,11.653950216450216,0,Cluster 0,46.64,Moderate Potential,Rebalance Channels,0.0,88.29,90.05,16.67,27.07,-2.9388305038713796,1.7061226722150333,1
26355,Bombay Tavern,Indian,QSR,South Auckland,1.05,41.78,1015,83,466,280,186,3467.74,19469.48,11698.4,7771.08,0.246575072649866,0.444968266342767,0.3,9,2.66,494.76,1069.65,164.65,98.93,1902.28,0.09,0.5,0.3,0.2,42406.700000000004,3235.51,0.07629714172524624,0.050000000000000044,0.8,932,0.9182266009852217,0.691543338992633,10.227311827956989,263.58000000000004,1065.75,41.78,3.1876945812807884,0,Cluster 0,55.28,Moderate Potential,Rebalance Channels,100.0,47.28,54.12,16.67,34.27,-1.2755109228605286,-0.46547678563999534,1
26220,Curry Kitchen,Indian,Ghost Kitchen,South Auckland,1.05,35.44,779,44,368,220,147,1559.36,13041.92,7796.8,5209.68,0.281491469475441,0.243780029506888,0.31,10,2.95,433.65,740.27,2148.38,1284.36,2039.53,0.06,0.5,0.3,0.2,27607.760000000002,6212.54,0.22502876002978872,0.050000000000000044,0.8,735,0.9435173299101413,0.525271498982329,13.874353741496599,3432.74,817.95,35.440000000000005,7.975019255455712,0,Cluster 0,65.86,High Potential,Rebalance Channels,100.0,73.78,78.11,16.67,28.62,-2.5110493239389573,1.042100071025049,1
26343,Bombay Eatery,Indian,Cafe,West Auckland,1.04,46.26,1248,113,568,340,227,5227.38,26275.68,15728.4,10501.02,0.229213522300124,0.383410140825436,0.32,3,0.89,202.03,2024.96,1770.36,1059.72,3865.82,0.1,0.5,0.3,0.2,57732.479999999996,8720.86,0.15105638974802402,0.040000000000000036,0.8,1135,0.9094551282051282,0.61262366312556,17.03004405286344,2830.08,1297.92,46.26,6.987868589743591,0,Cluster 0,58.38,Moderate Potential,Rebalance Channels,83.33,62.48,76.29,16.67,27.75,-1.6790506121270328,0.43438679000480973,1
25413,Spice Corner,Indian,QSR,North Shore,1.03,35.51,1036,85,476,285,190,3018.35,16902.76,10120.35,6746.9,0.270123976953328,0.39869734775275,0.29,12,3.54,672.6,999.61,696.03,416.74,1561.83,0.09,0.5,0.3,0.2,36788.36,3674.21,0.09987425370416077,0.030000000000000027,0.8,951,0.917953667953668,0.668821324706078,8.220157894736841,1112.77,1067.08,35.51,3.546534749034749,0,Cluster 0,48.63,Moderate Potential,Rebalance Channels,66.67,50.94,52.64,16.67,41.32,-1.3603688314868772,-0.40915389337424246,1
25241,Spice Cafe,Indian,Cafe,West Auckland,1.04,36.05,1082,98,492,295,197,3532.9,17736.6,10634.75,7101.85,0.237527791466564,0.385684497049078,0.27,7,2.07,407.79,1331.15,1894.05,1135.66,2268.1,0.1,0.5,0.3,0.2,39006.1,6628.959999999999,0.16994675191828967,0.040000000000000036,0.8,984,0.9094269870609981,0.6232122885156419,11.513197969543146,3029.71,1125.28,36.05,6.126580406654343,0,Cluster 0,57.63,Moderate Potential,Rebalance Channels,83.33,63.86,67.99,16.67,31.52,-1.6937470764308256,0.28310047815888906,1
25172,Curry Cafe,Indian,QSR,South Auckland,1.05,38.45,736,96,320,192,128,3691.2,12304.0,7382.4,4921.6,0.270904502365738,0.417298921640031,0.29,14,4.13,528.64,1150.9,268.19,160.91,1005.9,0.15,0.5,0.3,0.2,28299.199999999997,2585.9,0.09137714140329056,0.050000000000000044,0.8,640,0.8695652173913043,0.6882034240057691,7.85859375,429.1,772.8000000000001,38.449999999999996,3.513451086956522,0,Cluster 0,54.68,Moderate Potential,Rebalance Channels,100.0,49.75,46.32,16.67,36.5,-1.195776356357973,-0.5496210087764869,1
25658,Royal Corner,Indian,QSR,West Auckland,1.04,38.33,1527,163,682,409,273,6247.79,26141.06,15676.97,10464.09,0.258398265130818,0.434100412181579,0.33,12,3.54,966.42,1921.2,-588.14,-352.71,2251.3,0.12,0.5,0.3,0.2,58529.91,3231.65,0.0552136505933462,0.040000000000000036,0.8,1364,0.8932547478716437,0.692498677312397,8.246520146520147,-940.8499999999999,1588.0800000000002,38.330000000000005,2.11633922724296,0,Cluster 0,52.6,Moderate Potential,Rebalance Channels,83.33,42.99,48.99,16.67,58.1,-0.808081462380531,-0.7393555211705989,1
25498,Bombay Cafe,Indian,QSR,West Auckland,1.04,39.69,521,51,235,141,94,2024.19,9327.15,5596.29,3730.86,0.274428322520107,0.380519689712673,0.3,16,4.72,443.68,698.45,420.21,252.12,843.66,0.11,0.5,0.3,0.2,20678.49,2214.44,0.10708905727642588,0.040000000000000036,0.8,470,0.9021113243761996,0.65494801223278,8.975106382978723,672.3299999999999,541.84,39.690000000000005,4.250364683301344,0,Cluster 0,51.23,Moderate Potential,Rebalance Channels,83.33,52.86,48.11,16.67,33.72,-1.6262184785714344,-0.28016250074458554,1
26307,Royal Bistro,Indian,QSR,North Shore,1.03,44.21,1113,128,492,296,197,5658.88,21751.32,13086.16,8709.37,0.230345903355628,0.364702064264566,0.28,16,4.72,929.84,2291.57,2717.87,1635.14,2597.04,0.13,0.5,0.3,0.2,49205.73,9241.62,0.1878159311933793,0.030000000000000027,0.8,985,0.8849955076370171,0.595047967620194,13.182944162436549,4353.01,1146.39,44.21,8.3033423180593,0,Cluster 0,55.92,Moderate Potential,Rebalance Channels,66.67,69.21,57.34,16.67,53.2,-1.719782940803539,0.47011237460664845,1
25904,Curry House,Indian,Cafe,North Shore,1.03,46.2,729,89,320,192,128,4111.8,14784.0,8870.4,5913.6,0.223754715193063,0.351077149086632,0.27,10,2.95,377.6,1748.21,2294.01,1376.4,2136.67,0.14,0.5,0.3,0.2,33679.799999999996,7555.290000000001,0.22432704469741513,0.030000000000000027,0.8,640,0.877914951989026,0.574831864279695,16.692734375,3670.4100000000003,750.87,46.199999999999996,10.363909465020578,0,Cluster 0,56.46,Moderate Potential,Rebalance Channels,66.67,76.91,70.47,16.67,26.46,-2.092664669969229,0.8773646237880796,1
25541,Bombay House,Indian,Full-service,West Auckland,1.04,44.89,1880,466,707,424,283,20918.74,31737.23,19033.36,12703.87,0.397120364184957,0.530960218934342,0.29,3,0.89,251.87,1504.46,-6921.27,-4150.81,661.78,0.33,0.5,0.3,0.2,84393.2,-8905.84,-0.10552793353018965,0.040000000000000036,0.8,1414,0.752127659574468,0.928080583119299,2.338445229681979,-11072.080000000002,1955.2,44.89,-4.737148936170213,1,Cluster 1,24.23,Low Potential,Optimize,83.33,12.08,27.67,16.67,48.93,1.4889263893769535,-2.9047225017731124,0
25464,Tandoori House,Indian,QSR,CBD,0.99,39.43,1440,118,661,397,264,4652.74,26063.23,15653.71,10409.52,0.232185778021812,0.361282846238464,0.33,14,4.13,1090.32,1891.48,1994.65,1198.0,3141.48,0.09,0.5,0.3,0.2,56779.2,8225.61,0.14487012849775976,-0.010000000000000009,0.8,1322,0.9180555555555555,0.593468624260276,11.899545454545455,3192.65,1425.6,39.43,5.712229166666667,0,Cluster 0,38.3,Low Potential,Rebalance Channels,0.0,59.93,60.92,16.67,57.53,-1.586149253472757,0.18778774138636153,1
26189,Bombay Kitchen,Indian,Full-service,CBD,0.99,36.38,1533,344,594,357,238,12514.72,21609.72,12987.66,8658.44,0.36313044289127,0.454105426743627,0.32,6,1.77,421.26,2287.24,-2965.63,-1782.37,1161.19,0.29,0.5,0.3,0.2,55770.54000000001,-1299.5700000000002,-0.023302087446167814,-0.010000000000000009,0.8,1189,0.7756033920417482,0.817235869634897,4.878949579831933,-4748.0,1517.67,36.38,-0.8477299412915852,1,Cluster 1,8.83,Low Potential,Optimize,0.0,28.41,39.78,16.67,41.83,0.5588133800021353,-2.0639771684773485,0
25531,Bombay Cafe,Indian,Ghost Kitchen,CBD,0.99,43.94,542,40,251,151,100,1757.6,11028.94,6634.94,4394.0,0.258991944452282,0.34667791146785,0.28,3,0.89,89.0,693.07,1260.94,758.57,1643.69,0.08,0.5,0.3,0.2,23815.48,4356.27,0.18291758133785255,-0.010000000000000009,0.8,502,0.9261992619926199,0.605669855920132,16.4369,2019.5100000000002,536.58,43.94,8.03739852398524,0,Cluster 0,35.5,Low Potential,Rebalance Channels,0.0,68.19,77.37,16.67,3.22,-2.1941421555471794,0.5412695175136567,1
26434,Tandoori House,Indian,Full-service,West Auckland,1.04,42.26,1368,299,534,321,214,12635.74,22566.84,13565.46,9043.64,0.39816922203172,0.503868654486723,0.29,14,4.13,883.82,1237.82,-4333.69,-2605.08,2.11,0.28,0.5,0.3,0.2,57811.68,-5698.84,-0.09857592790937748,0.040000000000000036,0.8,1069,0.7814327485380117,0.902037876518443,0.00985981308411215,-6938.7699999999995,1422.72,42.26,-4.165818713450292,1,Cluster 1,23.07,Low Potential,Optimize,83.33,13.79,13.36,16.67,57.44,0.9809853475771879,-2.845152747573755,0
26356,Tandoori House,Indian,Cafe,South Auckland,1.05,34.7,1114,136,489,293,196,4719.2,16968.3,10167.1,6801.2,0.213761024270207,0.355094675603323,0.31,4,1.18,231.28,2034.66,2055.61,1231.69,2701.02,0.14,0.5,0.3,0.2,38655.799999999996,8022.980000000001,0.2075491905483783,0.050000000000000044,0.8,978,0.8779174147217235,0.5688556998735299,13.780714285714286,3287.3,1169.7,34.699999999999996,7.201956912028726,0,Cluster 0,65.27,High Potential,Rebalance Channels,100.0,70.38,81.4,16.67,25.96,-1.859698400606995,0.7756433673853691,1
26195,Bombay Diner,Indian,QSR,West Auckland,1.04,46.48,541,66,238,142,95,3067.68,11062.24,6600.16,4415.6,0.209527668748051,0.381544120237231,0.28,9,2.66,252.7,1254.46,1426.23,850.95,1552.96,0.14,0.5,0.3,0.2,25145.68,5084.6,0.2022057069047248,0.040000000000000036,0.8,475,0.878003696857671,0.591071788985282,16.346947368421052,2277.1800000000003,562.64,46.480000000000004,9.398521256931609,0,Cluster 0,58.12,Moderate Potential,Rebalance Channels,83.33,72.63,69.6,16.67,18.06,-2.081516995579918,0.7400486292205665,1
25414,Bombay House,Indian,Cafe,South Auckland,1.05,42.96,724,71,326,196,131,3050.16,14004.96,8420.16,5627.76,0.267001802045852,0.434160264069214,0.29,7,2.07,271.17,911.5,123.77,74.42,1410.62,0.11,0.5,0.3,0.2,31103.04,2520.31,0.08103098603866374,0.050000000000000044,0.8,653,0.9019337016574586,0.7011620661150659,10.768091603053435,198.19,760.2,42.96,3.4810911602209944,0,Cluster 0,53.74,Moderate Potential,Rebalance Channels,100.0,48.31,55.97,16.67,19.76,-1.3310038038581018,-0.4753117731968746,1
26316,Tandoori House,Indian,QSR,West Auckland,1.04,37.83,920,98,411,247,164,3707.34,15548.13,9344.01,6204.12,0.25334801800549,0.419729889649898,0.27,3,0.89,145.96,1212.01,885.03,531.88,1882.3,0.12,0.5,0.3,0.2,34803.600000000006,4511.22,0.1296193497224425,0.040000000000000036,0.8,822,0.8934782608695652,0.673077907655388,11.477439024390243,1416.9099999999999,956.8000000000001,37.830000000000005,4.9035,0,Cluster 0,53.44,Moderate Potential,Rebalance Channels,83.33,56.78,66.97,16.67,16.76,-1.422185736195582,-0.12581094051600372,1
26521,Spice Bistro,Indian,Full-service,CBD,0.99,33.18,684,118,283,170,113,3915.24,9389.94,5640.6,3749.34,0.397654449287802,0.52349210686516,0.27,12,3.54,400.02,308.73,-1794.85,-1078.18,-104.37,0.21,0.5,0.3,0.2,22695.12,-2668.67,-0.11758783386031887,-0.010000000000000009,0.8,566,0.827485380116959,0.921146556152962,-0.9236283185840708,-2873.0299999999997,677.16,33.18,-3.90156432748538,1,Cluster 1,0.0,Low Potential,Optimize,0.0,11.59,13.75,16.67,28.75,0.5320721017476445,-3.1114270518255784,0
26603,Bombay Corner,Indian,QSR,CBD,0.99,35.86,510,50,230,138,92,1793.0,8247.8,4948.68,3299.12,0.230855272579938,0.391676743910648,0.29,17,5.02,461.84,676.8,721.42,432.85,783.47,0.11,0.5,0.3,0.2,18288.6,2614.54,0.14296009535995102,-0.010000000000000009,0.8,460,0.9019607843137255,0.622532016490586,8.515978260869565,1154.27,504.9,35.86,5.126549019607843,0,Cluster 0,32.73,Low Potential,Rebalance Channels,0.0,58.88,51.41,16.67,34.87,-1.8333792388870103,-0.03137676380456764,1
26117,Royal Kitchen,Indian,Cafe,West Auckland,1.04,41.08,829,61,384,230,154,2505.88,15774.72,9448.4,6326.32,0.257478479593992,0.428336122329347,0.32,5,1.48,227.92,787.31,-91.72,-54.94,1759.72,0.08,0.5,0.3,0.2,34055.32,2400.37,0.07048443532464237,0.040000000000000036,0.8,768,0.9264173703256936,0.685814601923339,11.426753246753247,-146.66,862.1600000000001,41.08,2.8955006031363086,0,Cluster 0,49.95,Moderate Potential,Rebalance Channels,83.33,46.1,61.67,16.67,18.38,-1.4305912613393759,-0.4285556875201376,1
26443,Royal Grill,Indian,QSR,West Auckland,1.04,41.06,604,74,265,159,106,3038.44,10880.9,6528.54,4352.36,0.242207907643169,0.406961579597555,0.29,6,1.77,187.62,1065.98,661.89,397.13,1339.32,0.14,0.5,0.3,0.2,24800.24,3464.3199999999997,0.13968897075189593,0.040000000000000036,0.8,530,0.8774834437086093,0.649169487240724,12.635094339622642,1059.02,628.16,41.06,5.735629139072847,0,Cluster 0,53.26,Moderate Potential,Rebalance Channels,83.33,59.26,65.68,16.67,13.17,-1.6375781762918111,0.060942753128071236,1
26160,Bombay Eatery,Indian,QSR,West Auckland,1.04,33.41,1183,107,538,323,215,3574.87,17974.58,10791.43,7183.15,0.232417965270579,0.427618041518144,0.3,11,3.25,698.75,1215.33,718.34,431.27,1743.26,0.1,0.5,0.3,0.2,39524.03,4108.2,0.10394182981846739,0.040000000000000036,0.8,1076,0.9095519864750634,0.660036006788723,8.108186046511628,1149.6100000000001,1230.32,33.41,3.472696534234996,0,Cluster 0,53.94,Moderate Potential,Rebalance Channels,83.33,51.39,55.64,16.67,44.24,-1.3009553102167712,-0.32039511941635035,1
25717,Royal Grill,Indian,QSR,South Auckland,1.05,45.7,477,51,213,128,85,2330.7,9734.1,5849.6,3884.5,0.212917431108654,0.399524376844056,0.3,16,4.72,401.2,903.28,852.3,512.18,1104.27,0.12,0.5,0.3,0.2,21798.9,3372.0299999999997,0.15468808059122247,0.050000000000000044,0.8,426,0.8930817610062893,0.61244180795271,12.991411764705882,1364.48,500.85,45.7,7.0692452830188675,0,Cluster 0,59.06,Moderate Potential,Rebalance Channels,100.0,63.08,54.66,16.67,32.4,-1.9497142252706179,0.3259686979135087,1
25232,Bombay Eatery,Indian,Cafe,South Auckland,1.05,37.27,1282,137,572,344,229,5105.99,21318.44,12820.88,8534.83,0.20594270337373,0.386056850175373,0.27,3,0.89,203.81,2083.25,2941.95,1769.29,3278.4,0.12,0.5,0.3,0.2,47780.14,10072.89,0.2108175070227923,0.050000000000000044,0.8,1145,0.8931357254290172,0.5919995535491029,14.316157205240176,4711.24,1346.1000000000001,37.269999999999996,7.857168486739469,0,Cluster 0,65.72,High Potential,Rebalance Channels,100.0,71.71,79.47,16.67,29.31,-1.7792192350230658,0.7352245793293686,1
25140,Bombay Diner,Indian,Cafe,North Shore,1.03,32.52,1553,166,694,416,277,5398.32,22568.88,13528.32,9008.04,0.225263445768505,0.436142187612131,0.32,16,4.72,1307.44,1827.84,419.65,251.55,1742.63,0.12,0.5,0.3,0.2,50503.560000000005,4241.67,0.08398754464041742,0.030000000000000027,0.8,1387,0.8931101094655506,0.661405633380636,6.291083032490975,671.2,1599.5900000000001,32.52,2.731274951706375,0,Cluster 0,50.68,Moderate Potential,Rebalance Channels,66.67,47.7,47.11,16.67,67.81,-0.9537592172367135,-0.5476450215400517,1
26164,Curry Grill,Indian,QSR,North Shore,1.03,31.37,873,100,386,232,155,3137.0,12108.82,7277.84,4862.35,0.259665309526026,0.369944427441806,0.32,15,4.43,686.65,1161.91,610.17,366.73,1114.32,0.13,0.5,0.3,0.2,27386.010000000002,3253.13,0.11878802352003814,0.030000000000000027,0.8,773,0.8854524627720504,0.629609736967832,7.1891612903225806,976.9,899.19,31.37,3.7263802978235967,0,Cluster 0,49.77,Moderate Potential,Rebalance Channels,66.67,53.73,53.65,16.67,42.91,-1.4712069012948417,-0.22275613390070348,1
25925,Curry Eatery,Indian,Full-service,South Auckland,1.05,34.14,939,199,370,222,148,6793.86,12631.8,7579.08,5052.72,0.39551515551284,0.487487742677331,0.31,14,4.13,611.24,794.86,-2437.97,-1462.78,-20.09,0.27,0.5,0.3,0.2,32057.46,-3125.9799999999996,-0.09751178040930253,0.050000000000000044,0.8,740,0.7880724174653887,0.883002898190171,-0.13574324324324324,-3900.75,985.95,34.14,-3.3290521831735886,1,Cluster 1,26.03,Low Potential,Optimize,100.0,15.06,16.29,16.67,43.37,0.6770116892152054,-2.798770513319754,0
26167,Curry Diner,Indian,Full-service,CBD,0.99,43.66,579,115,232,139,93,5020.9,10129.12,6068.74,4060.38,0.352826336480211,0.491792073030956,0.27,5,1.48,137.64,780.16,-1160.98,-695.59,493.27,0.25,0.5,0.3,0.2,25279.140000000003,-583.1400000000001,-0.02306803158651758,-0.010000000000000009,0.8,464,0.8013816925734024,0.8446184095111671,5.303978494623656,-1856.5700000000002,573.21,43.660000000000004,-1.0071502590673578,1,Cluster 1,3.36,Low Potential,Optimize,0.0,28.23,37.2,16.67,9.07,-0.013751905288553008,-2.0018552837196784,0
25224,Royal Eatery,Indian,Full-service,North Shore,1.03,37.35,495,68,214,128,85,2539.8,7992.9,4780.8,3174.75,0.357295493758284,0.467094982112758,0.28,6,1.77,150.45,446.01,-834.38,-499.07,407.07,0.16,0.5,0.3,0.2,18488.25,-480.37000000000006,-0.025982448311765584,0.030000000000000027,0.8,427,0.8626262626262626,0.8243904758710421,4.789058823529412,-1333.45,509.85,37.35,-0.9704444444444446,1,Cluster 1,20.28,Low Potential,Optimize,66.67,27.89,38.67,16.67,9.36,-0.4416816930198589,-1.863352322691044,0
25037,Curry Cafe,Indian,Full-service,South Auckland,1.05,40.68,745,129,308,185,123,5247.72,12529.44,7525.8,5003.64,0.35157133321045,0.505617403937504,0.3,3,0.89,109.47,749.43,-1969.49,-1182.97,605.11,0.21,0.5,0.3,0.2,30306.6,-1797.9199999999996,-0.0593243715890268,0.050000000000000044,0.8,616,0.8268456375838926,0.857188737147954,4.91959349593496,-3152.46,782.25,40.68,-2.4133154362416103,1,Cluster 1,27.25,Low Potential,Optimize,100.0,21.45,38.6,16.67,11.14,0.054866975723316544,-2.1360680409176394,0
25765,Spice Tavern,Indian,Cafe,North Shore,1.03,45.94,940,85,428,256,171,3904.9,19662.32,11760.64,7855.74,0.215756895765662,0.380736278975382,0.32,11,3.25,555.75,1575.65,1641.94,982.09,2614.09,0.1,0.5,0.3,0.2,43183.6,6813.77,0.15778605767004142,0.030000000000000027,0.8,855,0.9095744680851063,0.596493174741044,15.287076023391814,2624.03,968.2,45.94,7.248691489361702,0,Cluster 0,53.56,Moderate Potential,Rebalance Channels,66.67,63.74,65.43,16.67,35.8,-1.8818569151322047,0.4552427746679152,1
25483,Royal Tavern,Indian,QSR,West Auckland,1.04,38.27,1247,143,552,331,221,5472.61,21125.04,12667.37,8457.67,0.203215983435512,0.438703704439104,0.28,15,4.43,979.03,1959.63,1649.45,989.07,2049.5,0.13,0.5,0.3,0.2,47722.69,6647.65,0.13929747044854343,0.040000000000000036,0.8,1104,0.8853247794707297,0.6419196878746161,9.273755656108598,2638.52,1296.88,38.27,5.330914194065757,0,Cluster 0,56.71,Moderate Potential,Rebalance Channels,83.33,58.66,51.76,16.67,55.72,-1.3265788346490401,-0.04198970306358196,1
26173,Tandoori Tavern,Indian,Full-service,West Auckland,1.04,32.17,1292,250,521,313,208,8042.5,16760.57,10069.21,6691.36,0.350175797578413,0.4505512092961,0.31,18,5.31,1104.48,1602.65,-1855.85,-1114.93,228.93,0.24,0.5,0.3,0.2,41563.64,-1139.1999999999998,-0.0274085715303087,0.040000000000000036,0.8,1042,0.8065015479876161,0.8007270068745129,1.100625,-2970.7799999999997,1343.68,32.17,-0.8817337461300309,1,Cluster 1,29.38,Low Potential,Optimize,83.33,27.81,22.3,16.67,64.23,0.25433316975209797,-2.0624820380199878,0
25122,Curry Diner,Indian,QSR,North Shore,1.03,40.45,738,54,342,205,137,2184.3,13833.9,8292.25,5541.65,0.235941641144454,0.388585654064082,0.28,4,1.18,161.66,820.15,1320.76,791.68,1919.08,0.08,0.5,0.3,0.2,29852.1,4851.67,0.1625235745558939,0.030000000000000027,0.8,684,0.926829268292683,0.624527295208536,14.007883211678832,2112.44,760.14,40.449999999999996,6.574078590785908,0,Cluster 0,51.51,Moderate Potential,Rebalance Channels,66.67,63.47,72.82,16.67,12.76,-1.9578850901808589,0.3591359136739283,1
26618,Bombay Cafe,Indian,Cafe,South Auckland,1.05,38.44,1488,110,689,413,276,4228.4,26485.16,15875.72,10609.44,0.268565887566656,0.377184153255075,0.27,6,1.77,488.52,1497.91,2231.37,1337.53,3269.87,0.08,0.5,0.3,0.2,57198.72,8336.68,0.1457494153715328,0.050000000000000044,0.8,1378,0.9260752688172043,0.6457500408217309,11.847355072463767,3568.8999999999996,1562.4,38.44,5.60260752688172,0,Cluster 0,62.21,High Potential,Rebalance Channels,100.0,59.9,66.21,16.67,43.28,-1.4171737146105836,0.07341632276793737,1
26093,Tandoori Eatery,Indian,QSR,South Auckland,1.05,33.07,1155,123,516,310,206,4067.61,17064.12,10251.7,6812.42,0.262764566894621,0.408146005356684,0.28,16,4.72,972.32,1338.61,837.67,503.25,1269.58,0.12,0.5,0.3,0.2,38195.85,3949.1099999999997,0.10339107520843233,0.050000000000000044,0.8,1032,0.8935064935064935,0.670910572251305,6.163009708737864,1340.92,1212.75,33.07,3.419142857142857,0,Cluster 0,57.74,Moderate Potential,Rebalance Channels,100.0,51.24,45.65,16.67,55.34,-1.1605426180460328,-0.4822361332266187,1
26217,Royal Diner,Indian,Cafe,CBD,0.99,36.58,1568,180,694,416,278,6584.4,25386.52,15217.28,10169.24,0.264601591229439,0.371882021101192,0.32,18,5.31,1476.18,2393.54,1104.73,662.2,2220.51,0.13,0.5,0.3,0.2,57357.439999999995,6380.9800000000005,0.11124938630454917,-0.010000000000000009,0.8,1388,0.8852040816326531,0.636483612330631,7.987446043165469,1766.93,1552.32,36.58,4.069502551020409,0,Cluster 0,35.96,Low Potential,Rebalance Channels,0.0,53.18,47.62,16.67,70.95,-1.0676531225386436,-0.3687580914984282,1
26379,Curry Grill,Indian,QSR,CBD,0.99,31.34,993,73,460,276,184,2287.82,14416.4,8649.84,5766.56,0.245203241035342,0.415356773347594,0.32,4,1.18,217.12,776.58,280.25,168.15,1740.28,0.08,0.5,0.3,0.2,31120.620000000003,2965.26,0.09528280606234708,-0.010000000000000009,0.8,920,0.9264853977844915,0.660560014382936,9.458043478260869,448.4,983.0699999999999,31.340000000000003,2.986163141993958,0,Cluster 0,31.34,Low Potential,Rebalance Channels,0.0,49.56,67.26,16.67,19.94,-1.4631442626825233,-0.3639840258416054,1
26339,Bombay Bistro,Indian,Full-service,North Shore,1.03,34.39,1525,243,641,385,256,8356.77,22043.99,13240.15,8803.84,0.387624009046704,0.504016867070459,0.29,12,3.54,906.24,905.53,-4004.09,-2404.95,47.74,0.19,0.5,0.3,0.2,52444.75,-5455.77,-0.10402890661124327,0.030000000000000027,0.8,1282,0.8406557377049181,0.891640876117163,0.186484375,-6409.04,1570.75,34.39,-3.577554098360656,1,Cluster 1,19.92,Low Potential,Optimize,66.67,13.85,18.3,16.67,57.54,0.7202474079886461,-2.825777433622795,0
25654,Tandoori Diner,Indian,Cafe,West Auckland,1.04,31.99,1068,97,486,291,194,3103.03,15547.14,9309.09,6206.06,0.237178952991962,0.356937468727119,0.29,7,2.07,401.58,1259.47,1801.66,1078.77,2117.36,0.1,0.5,0.3,0.2,34165.32,6257.26,0.1831465357268716,0.040000000000000036,0.8,971,0.9091760299625468,0.5941164217190811,10.914226804123713,2880.4300000000003,1110.72,31.99,5.858857677902622,0,Cluster 0,58.81,Moderate Potential,Rebalance Channels,83.33,65.28,72.47,16.67,31.06,-1.834316696879597,0.4478333260340121,1
26504,Curry Eatery,Indian,QSR,North Shore,1.03,36.31,577,57,260,156,104,2069.67,9440.6,5664.36,3776.24,0.216596445627511,0.41146137160249,0.31,9,2.66,276.64,769.8,584.77,350.86,1127.9,0.11,0.5,0.3,0.2,20950.870000000003,2833.33,0.1352368660585455,0.030000000000000027,0.8,520,0.901213171577123,0.628057817230001,10.845192307692308,935.63,594.3100000000001,36.31,4.910450606585789,0,Cluster 0,49.2,Moderate Potential,Rebalance Channels,66.67,57.55,63.9,16.67,19.08,-1.8097796588165458,0.08651409954990863,1
25129,Curry Grill,Indian,QSR,CBD,0.99,38.31,1141,94,524,314,209,3601.14,20074.44,12029.34,8006.79,0.243215436525643,0.364218128984794,0.31,12,3.54,739.86,1413.69,1657.47,993.22,2403.34,0.09,0.5,0.3,0.2,43711.71,6467.72,0.1479630973027594,-0.010000000000000009,0.8,1047,0.9176161262050833,0.607433565510437,11.499234449760767,2650.69,1129.59,38.31,5.668466257668712,0,Cluster 0,36.49,Low Potential,Rebalance Channels,0.0,60.28,62.1,16.67,43.33,-1.6906184757994709,0.14489697286801817,1
25576,Royal Eatery,Indian,Full-service,South Auckland,1.05,32.82,972,162,405,243,162,5316.84,13292.1,7975.26,5316.84,0.365593245369382,0.466789780044928,0.31,5,1.48,239.76,891.19,-1892.57,-1135.54,651.43,0.2,0.5,0.3,0.2,31901.040000000005,-1485.4900000000002,-0.046565566514445926,0.050000000000000044,0.8,810,0.8333333333333334,0.83238302541431,4.021172839506172,-3028.1099999999997,1020.6,32.82000000000001,-1.5282818930041155,1,Cluster 1,29.93,Low Potential,Optimize,100.0,24.36,39.08,16.67,23.48,0.05289047641037611,-2.090562662951674,0
25940,Tandoori Tavern,Indian,QSR,North Shore,1.03,35.57,1250,92,579,347,232,3272.44,20595.03,12342.79,8252.24,0.207861272022128,0.442930857324973,0.31,13,3.84,890.88,1142.76,807.49,483.93,1990.87,0.08,0.5,0.3,0.2,44462.49999999999,4425.049999999999,0.09952319370255834,0.030000000000000027,0.8,1158,0.9264,0.6507921293471011,8.581336206896552,1291.42,1287.5,35.56999999999999,3.5400399999999994,0,Cluster 0,50.25,Moderate Potential,Rebalance Channels,66.67,50.88,53.72,16.67,50.75,-1.3757024346196935,-0.2670538907431468,1
26587,Royal Tavern,Indian,Full-service,CBD,0.99,37.81,1420,344,538,323,215,13006.64,20341.78,12212.63,8129.15,0.365858716669027,0.45858717050869,0.32,8,2.36,507.4,2283.37,-2938.29,-1764.06,919.71,0.32,0.5,0.3,0.2,53690.2,-1499.27,-0.02792446293737032,-0.010000000000000009,0.8,1076,0.7577464788732394,0.8244458871777169,4.277720930232558,-4702.35,1405.8,37.809999999999995,-1.0558239436619719,1,Cluster 1,7.88,Low Potential,Optimize,0.0,27.51,35.33,16.67,42.9,0.6578290063637741,-2.156218674025164,0
25497,Tandoori Bistro,Indian,QSR,West Auckland,1.04,43.04,502,49,226,136,91,2108.96,9727.04,5853.44,3916.64,0.253577317465097,0.416559277498163,0.28,15,4.43,403.13,695.67,485.02,291.87,888.83,0.11,0.5,0.3,0.2,21606.079999999998,2361.39,0.10929284719856633,0.040000000000000036,0.8,453,0.9023904382470119,0.6701365949632601,9.767362637362638,776.89,522.08,43.04,4.703964143426295,0,Cluster 0,50.87,Moderate Potential,Rebalance Channels,83.33,53.77,47.41,16.67,30.75,-1.6048096784841053,-0.2697745398205585,1
25619,Spice Bistro,Indian,Ghost Kitchen,North Shore,1.03,37.79,1134,74,530,318,212,2796.46,20028.7,12017.22,8011.48,0.280480350507423,0.24037831450114,0.3,4,1.18,250.16,1339.9,3587.97,2152.78,3588.47,0.07,0.5,0.3,0.2,42853.86,10669.119999999999,0.2489652040679649,0.030000000000000027,0.8,1060,0.9347442680776014,0.5208586650085629,16.926745283018867,5740.75,1168.02,37.79,9.408395061728394,0,Cluster 0,60.55,High Potential,Rebalance Channels,66.67,78.94,88.8,16.67,25.9,-2.402916349712654,1.2353029164457285,1
25702,Tandoori Grill,Indian,QSR,North Shore,1.03,41.99,658,54,302,181,121,2267.46,12680.98,7600.19,5080.79,0.243614952657372,0.354848248395137,0.31,11,3.25,393.25,910.47,1160.78,695.7,1646.87,0.09,0.5,0.3,0.2,27629.42,4413.82,0.15975072947604402,0.030000000000000027,0.8,604,0.9179331306990881,0.598463201052509,13.610495867768595,1856.48,677.74,41.989999999999995,6.707933130699088,0,Cluster 0,51.98,Moderate Potential,Rebalance Channels,66.67,63.28,65.13,16.67,26.44,-2.034220498022743,0.39729947179932307,1
25621,Royal Tavern,Indian,Ghost Kitchen,West Auckland,1.04,43.04,494,14,240,144,96,602.56,10329.6,6197.76,4131.84,0.255894589831587,0.205308423144743,0.31,17,5.02,481.92,324.66,2363.38,1418.03,1744.3,0.03,0.5,0.3,0.2,21261.76,5850.37,0.2751592530439625,0.040000000000000036,0.8,480,0.97165991902834,0.46120301297633004,18.169791666666665,3781.41,513.76,43.04,11.842854251012145,0,Cluster 0,65.3,High Potential,Rebalance Channels,83.33,85.76,76.27,16.67,35.15,-3.164705246310932,1.6836975398747887,1
26229,Bombay Corner,Indian,Full-service,CBD,0.99,41.17,1023,259,382,229,153,10663.03,15726.94,9427.93,6299.01,0.384577803127468,0.502161127631553,0.3,10,2.95,451.35,1207.71,-2936.83,-1760.56,262.08,0.34,0.5,0.3,0.2,42116.91,-3227.6,-0.07663430199413963,-0.010000000000000009,0.8,764,0.7468230694037146,0.886738930759021,1.7129411764705882,-4697.389999999999,1012.77,41.17,-3.155034213098729,1,Cluster 1,1.74,Low Potential,Optimize,0.0,18.11,22.39,16.67,34.9,0.9019941396827548,-2.7202537911739344,0
26351,Bombay Kitchen,Indian,QSR,CBD,0.99,42.78,655,75,290,174,116,3208.5,12406.2,7443.72,4962.48,0.230082014799118,0.373872275324538,0.32,15,4.43,513.88,1270.71,943.44,566.06,1451.49,0.13,0.5,0.3,0.2,28020.9,4231.7,0.15101941764896915,-0.010000000000000009,0.8,580,0.8854961832061069,0.603954290123656,12.512844827586207,1509.5,648.45,42.78,6.460610687022901,0,Cluster 0,34.69,Low Potential,Rebalance Channels,0.0,61.77,57.61,16.67,34.83,-1.822562724580248,0.1980926101955619,1
26109,Royal House,Indian,Ghost Kitchen,West Auckland,1.04,45.81,1247,113,567,340,227,5176.53,25974.27,15575.4,10398.87,0.288132431264967,0.215756261278875,0.33,5,1.48,335.96,2568.14,4314.62,2587.25,4823.04,0.1,0.5,0.3,0.2,57125.07,14293.05,0.25020625795294427,0.040000000000000036,0.8,1134,0.909382518043304,0.503888692543842,21.246872246696036,6901.87,1296.88,45.81,11.461948676824377,0,Cluster 0,66.61,High Potential,Rebalance Channels,83.33,81.88,89.72,16.67,32.39,-2.3388344183399186,1.3980996934219483,1
25261,Royal Diner,Indian,Ghost Kitchen,South Auckland,1.05,32.48,1288,84,602,361,241,2728.32,19552.96,11725.28,7827.68,0.268672183249146,0.212484299775679,0.29,7,2.07,498.87,1415.57,4474.57,2683.25,3562.47,0.07,0.5,0.3,0.2,41834.24,12135.859999999999,0.29009395174861546,0.050000000000000044,0.8,1204,0.9347826086956522,0.481156483024825,14.782033195020746,7157.82,1352.4,32.48,9.42225155279503,0,Cluster 0,72.43,High Potential,Rebalance Channels,100.0,84.5,89.88,16.67,38.84,-2.553384407620608,1.5706392918325678,1
26395,Royal Diner,Indian,Cafe,North Shore,1.03,45.44,816,60,378,227,151,2726.4,17176.32,10314.88,6861.44,0.275416014790535,0.42073417454958,0.29,3,0.89,134.39,828.42,237.89,142.86,1950.46,0.08,0.5,0.3,0.2,37079.04,3159.63,0.08521337121996686,0.030000000000000027,0.8,756,0.9264705882352942,0.696150189340115,12.916953642384106,380.75,840.48,45.44,3.872095588235294,0,Cluster 0,46.15,Moderate Potential,Rebalance Channels,66.67,49.41,63.42,16.67,13.01,-1.4531229539007933,-0.35969706963319287,1
25020,Bombay Corner,Indian,Ghost Kitchen,South Auckland,1.05,44.46,1142,94,524,314,210,4179.24,23297.04,13960.44,9336.6,0.29728110745782,0.28438880398171,0.27,12,3.54,743.4,1748.3,3455.65,2070.75,3162.38,0.09,0.5,0.3,0.2,50773.32,10437.08,0.20556229137665213,0.050000000000000044,0.8,1048,0.9176882661996497,0.5816699114395301,15.058952380952382,5526.4,1199.1000000000001,44.46,9.139299474605954,0,Cluster 0,65.73,High Potential,Rebalance Channels,100.0,72.73,66.08,16.67,45.57,-1.9579377995664617,0.6817508566467394,1
25630,Royal Corner,Indian,QSR,CBD,0.99,42.28,648,79,284,171,114,3340.12,12007.52,7229.88,4819.92,0.21846462784335,0.426658635912463,0.27,16,4.72,538.08,1185.33,1019.16,613.65,1172.4,0.14,0.5,0.3,0.2,27397.440000000002,3990.54,0.1456537545113704,-0.010000000000000009,0.8,569,0.8780864197530864,0.645123263755813,10.28421052631579,1632.81,641.52,42.28,6.158240740740741,0,Cluster 0,33.12,Low Potential,Rebalance Channels,0.0,60.63,49.62,16.67,36.94,-1.6005987613289365,-0.06066559063648369,1
25750,Curry House,Indian,Ghost Kitchen,CBD,0.99,40.14,449,21,214,128,86,842.94,8589.96,5137.92,3452.04,0.291667738580145,0.302083383267745,0.29,3,0.89,76.54,342.44,998.57,597.28,1325.85,0.05,0.5,0.3,0.2,18022.86,3264.14,0.1811111000140932,-0.010000000000000009,0.8,428,0.9532293986636972,0.5937511218478899,15.416860465116278,1595.85,444.51,40.14,7.269799554565702,0,Cluster 0,35.11,Low Potential,Rebalance Channels,0.0,66.91,79.2,16.67,0.26,-2.3722702392836092,0.5435254309127255,1
25592,Bombay Corner,Indian,QSR,North Shore,1.03,40.42,921,76,422,254,169,3071.92,17057.24,10266.68,6830.98,0.208839475605637,0.363626535539515,0.32,17,5.02,848.38,1313.35,1834.23,1104.02,2072.1,0.09,0.5,0.3,0.2,37226.82000000001,6323.700000000001,0.169869465079209,0.030000000000000027,0.8,845,0.9174809989142236,0.572466011145152,12.26094674556213,2938.25,948.63,40.42000000000001,6.866123778501629,0,Cluster 0,54.58,Moderate Potential,Rebalance Channels,66.67,64.85,59.12,16.67,49.17,-2.0041500149907985,0.505523974743985,1
26159,Royal Corner,Indian,Cafe,North Shore,1.03,42.43,1620,160,730,438,292,6788.8,30973.9,18584.34,12389.56,0.264138978626579,0.383973315777257,0.28,3,0.89,259.88,2388.9,2226.64,1335.99,4099.85,0.11,0.5,0.3,0.2,68736.6,10051.380000000001,0.14623039254196454,0.030000000000000027,0.8,1460,0.9012345679012346,0.648112294403836,14.040582191780823,3562.63,1668.6000000000001,42.43000000000001,6.204555555555556,0,Cluster 0,54.48,Moderate Potential,Rebalance Channels,66.67,60.77,70.82,16.67,39.7,-1.2596969527238353,0.09511858289577495,1
25187,Curry Kitchen,Indian,QSR,West Auckland,1.04,32.01,685,56,314,189,126,1792.56,10051.14,6049.89,4033.26,0.228754629679024,0.402184822689742,0.32,13,3.84,483.84,661.56,493.11,296.81,1004.68,0.09,0.5,0.3,0.2,21926.85,2456.16,0.11201608986242895,0.040000000000000036,0.8,629,0.9182481751824818,0.6309394523687659,7.973650793650793,789.9200000000001,712.4,32.01,3.5856350364963503,0,Cluster 0,52.68,Moderate Potential,Rebalance Channels,83.33,52.63,56.78,16.67,32.22,-1.7206810615403552,-0.13512966345449115,1
26523,Bombay Eatery,Indian,Full-service,West Auckland,1.04,43.64,1104,191,456,274,183,8335.24,19899.84,11957.36,7986.12,0.390994754375424,0.491138987615705,0.3,7,2.07,378.81,982.44,-3624.43,-2177.84,562.48,0.21,0.5,0.3,0.2,48178.560000000005,-4257.35,-0.08836606988668819,0.040000000000000036,0.8,913,0.8269927536231884,0.882133741991129,3.0736612021857925,-5802.27,1148.16,43.64000000000001,-3.8562952898550726,1,Cluster 1,22.68,Low Potential,Optimize,83.33,15.58,28.08,16.67,32.26,0.43185468828261986,-2.49629915535671,0
25513,Bombay Diner,Indian,Full-service,West Auckland,1.04,44.1,1397,288,554,333,222,12700.8,24431.4,14685.3,9790.2,0.378183438710403,0.486664456594735,0.28,17,5.02,1114.44,1716.54,-3538.84,-2127.13,208.73,0.26,0.5,0.3,0.2,61607.7,-3740.7000000000003,-0.06071805959320021,0.040000000000000036,0.8,1109,0.7938439513242663,0.864847895305138,0.9402252252252252,-5665.97,1452.88,44.1,-2.677666428060129,1,Cluster 1,26.18,Low Potential,Optimize,83.33,20.9,14.06,16.67,65.41,0.6762718017514027,-2.4432135018794163,0
25150,Bombay Kitchen,Indian,Full-service,South Auckland,1.05,43.05,979,163,408,245,163,7017.15,17564.4,10547.25,7017.15,0.350764955207705,0.540549789648503,0.3,11,3.25,529.75,762.66,-3360.33,-2017.84,232.91,0.2,0.5,0.3,0.2,42145.950000000004,-4382.6,-0.10398626677059124,0.050000000000000044,0.8,816,0.8335035750766088,0.891314744856208,1.4288957055214724,-5378.17,1027.95,43.050000000000004,-4.476608784473953,1,Cluster 1,25.32,Low Potential,Optimize,100.0,12.64,19.99,16.67,37.72,0.4145402893512898,-2.610000300720567,0
25393,Tandoori Kitchen,Indian,Full-service,West Auckland,1.04,42.79,1725,263,731,439,292,11253.77,31279.49,18784.81,12494.68,0.383935440494679,0.537415620498359,0.31,3,0.89,259.88,885.1,-7236.54,-4345.89,722.81,0.18,0.5,0.3,0.2,73812.75,-9974.52,-0.1351327514555412,0.040000000000000036,0.8,1462,0.847536231884058,0.921351060993038,2.475376712328767,-11582.43,1794.0,42.79,-5.782330434782609,1,Cluster 1,22.31,Low Potential,Optimize,83.33,6.68,28.71,16.67,43.74,0.8962089037470988,-2.8859121057879364,0
25072,Bombay Tavern,Indian,Full-service,CBD,0.99,30.05,1568,380,594,356,238,11419.0,17849.7,10697.8,7151.9,0.367287768563256,0.468091827607714,0.32,12,3.54,842.52,1879.8,-2773.48,-1662.22,334.83,0.32,0.5,0.3,0.2,47118.4,-2221.07,-0.04713806071513464,-0.010000000000000009,0.8,1188,0.7576530612244898,0.83537959617097,1.4068487394957983,-4435.7,1552.32,30.05,-1.416498724489796,1,Cluster 1,7.54,Low Potential,Optimize,0.0,24.43,26.97,16.67,56.95,0.8824833593998824,-2.47160132063877,0
25760,Royal Tavern,Indian,QSR,South Auckland,1.05,36.97,1027,76,476,285,190,2809.72,17597.72,10536.45,7024.3,0.279037442803383,0.351388502935879,0.32,6,1.77,336.3,1038.4,872.39,522.33,2259.7,0.08,0.5,0.3,0.2,37968.19,4692.82,0.12359872830387753,0.050000000000000044,0.8,951,0.9259980525803311,0.630425945739262,11.893157894736841,1394.72,1078.3500000000001,36.97,4.569444985394353,0,Cluster 0,59.25,Moderate Potential,Rebalance Channels,100.0,55.52,68.57,16.67,27.68,-1.6562712834812567,0.03849032878773492,1
26045,Tandoori Eatery,Indian,QSR,North Shore,1.03,45.09,836,96,370,222,148,4328.64,16683.3,10009.98,6673.32,0.224925592765212,0.394521895237267,0.28,4,1.18,174.64,1647.27,1677.55,1006.53,2364.91,0.13,0.5,0.3,0.2,37695.24,6696.259999999999,0.1776420577239991,0.030000000000000027,0.8,740,0.8851674641148325,0.619447488002479,15.979121621621621,2684.08,861.08,45.089999999999996,8.009880382775119,0,Cluster 0,53.15,Moderate Potential,Rebalance Channels,66.67,67.44,73.6,16.67,16.01,-1.8023526716623939,0.48200043017177846,1
25155,Royal Kitchen,Indian,QSR,West Auckland,1.04,38.16,1293,117,588,353,235,4464.72,22438.08,13470.48,8967.6,0.272497455328703,0.418535946961492,0.3,5,1.48,347.8,1379.45,201.19,120.78,2422.89,0.1,0.5,0.3,0.2,49340.88,4124.3099999999995,0.08358809165949209,0.040000000000000036,0.8,1176,0.9095127610208816,0.6910334022901949,10.310170212765957,321.97,1344.72,38.16,3.1897215777262176,0,Cluster 0,52.66,Moderate Potential,Rebalance Channels,83.33,48.26,60.87,16.67,33.93,-1.10695164085107,-0.487125393281379,1
25160,Curry Bistro,Indian,QSR,South Auckland,1.05,32.32,1615,173,721,433,288,5591.36,23302.72,13994.56,9308.16,0.246366346720606,0.39404577978421,0.3,16,4.72,1359.36,2010.59,1388.56,833.91,1987.74,0.12,0.5,0.3,0.2,52196.8,6220.799999999999,0.11917971982956807,0.050000000000000044,0.8,1442,0.8928792569659443,0.640412126504816,6.901875,2222.47,1695.75,32.32,3.8518885448916405,0,Cluster 0,61.69,High Potential,Rebalance Channels,100.0,53.95,50.35,16.67,70.91,-1.0892449496432954,-0.26111199794924284,1
26128,Curry Cafe,Indian,Cafe,South Auckland,1.05,41.0,904,74,415,249,166,3034.0,17015.0,10209.0,6806.0,0.270414457395673,0.400200273632072,0.28,18,5.31,881.46,999.35,840.29,504.17,1360.34,0.09,0.5,0.3,0.2,37064.0,3704.1499999999996,0.09993929419382688,0.050000000000000044,0.8,830,0.918141592920354,0.670614731027745,8.194819277108433,1344.46,949.2,41.0,4.097511061946903,0,Cluster 0,56.62,Moderate Potential,Rebalance Channels,100.0,51.69,42.35,16.67,51.52,-1.4208683796857156,-0.38763837780472465,1
25967,Tandoori Cafe,Indian,Cafe,CBD,0.99,44.01,787,71,358,215,143,3124.71,15755.58,9462.15,6293.43,0.258653102219105,0.417162339389324,0.3,16,4.72,674.96,1012.98,381.04,228.84,1365.27,0.1,0.5,0.3,0.2,34635.87,2988.13,0.08627269937206716,-0.010000000000000009,0.8,716,0.9097839898348158,0.675815441608429,9.547342657342657,609.88,779.13,44.010000000000005,3.796861499364676,0,Cluster 0,30.05,Low Potential,Rebalance Channels,0.0,49.45,44.89,16.67,41.37,-1.4067023286251927,-0.5007463869590181,1
25200,Royal Cafe,Indian,Cafe,West Auckland,1.04,36.33,807,59,374,224,150,2143.47,13587.42,8137.92,5449.5,0.244643699340522,0.411526006320491,0.29,10,2.95,442.5,736.99,731.41,438.07,1431.2,0.08,0.5,0.3,0.2,29318.309999999998,3337.67,0.11384251002189417,0.040000000000000036,0.8,748,0.9268897149938042,0.656169705661013,9.541333333333334,1169.48,839.28,36.33,4.1358983890954155,0,Cluster 0,52.72,Moderate Potential,Rebalance Channels,83.33,53.62,57.93,16.67,29.31,-1.6248090893909102,-0.17530251023856847,1
25564,Spice Diner,Indian,QSR,North Shore,1.03,41.64,689,56,316,190,127,2331.84,13158.24,7911.6,5288.28,0.278555665779859,0.3838096778607,0.3,6,1.77,224.79,787.31,495.21,297.75,1560.72,0.09,0.5,0.3,0.2,28689.96,3140.99,0.10948045936627307,0.030000000000000027,0.8,633,0.918722786647315,0.662365343640559,12.289133858267716,792.96,709.6700000000001,41.64,4.558766328011611,0,Cluster 0,47.67,Moderate Potential,Rebalance Channels,66.67,53.6,63.65,16.67,15.8,-1.6453317360558122,-0.15951115724406645,1
25282,Royal Grill,Indian,QSR,South Auckland,1.05,36.32,842,90,376,226,150,3268.8,13656.32,8208.32,5448.0,0.225730990171432,0.44383520053234,0.28,5,1.48,222.0,1080.12,688.74,413.98,1578.2,0.12,0.5,0.3,0.2,30581.44,3761.04,0.12298439838019401,0.050000000000000044,0.8,752,0.8931116389548693,0.669566190703772,10.521333333333333,1102.72,884.1,36.32,4.466793349168646,0,Cluster 0,57.02,Moderate Potential,Rebalance Channels,100.0,55.3,64.18,16.67,19.09,-1.4539491859943054,-0.13876813639238764,1
25324,Tandoori Grill,Indian,Full-service,South Auckland,1.05,41.93,1195,246,474,285,190,10314.78,19874.82,11950.05,7966.7,0.3501767747337,0.478179407468997,0.33,16,4.72,896.8,1770.47,-3147.3,-1892.36,470.63,0.26,0.5,0.3,0.2,50106.34999999999,-2798.56,-0.05585240194107135,0.050000000000000044,0.8,949,0.7941422594142259,0.828356182202697,2.477,-5039.66,1254.75,41.92999999999999,-2.3418912133891214,1,Cluster 1,30.78,Low Potential,Optimize,100.0,22.01,21.38,16.67,56.7,0.405055329959854,-2.190114514293924,0
26497,Royal Corner,Indian,Ghost Kitchen,West Auckland,1.04,34.9,1575,60,758,454,303,2094.0,26454.2,15844.6,10574.7,0.268563216878101,0.317875550244935,0.33,4,1.18,357.54,866.0,2210.55,1323.99,4015.75,0.04,0.5,0.3,0.2,54967.5,8416.29,0.15311393095920317,0.040000000000000036,0.8,1515,0.9619047619047619,0.586438767123036,13.253300330033003,3534.54,1638.0,34.9,5.343676190476191,0,Cluster 0,60.36,High Potential,Rebalance Channels,83.33,60.54,78.69,16.67,41.05,-1.7792333857394351,0.4173747710566147,1
26215,Royal Corner,Indian,QSR,West Auckland,1.04,46.53,1575,168,704,422,281,7817.04,32757.12,19635.66,13074.93,0.255600685477257,0.415959274978377,0.31,16,4.72,1326.32,2567.43,604.04,362.08,2968.01,0.12,0.5,0.3,0.2,73284.75,6501.5599999999995,0.08871641098591453,0.040000000000000036,0.8,1407,0.8933333333333333,0.6715599604556339,10.562313167259788,966.1199999999999,1638.0,46.53,4.127974603174603,0,Cluster 0,55.35,Moderate Potential,Rebalance Channels,83.33,50.22,45.55,16.67,69.05,-0.970242765774268,-0.40972797867238436,1
25933,Royal Corner,Indian,Full-service,North Shore,1.03,40.29,1196,283,456,274,183,11402.07,18372.24,11039.46,7373.07,0.365806857531425,0.46437070867978,0.31,12,3.54,647.82,1936.33,-2575.38,-1547.48,604.29,0.31,0.5,0.3,0.2,48186.840000000004,-1582.2400000000002,-0.03283552106757779,0.030000000000000027,0.8,913,0.7633779264214047,0.830177566211205,3.3021311475409836,-4122.860000000001,1231.88,40.290000000000006,-1.3229431438127093,1,Cluster 1,23.34,Low Potential,Optimize,66.67,26.49,27.77,16.67,46.63,0.5412947089845058,-2.147657269154616,0
26136,Bombay Grill,Indian,Full-service,North Shore,1.03,36.46,965,239,363,218,145,8713.94,13234.98,7948.28,5286.7,0.378225913411006,0.538635544292629,0.32,12,3.54,513.3,724.46,-3134.86,-1882.64,-73.77,0.33,0.5,0.3,0.2,35183.899999999994,-4366.81,-0.12411387026452443,0.030000000000000027,0.8,726,0.7523316062176166,0.916861457703635,-0.5087586206896552,-5017.5,993.95,36.459999999999994,-4.52519170984456,1,Cluster 1,15.36,Low Potential,Optimize,66.67,9.87,14.41,16.67,38.96,1.0974008635236119,-3.119179208273415,0
25855,Curry Cafe,Indian,Cafe,South Auckland,1.05,34.09,1151,95,528,317,211,3238.55,17999.52,10806.53,7192.99,0.247257538642734,0.43013094838243,0.31,3,0.89,187.79,1044.79,227.0,136.29,2132.75,0.09,0.5,0.3,0.2,39237.59,3540.83,0.09024076147388257,0.050000000000000044,0.8,1056,0.9174630755864466,0.677388487025164,10.10781990521327,363.28999999999996,1208.55,34.089999999999996,3.0763075586446567,0,Cluster 0,56.74,Moderate Potential,Rebalance Channels,100.0,49.01,66.31,16.67,24.87,-1.2897008261690073,-0.3531319817078289,1
26341,Spice Kitchen,Indian,QSR,North Shore,1.03,39.46,1363,123,620,372,248,4853.58,24465.2,14679.12,9786.08,0.236265187393874,0.44987448786851,0.31,13,3.84,952.32,1523.35,94.44,56.67,2119.14,0.1,0.5,0.3,0.2,53783.98,3793.6,0.07053401403168749,0.030000000000000027,0.8,1240,0.9097578870139399,0.686139675262384,8.54491935483871,151.11,1403.89,39.46,2.783272193690389,0,Cluster 0,48.49,Moderate Potential,Rebalance Channels,66.67,45.96,48.28,16.67,54.5,-1.0360353519324215,-0.5959874323036618,1
26382,Curry Eatery,Indian,Cafe,North Shore,1.03,33.31,485,40,222,134,89,1332.4,7394.82,4463.54,2964.59,0.251609610263258,0.42814964284189,0.3,9,2.66,236.74,426.69,149.68,90.35,712.64,0.09,0.5,0.3,0.2,16155.349999999999,1379.3600000000001,0.08538100381607333,0.030000000000000027,0.8,445,0.9175257731958762,0.679759253105148,8.007191011235955,240.03,499.55,33.309999999999995,2.8440412371134025,0,Cluster 0,44.77,Moderate Potential,Rebalance Channels,66.67,48.04,55.93,16.67,16.03,-1.57397928399289,-0.48095679597647867,1
26585,Curry Eatery,Indian,Full-service,West Auckland,1.04,37.19,724,149,288,172,115,5541.31,10710.72,6396.68,4276.85,0.35548200319754,0.474432263011113,0.28,3,0.89,102.35,942.5,-1177.26,-703.09,625.08,0.26,0.5,0.3,0.2,26925.559999999998,-312.77,-0.011616100092254349,0.040000000000000036,0.8,575,0.7941988950276243,0.8299142662086529,5.435478260869566,-1880.35,752.96,37.19,-0.4320027624309392,1,Cluster 1,26.06,Low Potential,Optimize,83.33,30.55,42.8,16.67,10.19,0.023718320919602087,-1.8690664530125771,0
25495,Bombay Grill,Indian,QSR,CBD,0.99,35.13,1500,184,658,395,263,6463.92,23115.54,13876.35,9239.19,0.253726597707719,0.393319322844036,0.32,3,0.89,234.07,2281.47,761.75,457.28,3026.94,0.14,0.5,0.3,0.2,52695.0,6527.4400000000005,0.12387209412657749,-0.010000000000000009,0.8,1316,0.8773333333333333,0.6470459205517549,11.509277566539923,1219.03,1485.0,35.13,4.351626666666667,0,Cluster 0,35.58,Low Potential,Rebalance Channels,0.0,55.26,70.99,16.67,33.78,-1.1208237573809967,-0.17881940760663775,1
26021,Bombay Kitchen,Indian,Cafe,CBD,0.99,39.89,1474,121,676,406,271,4826.69,26965.64,16195.34,10810.19,0.217689578849822,0.424683736334555,0.32,7,2.07,560.97,1726.15,1014.63,609.38,3305.04,0.09,0.5,0.3,0.2,58797.86,6655.200000000001,0.11318779288906095,-0.010000000000000009,0.8,1353,0.917910447761194,0.642373315184377,12.195719557195572,1624.01,1459.26,39.89,4.515061058344641,0,Cluster 0,35.36,Low Potential,Rebalance Channels,0.0,54.04,65.03,16.67,42.29,-1.3303323094142716,-0.11266699018072139,1
26628,Curry Grill,Indian,QSR,North Shore,1.03,38.74,1300,96,602,361,241,3719.04,23321.48,13985.14,9336.34,0.216772768590599,0.414154488639906,0.3,14,4.13,995.33,1372.6,1610.88,965.99,2450.46,0.08,0.5,0.3,0.2,50362.0,6399.93,0.12707855128867004,0.030000000000000027,0.8,1204,0.9261538461538461,0.630927257230505,10.167883817427386,2576.87,1339.0,38.74,4.923023076923077,0,Cluster 0,52.52,Moderate Potential,Rebalance Channels,66.67,56.46,55.15,16.67,54.74,-1.5055971357035756,-0.010862157124003659,1
26266,Royal Bistro,Indian,QSR,North Shore,1.03,40.33,674,61,306,184,123,2460.13,12340.98,7420.72,4960.59,0.215120532363653,0.359738411800936,0.29,3,0.89,109.47,1045.9,1667.77,1002.84,1999.48,0.1,0.5,0.3,0.2,27182.420000000002,5715.99,0.21028260176982033,0.030000000000000027,0.8,613,0.9094955489614244,0.574858944164589,16.255934959349595,2670.61,694.22,40.330000000000005,8.480697329376854,0,Cluster 0,54.95,Moderate Potential,Rebalance Channels,66.67,72.48,82.11,16.67,8.3,-2.246574207190666,0.8710210297399428,1
26469,Tandoori Bistro,Indian,Cafe,West Auckland,1.04,34.65,721,77,322,193,129,2668.05,11157.3,6687.45,4469.85,0.20615260142833,0.364671457675286,0.32,11,3.25,419.25,1145.06,1218.11,730.11,1499.1,0.12,0.5,0.3,0.2,24982.65,4592.38,0.1838227730044651,0.040000000000000036,0.8,644,0.8932038834951457,0.570824059103616,11.62093023255814,1948.2199999999998,749.84,34.65,6.369459084604716,0,Cluster 0,58.04,Moderate Potential,Rebalance Channels,83.33,66.06,69.39,16.67,28.76,-2.0389529501904216,0.5862479226244058,1
26429,Curry House,Indian,Ghost Kitchen,West Auckland,1.04,41.83,894,50,422,253,169,2091.5,17652.26,10582.99,7069.27,0.275768244359642,0.201577129750513,0.28,8,2.36,398.84,1093.13,4283.4,2568.01,3295.95,0.06,0.5,0.3,0.2,37396.020000000004,11240.49,0.3005798478019853,0.040000000000000036,0.8,844,0.9440715883668904,0.477345374110155,19.50266272189349,6851.41,929.76,41.830000000000005,12.573255033557047,0,Cluster 0,67.78,High Potential,Rebalance Channels,83.33,90.17,88.83,16.67,27.56,-2.870976375141341,1.7583589328075657,1
26390,Spice Corner,Indian,QSR,West Auckland,1.04,40.26,765,81,342,205,137,3261.06,13768.92,8253.3,5515.62,0.222713766936213,0.396285373903811,0.32,15,4.43,606.91,1242.47,839.92,503.46,1494.55,0.12,0.5,0.3,0.2,30798.899999999998,4080.3999999999996,0.13248525109663006,0.040000000000000036,0.8,684,0.8941176470588236,0.618999140840024,10.909124087591241,1343.3799999999999,795.6,40.26,5.333856209150326,0,Cluster 0,54.76,Moderate Potential,Rebalance Channels,83.33,57.75,55.29,16.67,39.57,-1.695671440042492,0.08443003843586921,1
25299,Tandoori Diner,Indian,QSR,South Auckland,1.05,40.89,1004,99,452,272,181,4048.11,18482.28,11122.08,7401.09,0.207066530697048,0.369789207098074,0.29,8,2.36,427.16,1712.93,2460.81,1480.84,2704.57,0.11,0.5,0.3,0.2,41053.56,8359.15,0.203615715665097,0.050000000000000044,0.8,905,0.901394422310757,0.576855737795122,14.942375690607737,3941.6499999999996,1054.2,40.89,8.325846613545817,0,Cluster 0,64.78,High Potential,Rebalance Channels,100.0,71.37,73.49,16.67,31.57,-1.9986240496837508,0.7832852894827371,1
26392,Curry Tavern,Indian,Full-service,North Shore,1.03,36.06,1655,287,684,410,274,10349.22,24665.04,14784.6,9880.44,0.369987202459015,0.495347937755287,0.28,17,5.02,1375.48,1393.68,-3584.7,-2148.72,-44.93,0.21,0.5,0.3,0.2,59679.3,-4384.67,-0.07347053333400358,0.030000000000000027,0.8,1368,0.8265861027190332,0.865335140214302,-0.163978102189781,-5733.42,1704.65,36.06,-2.6493474320241694,1,Cluster 1,22.8,Low Potential,Optimize,66.67,19.22,13.98,16.67,73.53,0.6915364450919802,-2.588883978386983,0
26393,Bombay Cafe,Indian,Cafe,South Auckland,1.05,36.79,1378,169,604,363,242,6217.51,22221.16,13354.77,8903.18,0.245227572824806,0.426755411108024,0.28,3,0.89,215.38,2039.45,1066.99,641.26,2705.01,0.14,0.5,0.3,0.2,50696.62,6452.71,0.1272808719792365,0.050000000000000044,0.8,1209,0.8773584905660378,0.67198298393283,11.177727272727275,1708.25,1446.9,36.79,4.6826632801161105,0,Cluster 0,59.85,Moderate Potential,Rebalance Channels,100.0,56.17,67.14,16.67,32.55,-1.109000831641804,-0.16251584448484516,1
25505,Tandoori Cafe,Indian,Cafe,South Auckland,1.05,33.54,553,45,254,152,102,1509.3,8519.16,5098.08,3421.08,0.26561315715313,0.383903538808227,0.33,16,4.72,481.44,528.98,174.5,104.43,717.59,0.09,0.5,0.3,0.2,18547.62,1525.5,0.08224774930691917,0.050000000000000044,0.8,508,0.918625678119349,0.649516695961357,7.0351960784313725,278.93,580.65,33.54,2.7585895117540686,0,Cluster 0,54.41,Moderate Potential,Rebalance Channels,100.0,47.5,48.94,16.67,34.98,-1.624214988605866,-0.4126817881738857,1
25788,Bombay Grill,Indian,QSR,North Shore,1.03,33.36,892,116,388,233,155,3869.76,12943.68,7772.88,5170.8,0.220360619928688,0.366872822563164,0.29,16,4.72,731.6,1597.31,1589.05,954.25,1402.73,0.15,0.5,0.3,0.2,29757.120000000003,5543.34,0.1862861728554376,0.030000000000000027,0.8,776,0.8699551569506726,0.5872334424918519,9.049870967741935,2543.3,918.76,33.36,6.214506726457399,0,Cluster 0,54.3,Moderate Potential,Rebalance Channels,66.67,66.18,58.54,16.67,45.87,-1.739282637840982,0.36378705336358086,1
25830,Bombay Tavern,Indian,Full-service,West Auckland,1.04,36.26,786,176,305,183,122,6381.76,11059.3,6635.58,4423.72,0.398135793290567,0.490069181914441,0.28,16,4.72,575.84,713.45,-1860.23,-1116.14,-81.29,0.29,0.5,0.3,0.2,28500.36,-2344.21,-0.08225194348422266,0.040000000000000036,0.8,610,0.7760814249363868,0.888204975205008,-0.6663114754098362,-2976.37,817.44,36.26,-2.9824554707379134,1,Cluster 1,21.55,Low Potential,Optimize,83.33,17.59,12.15,16.67,42.61,0.6600355704743126,-2.777942160657873,0
25307,Tandoori Diner,Indian,QSR,CBD,0.99,37.74,1314,130,592,355,237,4906.2,22342.08,13397.7,8944.38,0.211934431362897,0.355948929814622,0.31,10,2.95,699.15,2120.05,2728.34,1636.08,3165.87,0.11,0.5,0.3,0.2,49590.36,9650.34,0.19460112812248187,-0.010000000000000009,0.8,1184,0.9010654490106544,0.567883361177519,13.358101265822784,4364.42,1300.86,37.74,7.344246575342466,0,Cluster 0,40.64,Moderate Potential,Rebalance Channels,0.0,68.83,71.54,16.67,44.18,-1.8180088224311148,0.6042552735855937,1
25387,Curry Eatery,Indian,QSR,South Auckland,1.05,34.07,650,79,286,171,114,2691.53,9744.02,5825.97,3883.98,0.258222869858146,0.372453051176853,0.27,4,1.18,134.52,994.05,967.82,578.66,1299.93,0.14,0.5,0.3,0.2,22145.5,3840.46,0.17341943058409157,0.050000000000000044,0.8,571,0.8784615384615385,0.630675921034999,11.402894736842105,1546.48,682.5,34.07,5.9084,0,Cluster 0,59.42,Moderate Potential,Rebalance Channels,100.0,64.04,71.87,16.67,10.26,-1.7444086093157276,0.25416353729021246,1
26480,Tandoori House,Indian,Full-service,CBD,0.99,35.53,1404,224,590,354,236,7958.72,20962.7,12577.62,8385.08,0.350804590468761,0.519909499539062,0.29,15,4.43,1045.48,1028.95,-3369.0,-2021.4,38.59,0.19,0.5,0.3,0.2,49884.12,-4322.860000000001,-0.08665803867042259,-0.010000000000000009,0.8,1180,0.8404558404558404,0.870714090007823,0.1635169491525424,-5390.4,1389.96,35.53,-3.078960113960114,1,Cluster 1,3.82,Low Potential,Optimize,0.0,16.86,16.49,16.67,58.72,0.5349253752118521,-2.674654492739541,0
25956,Curry Kitchen,Indian,Ghost Kitchen,North Shore,1.03,43.78,687,32,328,196,131,1400.96,14359.84,8580.88,5735.18,0.294028268253896,0.297554703603964,0.32,15,4.43,580.33,572.18,1269.65,758.7,1762.02,0.05,0.5,0.3,0.2,30076.86,4362.549999999999,0.1450467236273999,0.030000000000000027,0.8,655,0.9534206695778749,0.59158297185786,13.450534351145038,2028.3500000000001,707.61,43.78,6.350145560407568,0,Cluster 0,51.78,Moderate Potential,Rebalance Channels,66.67,60.81,59.51,16.67,36.73,-2.1378905384655873,0.3166246493107698,1
26238,Tandoori Grill,Indian,Full-service,West Auckland,1.04,34.76,855,202,326,196,131,7021.52,11331.76,6812.96,4553.56,0.354687712131999,0.532977459742688,0.32,6,1.77,231.87,788.76,-2353.21,-1414.81,279.65,0.31,0.5,0.3,0.2,29719.8,-2699.61,-0.09083540266085237,0.040000000000000036,0.8,653,0.7637426900584795,0.887665171874687,2.1347328244274806,-3768.02,889.2,34.76,-3.1574385964912284,1,Cluster 1,21.4,Low Potential,Optimize,83.33,16.2,28.92,16.67,21.58,0.7348544195708663,-2.683307359178272,0
25068,Royal Bistro,Indian,Full-service,CBD,0.99,31.5,1811,326,742,446,297,10269.0,23373.0,14049.0,9355.5,0.374791724944953,0.466369308275171,0.29,4,1.18,350.46,1631.12,-3065.63,-1842.68,1135.56,0.22,0.5,0.3,0.2,57046.5,-2141.6300000000006,-0.03754182991068691,-0.010000000000000009,0.8,1485,0.8199889563776919,0.841161033220124,3.8234343434343434,-4908.31,1792.8899999999999,31.5,-1.1825676421866376,1,Cluster 1,8.8,Low Potential,Optimize,0.0,26.04,39.43,16.67,46.04,0.5897254771923313,-2.2591626740574493,0
25189,Spice Cafe,Indian,Ghost Kitchen,South Auckland,1.05,37.8,1432,41,696,417,278,1549.8,26308.8,15762.6,10508.4,0.252295297326054,0.309719776711427,0.33,8,2.36,656.08,678.79,2840.95,1702.12,3946.44,0.03,0.5,0.3,0.2,54129.6,9168.3,0.16937682894386805,0.050000000000000044,0.8,1391,0.9713687150837989,0.562015074037481,14.195827338129497,4543.07,1503.6000000000001,37.8,6.402444134078212,0,Cluster 0,65.6,High Potential,Rebalance Channels,100.0,64.16,75.78,16.67,46.05,-2.032124000011547,0.6593797279675212,1
25312,Curry House,Indian,Cafe,CBD,0.99,41.94,1570,168,701,421,280,7045.92,29399.94,17656.74,11743.2,0.204454137217253,0.366188482311554,0.3,16,4.72,1321.6,3025.22,3803.1,2284.03,3720.43,0.12,0.5,0.3,0.2,65845.8,12832.78,0.1948913977808759,-0.010000000000000009,0.8,1402,0.8929936305732484,0.570642619528807,13.28725,6087.13,1554.3,41.940000000000005,8.173745222929936,0,Cluster 0,42.17,Moderate Potential,Rebalance Channels,0.0,69.99,61.1,16.67,66.35,-1.6301617115020928,0.5530924711078746,1
25556,Spice Cafe,Indian,Cafe,CBD,0.99,37.68,919,83,418,251,167,3127.44,15750.24,9457.68,6292.56,0.278962976634502,0.44875985973049,0.3,11,3.25,542.75,851.53,-436.64,-262.19,1170.57,0.1,0.5,0.3,0.2,34627.92,1323.27,0.03821396145075997,-0.010000000000000009,0.8,836,0.9096844396082698,0.7277228363649919,7.00940119760479,-698.8299999999999,909.81,37.68,1.4399020674646354,0,Cluster 0,26.58,Low Potential,Rebalance Channels,0.0,39.79,45.2,16.67,33.91,-0.9967764048505712,-1.0530487470015841,1
25557,Bombay Corner,Indian,Full-service,North Shore,1.03,44.39,1425,369,528,317,211,16379.91,23437.92,14071.63,9366.29,0.374002317059785,0.462979784887284,0.3,3,0.89,187.79,2670.22,-3210.58,-1927.56,1339.08,0.35,0.5,0.3,0.2,63255.75,-1128.8400000000001,-0.017845650395418602,0.030000000000000027,0.8,1056,0.7410526315789474,0.8369821019470689,6.346350710900474,-5138.139999999999,1467.75,44.39,-0.7921684210526316,1,Cluster 1,24.8,Low Potential,Optimize,66.67,29.22,41.71,16.67,33.23,0.7389040689865528,-1.9919373641006426,0
25275,Curry Cafe,Indian,Full-service,West Auckland,1.04,40.5,1419,206,606,364,243,8343.0,24543.0,14742.0,9841.5,0.361040137254167,0.463562854845077,0.31,12,3.54,860.22,1463.34,-3303.56,-1984.32,865.95,0.17,0.5,0.3,0.2,57469.5,-2958.59,-0.051481046468126575,0.040000000000000036,0.8,1213,0.8548273431994362,0.8246029920992439,3.56358024691358,-5287.88,1475.76,40.5,-2.084982381959126,1,Cluster 1,27.97,Low Potential,Optimize,83.33,22.95,28.63,16.67,54.48,0.14802391885845176,-2.0705005943912917,0
25438,Tandoori Corner,Indian,Cafe,North Shore,1.03,37.51,761,56,352,212,141,2100.56,13203.52,7952.12,5288.91,0.211977686174214,0.370079564861953,0.3,4,1.18,166.38,877.91,1557.26,937.89,2044.08,0.08,0.5,0.3,0.2,28545.11,5417.139999999999,0.1897747109750146,0.030000000000000027,0.8,705,0.926412614980289,0.582057251036167,14.497021276595744,2495.15,783.83,37.51,7.118449408672798,0,Cluster 0,54.04,Moderate Potential,Rebalance Channels,66.67,67.87,79.36,16.67,13.52,-2.1806883419706233,0.6996392914149479,1
25802,Tandoori Tavern,Indian,Cafe,North Shore,1.03,38.72,930,114,408,245,163,4414.08,15797.76,9486.4,6311.36,0.223570773955435,0.42723926785402,0.32,18,5.31,865.53,1541.35,461.14,276.91,1338.33,0.14,0.5,0.3,0.2,36009.6,3617.7299999999996,0.1004657091442282,0.030000000000000027,0.8,816,0.8774193548387097,0.650810041809455,8.210613496932515,738.05,957.9,38.72,3.8900322580645157,0,Cluster 0,48.89,Moderate Potential,Rebalance Channels,66.67,51.48,45.41,16.67,51.8,-1.3025965023663257,-0.34203013708122576,1
25076,Royal Eatery,Indian,QSR,CBD,0.99,34.16,1389,114,638,382,255,3894.24,21794.08,13049.12,8710.8,0.25112802170217,0.394247443974018,0.3,10,2.95,752.25,1380.99,1190.49,712.8,2336.81,0.09,0.5,0.3,0.2,47448.240000000005,5621.09,0.11846782936521986,-0.010000000000000009,0.8,1275,0.91792656587473,0.6453754656761881,9.163960784313725,1903.29,1375.11,34.160000000000004,4.04686105111591,0,Cluster 0,34.93,Low Potential,Rebalance Channels,0.0,54.12,59.59,16.67,46.57,-1.3222921117524167,-0.2473012048968942,1
25522,Tandoori Grill,Indian,Cafe,West Auckland,1.04,43.9,883,108,388,232,155,4741.2,17033.2,10184.8,6804.5,0.251194011364132,0.351942593744025,0.27,10,2.95,457.25,1881.61,2160.89,1292.08,2243.21,0.14,0.5,0.3,0.2,38763.7,7577.79,0.195486756940127,0.040000000000000036,0.8,775,0.8776896942242356,0.603136605108157,14.472322580645162,3452.97,918.32,43.9,8.581868629671574,0,Cluster 0,58.99,Moderate Potential,Rebalance Channels,83.33,70.62,66.1,16.67,31.86,-1.8094157058990963,0.537381582526536,1
26694,Spice Tavern,Indian,Ghost Kitchen,CBD,0.99,36.2,1373,89,642,385,257,3221.8,23240.4,13937.0,9303.4,0.284615032421425,0.261543587490451,0.31,6,1.77,454.89,1462.19,3342.93,2004.72,3767.38,0.07,0.5,0.3,0.2,49702.6,10577.220000000001,0.21281019504009854,-0.010000000000000009,0.8,1284,0.9351784413692644,0.546158619911876,14.659066147859923,5347.65,1359.27,36.199999999999996,7.7037290604515665,0,Cluster 0,42.26,Moderate Potential,Rebalance Channels,0.0,71.77,81.56,16.67,36.73,-2.0629050117358414,0.7998150326227471,1
25361,Bombay Corner,Indian,QSR,North Shore,1.03,42.27,1565,167,699,419,280,7059.09,29546.73,17711.13,11835.6,0.253019167240709,0.44921028285753,0.3,15,4.43,1240.4,2101.99,-65.87,-39.49,2283.89,0.12,0.5,0.3,0.2,66152.55,4280.5199999999995,0.06470680268561074,0.030000000000000027,0.8,1398,0.8932907348242811,0.702229450098239,8.156749999999999,-105.36000000000001,1611.95,42.27,2.7351565495207666,0,Cluster 0,48.82,Moderate Potential,Rebalance Channels,66.67,45.11,42.46,16.67,65.87,-0.774232441711342,-0.7437027861441131,1
25686,Spice Tavern,Indian,Cafe,West Auckland,1.04,37.66,510,46,232,139,93,1732.36,8737.12,5234.74,3502.38,0.200643322840333,0.435225071781315,0.29,15,4.43,411.99,630.81,647.7,388.06,863.34,0.1,0.5,0.3,0.2,19206.600000000002,2529.91,0.13172086678537584,0.040000000000000036,0.8,464,0.9098039215686274,0.635868394621648,9.283225806451613,1035.76,530.4,37.660000000000004,4.960607843137255,0,Cluster 0,52.81,Moderate Potential,Rebalance Channels,83.33,57.14,52.69,16.67,31.02,-1.824429768603358,0.011361807116487006,1
25363,Curry Grill,Indian,Ghost Kitchen,West Auckland,1.04,36.03,1494,110,692,415,277,3963.3,24932.76,14952.45,9980.31,0.288230658089742,0.203706220642198,0.31,10,2.95,817.15,2013.61,4938.26,2961.53,4253.48,0.08,0.5,0.3,0.2,53828.81999999999,14166.88,0.26318392266447604,0.040000000000000036,0.8,1384,0.9263721552878179,0.49193687873194003,15.35552346570397,7899.790000000001,1553.76,36.029999999999994,9.48251673360107,0,Cluster 0,68.07,High Potential,Rebalance Channels,83.33,80.96,83.24,16.67,52.33,-2.2957490938903367,1.3351222161543874,1
25688,Curry Eatery,Indian,QSR,West Auckland,1.04,31.25,503,49,227,136,91,1531.25,7093.75,4250.0,2843.75,0.230203204471618,0.411707649985328,0.31,18,5.31,483.21,548.32,341.13,204.38,535.11,0.11,0.5,0.3,0.2,15718.75,1628.94,0.10363037773359841,0.040000000000000036,0.8,454,0.9025844930417495,0.641910854456946,5.880329670329671,545.51,523.12,31.25,3.2384493041749502,0,Cluster 0,51.11,Moderate Potential,Rebalance Channels,83.33,51.03,46.78,16.67,37.79,-1.6455015125283092,-0.31992936284836426,1
26620,Royal Cafe,Indian,QSR,West Auckland,1.04,31.34,644,53,296,177,118,1661.02,9276.64,5547.18,3698.12,0.220129707790911,0.444765468081459,0.32,5,1.48,174.64,556.62,140.12,83.79,1064.62,0.09,0.5,0.3,0.2,20182.96,1845.1499999999999,0.09142117905401388,0.040000000000000036,0.8,591,0.9177018633540373,0.66489517587237,9.022203389830507,223.91000000000003,669.76,31.34,2.8651397515527948,0,Cluster 0,50.36,Moderate Potential,Rebalance Channels,83.33,48.88,64.9,16.67,12.18,-1.589321349236019,-0.3072505531599317,1
25042,Bombay Diner,Indian,Cafe,North Shore,1.03,40.89,1486,182,652,391,261,7441.98,26660.28,15987.99,10672.29,0.264747702013701,0.412279210542329,0.31,5,1.48,386.28,2403.56,345.87,207.41,3060.58,0.14,0.5,0.3,0.2,60762.53999999999,6017.42,0.09903173896285443,0.030000000000000027,0.8,1304,0.8775235531628532,0.67702691255603,11.726360153256705,553.28,1530.58,40.88999999999999,4.049407806191117,0,Cluster 0,50.64,Moderate Potential,Rebalance Channels,66.67,51.51,63.03,16.67,39.92,-0.9658239443719269,-0.35583819304207415,1
26177,Curry Kitchen,Indian,Full-service,South Auckland,1.05,40.9,1695,246,724,435,290,10061.4,29611.6,17791.5,11861.0,0.35075317309238,0.517579286312684,0.32,15,4.43,1284.7,1324.76,-5576.83,-3350.72,277.01,0.17,0.5,0.3,0.2,69325.5,-7325.779999999999,-0.10567222739107542,0.050000000000000044,0.8,1449,0.8548672566371681,0.8683324594050641,0.9552068965517241,-8927.55,1779.75,40.9,-4.321994100294985,1,Cluster 1,29.72,Low Potential,Optimize,100.0,12.62,16.86,16.67,71.28,0.6096632175500393,-2.5874730447678473,0
25652,Spice Corner,Indian,Ghost Kitchen,West Auckland,1.04,45.92,756,49,354,212,141,2250.08,16255.68,9735.04,6474.72,0.268270264845341,0.274301106890198,0.32,3,0.89,125.49,1029.25,2234.0,1337.87,2836.23,0.07,0.5,0.3,0.2,34715.520000000004,7437.35,0.21423703288903637,0.040000000000000036,0.8,707,0.9351851851851852,0.5425713717355389,20.115106382978723,3571.87,786.24,45.92000000000001,9.83776455026455,0,Cluster 0,61.15,High Potential,Rebalance Channels,83.33,74.84,87.09,16.67,11.27,-2.4746494044559637,1.119178409262388,1
26381,Royal Corner,Indian,Cafe,South Auckland,1.05,37.89,1398,103,648,388,259,3902.67,24552.72,14701.32,9813.51,0.246869681980461,0.438132131262682,0.31,5,1.48,383.32,1229.33,122.72,73.48,2707.92,0.08,0.5,0.3,0.2,52970.22,4133.45,0.07803346861689454,0.050000000000000044,0.8,1295,0.9263233190271817,0.685001813243143,10.455289575289575,196.2,1467.9,37.89,2.9566881258941344,0,Cluster 0,57.34,Moderate Potential,Rebalance Channels,100.0,47.2,61.8,16.67,37.9,-1.1479849557913804,-0.4315491021750047,1
26301,Royal Corner,Indian,QSR,North Shore,1.03,38.12,942,115,414,248,165,4383.8,15781.68,9453.76,6289.8,0.268955820500851,0.372937139170244,0.31,8,2.36,389.4,1569.87,759.21,454.79,1863.02,0.14,0.5,0.3,0.2,35909.04,4646.889999999999,0.12940724675457765,0.030000000000000027,0.8,827,0.8779193205944799,0.6418929596710949,11.291030303030302,1214.0,970.26,38.12,4.933004246284501,0,Cluster 0,50.39,Moderate Potential,Rebalance Channels,66.67,56.79,63.47,16.67,28.86,-1.4355806523306702,-0.07608123625988301,1
25655,Curry Corner,Indian,Full-service,West Auckland,1.04,40.72,994,179,408,244,163,7288.88,16613.76,9935.68,6637.36,0.388945355406031,0.5055928963935,0.31,11,3.25,529.75,768.7,-3398.15,-2032.23,170.24,0.22,0.5,0.3,0.2,40475.68,-4491.4400000000005,-0.11096638771726629,0.040000000000000036,0.8,815,0.8199195171026157,0.8945382517995311,1.0444171779141105,-5430.38,1033.76,40.72,-4.518551307847083,1,Cluster 1,20.83,Low Potential,Optimize,83.33,11.65,19.49,16.67,37.91,0.5516026011742878,-2.7652268576490333,0
25777,Bombay Grill,Indian,Cafe,West Auckland,1.04,33.33,1588,157,716,429,286,5232.81,23864.28,14298.57,9532.38,0.230246922746301,0.388176342844963,0.28,6,1.77,506.22,1996.72,2424.06,1452.4,3131.11,0.11,0.5,0.3,0.2,52928.04,9004.29,0.17012324658158512,0.040000000000000036,0.8,1431,0.9011335012594458,0.618423265591264,10.947937062937063,3876.46,1651.52,33.33,5.670207808564232,0,Cluster 0,60.16,High Potential,Rebalance Channels,83.33,63.27,70.42,16.67,46.15,-1.4097347165822356,0.2595041210452119,1
25090,Curry Diner,Indian,QSR,West Auckland,1.04,43.56,927,113,407,244,163,4922.28,17728.92,10628.64,7100.28,0.205600580256432,0.412046377081424,0.32,5,1.48,241.24,1882.05,1105.45,662.73,2473.57,0.14,0.5,0.3,0.2,40380.119999999995,6123.8,0.15165383361911755,0.040000000000000036,0.8,814,0.8781014023732471,0.617646957337856,15.175276073619633,1768.18,964.08,43.559999999999995,6.60604099244876,0,Cluster 0,56.53,Moderate Potential,Rebalance Channels,83.33,62.05,72.18,16.67,21.66,-1.6584647057497592,0.3520258399100272,1
25939,Curry Cafe,Indian,Full-service,CBD,0.99,32.69,772,123,324,195,130,4020.87,10591.56,6374.55,4249.7,0.352214366337284,0.485965327802114,0.32,10,2.95,383.5,650.66,-1675.37,-1008.32,304.19,0.19,0.5,0.3,0.2,25236.68,-1728.8400000000001,-0.0685050490001062,-0.010000000000000009,0.8,649,0.8406735751295337,0.838179694139398,2.339923076923077,-2683.69,764.28,32.69,-2.2394300518134718,1,Cluster 1,2.62,Low Potential,Optimize,0.0,20.44,29.87,16.67,26.89,0.0201054248441752,-2.3568364981795376,0
25337,Spice House,Indian,Full-service,West Auckland,1.04,32.02,1469,356,556,334,223,11399.12,17803.12,10694.68,7140.46,0.379499956371728,0.494955799099989,0.31,7,2.07,461.61,1431.09,-3283.89,-1972.7,434.83,0.32,0.5,0.3,0.2,47037.38,-3390.67,-0.07208458464310726,0.040000000000000036,0.8,1113,0.7576582709326072,0.874455755471717,1.9499103139013452,-5256.59,1527.76,32.019999999999996,-2.308148400272294,1,Cluster 1,25.83,Low Potential,Optimize,83.33,19.87,29.26,16.67,44.49,1.0143303134145387,-2.6362303968795864,0
25336,Tandoori Diner,Indian,Cafe,West Auckland,1.04,40.5,1264,155,554,333,222,6277.5,22437.0,13486.5,8991.0,0.246210811920464,0.365804946655408,0.32,13,3.84,852.48,2435.57,1525.36,916.87,2635.89,0.14,0.5,0.3,0.2,51192.0,7513.6900000000005,0.1467746913580247,0.040000000000000036,0.8,1109,0.877373417721519,0.6120157585758721,11.873378378378378,2442.23,1314.56,40.5,5.944375,0,Cluster 0,58.14,Moderate Potential,Rebalance Channels,83.33,60.5,59.7,16.67,51.62,-1.4302425966273826,0.15351659564105877,1
25862,Curry Corner,Indian,QSR,South Auckland,1.05,31.86,563,69,247,148,99,2198.34,7869.42,4715.28,3154.14,0.215387890022248,0.441896405839361,0.31,13,3.84,380.16,753.41,257.45,154.26,700.81,0.14,0.5,0.3,0.2,17937.18,1865.9299999999998,0.10402582791720882,0.050000000000000044,0.8,494,0.8774422735346359,0.657284295861609,7.078888888888888,411.71,591.15,31.86,3.3142628774422733,0,Cluster 0,55.09,Moderate Potential,Rebalance Channels,100.0,51.19,52.72,16.67,28.31,-1.4714302683119618,-0.32516499669160287,1
25218,Curry Eatery,Indian,Cafe,CBD,0.99,41.8,937,77,430,258,172,3218.6,17974.0,10784.4,7189.6,0.250285366009921,0.379183530481532,0.29,6,1.77,304.44,1192.59,1447.47,868.48,2359.53,0.09,0.5,0.3,0.2,39166.6,5868.07,0.1498233188482023,-0.010000000000000009,0.8,860,0.9178228388473852,0.629468896491453,13.718197674418606,2315.95,927.63,41.8,6.262614727854856,0,Cluster 0,35.0,Low Potential,Rebalance Channels,0.0,61.34,68.72,16.67,22.82,-1.7524931501257457,0.1665661587751303,1
25582,Tandoori Bistro,Indian,Full-service,South Auckland,1.05,32.71,1886,435,726,435,290,14228.85,23747.46,14228.85,9485.9,0.372665001999121,0.530481758853421,0.28,16,4.72,1368.8,1378.11,-4349.27,-2605.97,-450.06,0.3,0.5,0.3,0.2,61691.06,-6027.190000000001,-0.09769956943518236,0.050000000000000044,0.8,1451,0.7693531283138918,0.903146760852542,-1.5519310344827586,-6955.24,1980.3000000000002,32.71,-3.1957529162248153,1,Cluster 1,30.29,Low Potential,Optimize,100.0,15.22,9.85,16.67,80.07,1.3710690436882071,-3.0009925252770033,0
26674,Royal House,Indian,Full-service,West Auckland,1.04,45.84,1776,308,734,440,294,14118.72,33646.56,20169.6,13476.96,0.383812814799603,0.532299350085668,0.27,8,2.36,693.84,1184.39,-6262.03,-3753.81,436.71,0.21,0.5,0.3,0.2,81411.84,-8394.74,-0.10311448555885729,0.040000000000000036,0.8,1468,0.8265765765765766,0.916112164885271,1.485408163265306,-10015.84,1847.04,45.839999999999996,-4.726768018018018,1,Cluster 1,24.25,Low Potential,Optimize,83.33,12.42,21.2,16.67,57.11,0.9466848159649955,-2.7565469395842124,0
26312,Royal Corner,Indian,Cafe,CBD,0.99,40.75,1329,131,599,359,240,5338.25,24409.25,14629.25,9780.0,0.239654354639351,0.370142450649291,0.3,10,2.95,708.0,2083.0,2201.79,1319.61,3108.19,0.11,0.5,0.3,0.2,54156.75,8712.59,0.16087726829988874,-0.010000000000000009,0.8,1198,0.9014296463506396,0.609796805288642,12.950791666666667,3521.3999999999996,1315.71,40.75,6.555748683220466,0,Cluster 0,38.02,Low Potential,Rebalance Channels,0.0,63.22,65.08,16.67,44.66,-1.5617466032922966,0.23017153053029002,1
26555,Tandoori Tavern,Indian,Cafe,South Auckland,1.05,41.1,1048,120,464,278,186,4932.0,19070.4,11425.8,7644.6,0.238788859136403,0.395165687031113,0.29,18,5.31,987.66,1805.34,1450.22,868.88,1810.61,0.13,0.5,0.3,0.2,43072.799999999996,5935.049999999999,0.13779113500863654,0.050000000000000044,0.8,928,0.8854961832061069,0.633954546167516,9.734462365591398,2319.1,1100.4,41.099999999999994,5.663215648854961,0,Cluster 0,60.29,High Potential,Rebalance Channels,100.0,58.91,48.01,16.67,56.39,-1.4486213062770308,-0.02042700304372141,1
25103,Royal Tavern,Indian,Cafe,South Auckland,1.05,44.19,481,55,213,128,85,2430.45,9412.47,5656.32,3756.15,0.247696290276945,0.385943020856939,0.31,15,4.43,376.55,890.42,530.49,318.79,999.56,0.13,0.5,0.3,0.2,21255.39,2739.2599999999998,0.12887366451521237,0.050000000000000044,0.8,426,0.8856548856548857,0.633639311133884,11.759529411764705,849.28,505.05,44.19,5.694927234927235,0,Cluster 0,57.07,Moderate Potential,Rebalance Channels,100.0,57.75,53.03,16.67,30.21,-1.7479375523347478,0.036986759350292275,1
26597,Spice Tavern,Indian,Cafe,CBD,0.99,44.0,970,119,426,255,170,5236.0,18744.0,11220.0,7480.0,0.202396530248225,0.363575630681589,0.27,15,4.43,753.1,2272.57,3074.54,1840.39,2493.43,0.14,0.5,0.3,0.2,42680.0,9680.93,0.22682591377694472,-0.010000000000000009,0.8,851,0.877319587628866,0.565972160929814,14.667235294117646,4914.93,960.3,44.0,9.980340206185568,0,Cluster 0,41.11,Moderate Potential,Rebalance Channels,0.0,76.73,63.46,16.67,44.87,-1.9750825505800713,0.7879779246688575,1
25345,Tandoori Kitchen,Indian,Cafe,CBD,0.99,30.42,551,67,242,145,97,2038.14,7361.64,4410.9,2950.74,0.234786411654204,0.443164036958478,0.3,4,1.18,114.46,656.38,162.32,97.26,835.82,0.14,0.5,0.3,0.2,16761.42,1751.7800000000002,0.10451262482534299,-0.010000000000000009,0.8,484,0.8784029038112523,0.6779504486126819,8.616701030927835,259.58,545.49,30.419999999999998,3.1792740471869334,0,Cluster 0,29.06,Low Potential,Rebalance Channels,0.0,51.07,64.58,16.67,5.84,-1.4134280755944904,-0.44454897398349347,1
25507,Bombay Bistro,Indian,Cafe,North Shore,1.03,41.47,506,62,222,133,89,2571.14,9206.34,5515.51,3690.83,0.263065988197923,0.449756935448386,0.27,13,3.84,341.76,738.37,158.14,94.74,718.16,0.14,0.5,0.3,0.2,20983.82,1709.4099999999999,0.08146324167858854,0.030000000000000027,0.8,444,0.8774703557312253,0.7128229236463091,8.069213483146067,252.88,521.1800000000001,41.47,3.378280632411067,0,Cluster 0,43.97,Moderate Potential,Rebalance Channels,66.67,48.23,44.16,16.67,26.06,-1.2439626353047506,-0.6770078807443909,1
25064,Curry Kitchen,Indian,QSR,South Auckland,1.05,39.79,1108,144,482,289,193,5729.76,19178.78,11499.31,7679.47,0.274862326569855,0.387011474813335,0.29,16,4.72,910.96,1937.38,923.0,553.42,1685.67,0.15,0.5,0.3,0.2,44087.32,5099.47,0.11566749804705753,0.050000000000000044,0.8,964,0.8700361010830325,0.66187380138319,8.734041450777202,1476.42,1163.4,39.79,4.602409747292419,0,Cluster 0,58.59,Moderate Potential,Rebalance Channels,100.0,54.49,47.04,16.67,53.75,-1.1667503855455148,-0.32384528506954374,1
25913,Bombay Bistro,Indian,Full-service,North Shore,1.03,39.72,1516,220,648,389,259,8738.4,25738.56,15451.08,10287.48,0.383225433982443,0.51841914053075,0.27,5,1.48,383.32,859.47,-4417.88,-2652.09,628.51,0.17,0.5,0.3,0.2,60215.520000000004,-5581.99,-0.0927001875928332,0.030000000000000027,0.8,1296,0.8548812664907651,0.901644574513193,2.426679536679537,-7069.97,1561.48,39.720000000000006,-3.682051451187335,1,Cluster 1,19.79,Low Potential,Optimize,66.67,15.24,28.41,16.67,40.91,0.5938885483335363,-2.6369527694235044,0
26333,Curry Bistro,Indian,Cafe,South Auckland,1.05,39.15,1282,147,568,340,227,5755.05,22237.2,13311.0,8887.05,0.230716460198164,0.444402274116874,0.27,14,4.13,937.51,1869.71,1220.41,730.52,1949.73,0.13,0.5,0.3,0.2,50190.3,5770.37,0.1149698248466337,0.050000000000000044,0.8,1135,0.8853354134165367,0.675118734315038,8.589118942731277,1950.93,1346.1000000000001,39.150000000000006,4.50106864274571,0,Cluster 0,58.98,Moderate Potential,Rebalance Channels,100.0,54.26,48.33,16.67,54.97,-1.1152203349252965,-0.3243573784571651,1
26401,Tandoori House,Indian,QSR,South Auckland,1.05,39.1,510,37,236,142,95,1446.7,9227.6,5552.2,3714.5,0.204883327204734,0.423674208926968,0.31,13,3.84,364.8,537.37,566.97,341.14,1014.92,0.08,0.5,0.3,0.2,19941.0,2460.4,0.12338398274910987,0.050000000000000044,0.8,473,0.9274509803921569,0.628557536131702,10.68336842105263,908.11,535.5,39.1,4.824313725490196,0,Cluster 0,56.87,Moderate Potential,Rebalance Channels,100.0,55.83,57.15,16.67,26.52,-1.9276268846958233,0.08395566976072413,1
25270,Royal Grill,Indian,Cafe,North Shore,1.03,44.24,1636,148,744,446,298,6547.52,32914.56,19731.04,13183.52,0.228769693505019,0.427074353815988,0.27,7,2.07,616.86,2253.37,2440.81,1463.17,3920.33,0.1,0.5,0.3,0.2,72376.64,10077.68,0.1392394010001017,0.030000000000000027,0.8,1488,0.9095354523227384,0.655844047321007,13.155469798657718,3903.98,1685.0800000000002,44.24,6.159951100244499,0,Cluster 0,54.14,Moderate Potential,Rebalance Channels,66.67,59.77,62.96,16.67,49.56,-1.2394181271625304,0.03559500247691765,1
25959,Tandoori House,Indian,Cafe,North Shore,1.03,32.04,524,60,232,139,93,1922.4,7433.28,4453.56,2979.72,0.219312045294791,0.381069437088445,0.27,4,1.18,109.74,768.23,963.49,577.26,1081.01,0.13,0.5,0.3,0.2,16788.960000000003,3389.99,0.2019178078928057,0.030000000000000027,0.8,464,0.8854961832061069,0.600381482383236,11.623763440860214,1540.75,539.72,32.040000000000006,6.469446564885496,0,Cluster 0,52.48,Moderate Potential,Rebalance Channels,66.67,68.63,76.54,16.67,5.66,-2.038901321936523,0.5492707823166773,1
26445,Bombay Grill,Indian,Full-service,West Auckland,1.04,42.58,1038,158,440,264,176,6727.64,18735.2,11241.12,7494.08,0.395378248509951,0.512961703492329,0.32,6,1.77,311.52,616.66,-4277.99,-2566.8,375.39,0.18,0.5,0.3,0.2,44198.04,-5852.74,-0.13242080418045687,0.040000000000000036,0.8,880,0.8477842003853564,0.9083399520022799,2.132897727272727,-6844.79,1079.52,42.58,-5.638477842003853,1,Cluster 1,19.45,Low Potential,Optimize,83.33,7.24,25.73,16.67,27.72,0.5007690279785537,-2.8242470942901434,0
26689,Tandoori Cafe,Indian,Full-service,North Shore,1.03,42.48,927,191,368,221,147,8113.68,15632.64,9388.08,6244.56,0.355269491649233,0.45088061185088,0.33,18,5.31,780.57,1572.84,-2128.39,-1278.19,429.94,0.26,0.5,0.3,0.2,39378.96,-1403.8,-0.03564847827367711,0.030000000000000027,0.8,736,0.7939590075512406,0.8061501035001131,2.9247619047619047,-3406.58,954.8100000000001,42.48,-1.5143473570658037,1,Cluster 1,22.68,Low Potential,Optimize,66.67,25.85,21.46,16.67,51.7,0.1386842018155992,-2.016964843806438,0
26285,Bombay Corner,Indian,Cafe,CBD,0.99,31.62,1649,189,730,438,292,5976.18,23082.6,13849.56,9233.04,0.26230069629848,0.39293724889867,0.3,8,2.36,689.12,2060.36,1033.22,619.93,2494.08,0.13,0.5,0.3,0.2,52141.38,6207.59,0.11905304385883152,-0.010000000000000009,0.8,1460,0.8853850818677986,0.65523794519715,8.5413698630137,1653.15,1632.51,31.619999999999997,3.7644572468162525,0,Cluster 0,35.77,Low Potential,Rebalance Channels,0.0,53.82,61.41,16.67,50.2,-0.9924425955730949,-0.36428071945449,1
25479,Curry Bistro,Indian,QSR,North Shore,1.03,39.98,641,68,286,172,115,2718.64,11434.28,6876.56,4597.7,0.265662389323115,0.358416500827298,0.29,4,1.18,135.7,1021.99,982.45,590.84,1592.67,0.12,0.5,0.3,0.2,25627.18,4187.950000000001,0.16341829260964338,0.030000000000000027,0.8,573,0.8939157566302652,0.624078890150413,13.849304347826088,1573.29,660.23,39.980000000000004,6.533463338533543,0,Cluster 0,51.06,Moderate Potential,Rebalance Channels,66.67,63.53,72.89,16.67,9.54,-1.8506192906255408,0.2978496960131818,1
26207,Bombay Eatery,Indian,QSR,CBD,0.99,38.65,604,74,265,159,106,2860.1,10242.25,6145.35,4096.9,0.257352492902428,0.40286834645085,0.32,16,4.72,500.32,971.8,202.58,121.55,891.72,0.14,0.5,0.3,0.2,23344.6,2187.6499999999996,0.09371117945906118,-0.010000000000000009,0.8,530,0.8774834437086093,0.660220839353278,8.412452830188679,324.13,597.96,38.65,3.6219370860927147,0,Cluster 0,29.84,Low Potential,Rebalance Channels,0.0,50.21,47.29,16.67,35.53,-1.408098327905368,-0.47942169233884663,1
25724,Spice House,Indian,Ghost Kitchen,South Auckland,1.05,41.71,1373,113,630,378,252,4713.23,26277.3,15766.38,10510.92,0.266961202840321,0.253399959648959,0.28,7,2.07,521.64,2260.65,5245.97,3147.58,4519.81,0.09,0.5,0.3,0.2,57267.829999999994,15174.010000000002,0.2649656884152936,0.050000000000000044,0.8,1260,0.9176984705025492,0.52036116248928,17.93575396825397,8393.55,1441.65,41.709999999999994,11.051718863801895,0,Cluster 0,71.35,High Potential,Rebalance Channels,100.0,83.32,83.84,16.67,41.72,-2.2559820549315552,1.3430864677804082,1
25238,Spice Bistro,Indian,Full-service,CBD,0.99,32.21,485,87,199,119,80,2802.27,6409.79,3832.99,2576.8,0.351886709034443,0.498530267947353,0.29,9,2.66,212.8,419.17,-900.04,-538.22,172.65,0.22,0.5,0.3,0.2,15621.849999999999,-846.4399999999999,-0.05418308330959522,-0.010000000000000009,0.8,398,0.8206185567010309,0.850416976981796,2.158125,-1438.26,480.15,32.209999999999994,-1.7452371134020617,1,Cluster 1,1.5,Low Potential,Optimize,0.0,23.04,29.63,16.67,15.4,-0.0014559260709381266,-2.35646134435956,0
26492,Curry Eatery,Indian,QSR,North Shore,1.03,37.39,940,122,409,245,164,4561.58,15292.51,9160.55,6131.96,0.224889688119292,0.40166338889394,0.29,9,2.66,436.24,1703.51,1276.11,764.42,1853.72,0.15,0.5,0.3,0.2,35146.6,5597.76,0.15926889087422397,0.030000000000000027,0.8,818,0.8702127659574468,0.6265530770132319,11.303170731707317,2040.5299999999997,968.2,37.39,5.9550638297872345,0,Cluster 0,52.21,Moderate Potential,Rebalance Channels,66.67,62.19,64.13,16.67,31.13,-1.5384379632381966,0.1633518777001607,1
25320,Tandoori Corner,Indian,Full-service,South Auckland,1.05,34.11,1716,416,650,390,260,14189.76,22171.5,13302.9,8868.6,0.359559498040471,0.476637484016828,0.27,17,5.02,1305.2,2324.33,-2354.55,-1412.73,147.5,0.32,0.5,0.3,0.2,58532.76,-1295.4500000000003,-0.022132050496166594,0.050000000000000044,0.8,1300,0.7575757575757576,0.836196982057299,0.5673076923076923,-3767.28,1801.8000000000002,34.11,-0.7549242424242426,1,Cluster 1,34.87,Low Potential,Optimize,100.0,28.7,18.47,16.67,76.66,0.8940081252785208,-2.2707827247760535,0
26399,Curry Diner,Indian,QSR,West Auckland,1.04,33.57,1622,160,731,439,292,5371.2,24539.67,14737.23,9802.44,0.258429350443184,0.361078180908225,0.29,15,4.43,1293.56,2043.7,2220.66,1333.61,2436.19,0.11,0.5,0.3,0.2,54450.54,8034.16,0.14754968453940034,0.040000000000000036,0.8,1462,0.9013563501849569,0.619507531351409,8.343116438356164,3554.2699999999995,1686.88,33.57,4.95324290998767,0,Cluster 0,59.43,Moderate Potential,Rebalance Channels,83.33,59.26,55.21,16.67,68.29,-1.2831871117826772,-0.00212554881488446,1
25767,Tandoori Eatery,Indian,QSR,CBD,0.99,30.55,1366,112,627,376,251,3421.6,19154.85,11486.8,7668.05,0.277970379982144,0.371558752236888,0.29,8,2.36,592.36,1199.17,1158.31,694.62,2095.07,0.09,0.5,0.3,0.2,41731.3,5147.17,0.12334075382267026,-0.010000000000000009,0.8,1254,0.91800878477306,0.649529132219032,8.346892430278885,1852.9299999999998,1352.34,30.55,3.768060029282577,0,Cluster 0,34.73,Low Potential,Rebalance Channels,0.0,54.4,62.29,16.67,41.17,-1.3130477743320301,-0.2926547403506817,1
25404,Curry Kitchen,Indian,Cafe,CBD,0.99,39.42,1547,127,710,426,284,5006.34,27988.2,16792.92,11195.28,0.205401578303427,0.443159784423187,0.28,14,4.13,1172.92,1759.42,1999.44,1199.66,2761.53,0.09,0.5,0.3,0.2,60982.74,7720.050000000001,0.12659401660207464,-0.010000000000000009,0.8,1420,0.9179056237879767,0.648561362726614,9.723697183098592,3199.1000000000004,1531.53,39.42,4.990336134453782,0,Cluster 0,36.25,Low Potential,Rebalance Channels,0.0,56.49,52.43,16.67,60.95,-1.2655377604001914,-0.1691718455728565,1
25202,Bombay Corner,Indian,Ghost Kitchen,North Shore,1.03,40.04,1418,92,663,398,265,3683.68,26546.52,15935.92,10610.6,0.291234462964348,0.259023642307147,0.3,18,5.31,1407.15,1656.71,3975.13,2386.27,3364.88,0.07,0.5,0.3,0.2,56776.72,11382.990000000002,0.20048692492275005,0.030000000000000027,0.8,1326,0.9351198871650211,0.550258105271495,12.69766037735849,6361.4,1460.54,40.04,8.027496473906913,0,Cluster 0,59.18,Moderate Potential,Rebalance Channels,66.67,70.55,60.91,16.67,67.99,-1.9576762317448864,0.6639493219172621,1
25325,Tandoori Grill,Indian,QSR,West Auckland,1.04,34.01,1213,89,562,337,225,3026.89,19113.62,11461.37,7652.25,0.279793931487948,0.408069194294512,0.27,6,1.77,398.25,944.8,805.39,482.95,1990.3,0.08,0.5,0.3,0.2,41254.13,4223.44,0.10237617421576943,0.040000000000000036,0.8,1124,0.9266281945589447,0.68786312578246,8.845777777777778,1288.34,1261.52,34.01,3.481813685078318,0,Cluster 0,53.11,Moderate Potential,Rebalance Channels,83.33,51.19,59.72,16.67,33.58,-1.25413938274686,-0.43167826666612863,1
26621,Tandoori Eatery,Indian,QSR,CBD,0.99,40.33,628,72,278,167,111,2903.76,11211.74,6735.11,4476.63,0.26501995574683,0.399025585385971,0.33,16,4.72,523.92,975.53,66.76,40.1,980.02,0.13,0.5,0.3,0.2,25327.24,2062.41,0.08143050723252908,-0.010000000000000009,0.8,556,0.8853503184713376,0.664045541132801,8.82900900900901,106.86000000000001,621.72,40.330000000000005,3.2840923566878977,0,Cluster 0,29.31,Low Potential,Rebalance Channels,0.0,48.1,46.7,16.67,36.3,-1.3939281744520713,-0.5373039910794053,1
26096,Spice Grill,Indian,Full-service,South Auckland,1.05,45.37,1762,229,766,460,307,10389.73,34753.42,20870.2,13928.59,0.373291050165426,0.50635389033705,0.28,6,1.77,543.39,1250.46,-5548.21,-3331.82,1132.99,0.15,0.5,0.3,0.2,79941.93999999999,-6496.58,-0.08126622896567184,0.050000000000000044,0.8,1533,0.8700340522133939,0.879644940502476,3.6905211726384364,-8880.03,1850.1000000000001,45.36999999999999,-3.687048808172531,1,Cluster 1,30.61,Low Potential,Optimize,100.0,16.77,30.16,16.67,52.55,0.4982182675918363,-2.3567764085524985,0
26097,Royal Grill,Indian,Ghost Kitchen,West Auckland,1.04,38.59,633,57,288,173,115,2199.63,11113.92,6676.07,4437.85,0.283717413037084,0.223925864184275,0.28,7,2.07,238.05,1083.0,2360.12,1417.71,1946.96,0.1,0.5,0.3,0.2,24427.47,6807.79,0.2786940276663936,0.040000000000000036,0.8,576,0.909952606635071,0.5076432772213589,16.93008695652174,3777.83,658.32,38.59,10.75480252764613,0,Cluster 0,64.16,High Potential,Rebalance Channels,83.33,84.76,85.8,16.67,16.48,-2.6639359841668346,1.430921035801327,1
26219,Royal Kitchen,Indian,QSR,North Shore,1.03,36.34,1293,128,582,350,233,4651.52,21149.88,12719.0,8467.22,0.273164425063878,0.437278969050385,0.31,15,4.43,1032.19,1346.88,-432.38,-260.02,1419.55,0.11,0.5,0.3,0.2,46987.62,2074.03,0.04413992451628748,0.030000000000000027,0.8,1165,0.9010054137664346,0.7104433941142629,6.092489270386266,-692.4,1331.79,36.34,1.6040448569218873,0,Cluster 0,46.13,Moderate Potential,Rebalance Channels,66.67,40.81,41.19,16.67,56.85,-0.83505192247101,-0.9632582834386425,1
25047,Tandoori Eatery,Indian,QSR,West Auckland,1.04,44.82,734,78,328,197,131,3495.96,14700.96,8829.54,5871.42,0.244568080697209,0.403566297888756,0.32,14,4.13,541.03,1230.11,468.46,281.36,1524.92,0.12,0.5,0.3,0.2,32897.88,3504.85,0.106537260151718,0.040000000000000036,0.8,656,0.8937329700272479,0.648134378585965,11.640610687022901,749.8199999999999,763.36,44.81999999999999,4.7749999999999995,0,Cluster 0,52.64,Moderate Potential,Rebalance Channels,83.33,53.5,52.49,16.67,36.2,-1.548856035528572,-0.1426243158729903,1
25697,Royal House,Indian,QSR,South Auckland,1.05,41.5,883,87,398,239,159,3610.5,16517.0,9918.5,6598.5,0.220556069426239,0.42173113625031,0.31,17,5.02,798.18,1291.52,788.07,473.24,1562.19,0.11,0.5,0.3,0.2,36644.5,4115.02,0.11229570604046993,0.050000000000000044,0.8,796,0.9014722536806342,0.642287205676549,9.825094339622641,1261.31,927.1500000000001,41.5,4.660271800679502,0,Cluster 0,57.97,Moderate Potential,Rebalance Channels,100.0,54.12,48.36,16.67,48.47,-1.5257884954253726,-0.12557860576126528,1
26465,Tandoori Diner,Indian,QSR,North Shore,1.03,34.89,1339,143,598,359,239,4989.27,20864.22,12525.51,8338.71,0.216410799063742,0.360744556062855,0.3,17,5.02,1199.78,2109.69,2563.06,1538.69,2326.2,0.12,0.5,0.3,0.2,46717.71,8537.64,0.1827495397355735,0.030000000000000027,0.8,1196,0.8932038834951457,0.577155355126597,9.733054393305439,4101.75,1379.17,34.89,6.376131441374159,0,Cluster 0,56.78,Moderate Potential,Rebalance Channels,66.67,65.93,58.4,16.67,63.04,-1.658575547281892,0.4153056633800381,1
26222,Bombay Tavern,Indian,Cafe,CBD,0.99,35.06,1469,145,662,397,265,5083.7,23209.72,13918.82,9290.9,0.257371511384845,0.422914584865794,0.32,5,1.48,392.2,1625.33,-6.64,-3.98,2578.23,0.11,0.5,0.3,0.2,51503.14000000001,4192.94,0.08141134695865143,-0.010000000000000009,0.8,1324,0.9012933968686181,0.680286096250639,9.729169811320755,-10.62,1454.31,35.06,2.85428182437032,0,Cluster 0,32.5,Low Potential,Rebalance Channels,0.0,47.52,62.53,16.67,37.46,-0.9990606696276714,-0.5630038802803514,1
26613,Royal Kitchen,Indian,Cafe,West Auckland,1.04,35.71,478,58,210,126,84,2071.18,7499.1,4499.46,2999.64,0.216459960769862,0.374055620725267,0.29,17,5.02,421.68,848.12,896.03,537.62,806.63,0.14,0.5,0.3,0.2,17069.38,3088.4,0.18093217211169943,0.040000000000000036,0.8,420,0.8786610878661087,0.590515581495129,9.602738095238095,1433.65,497.12,35.71,6.4610878661087865,0,Cluster 0,56.24,Moderate Potential,Rebalance Channels,83.33,65.8,56.34,16.67,34.62,-1.9728972516880128,0.3872644066978987,1
26104,Curry Grill,Indian,Full-service,North Shore,1.03,37.2,1558,203,678,406,271,7551.6,25221.6,15103.2,10081.2,0.394597242539749,0.46595036315266,0.27,6,1.77,479.67,1053.09,-3292.62,-1971.69,926.18,0.15,0.5,0.3,0.2,57957.59999999999,-3285.0399999999995,-0.056680055764904,0.030000000000000027,0.8,1355,0.8697047496790757,0.860547605692409,3.4176383763837634,-5264.3099999999995,1604.74,37.199999999999996,-2.1084980744544284,1,Cluster 1,23.04,Low Potential,Optimize,66.67,22.21,33.1,16.67,44.64,0.30411240771717873,-2.2869565704331576,0
26145,Spice Grill,Indian,QSR,South Auckland,1.05,40.64,1020,84,468,281,187,3413.76,19019.52,11419.84,7599.68,0.235223977230489,0.353703589946963,0.31,14,4.13,772.31,1403.3,1922.35,1154.23,2351.71,0.09,0.5,0.3,0.2,41452.799999999996,6831.589999999999,0.164804066311564,0.050000000000000044,0.8,936,0.9176470588235294,0.588927567177452,12.575989304812834,3076.58,1071.0,40.63999999999999,6.69763725490196,0,Cluster 0,62.73,High Potential,Rebalance Channels,100.0,63.94,61.62,16.67,46.11,-1.884058731920725,0.43646389736139646,1
25458,Royal Bistro,Indian,Full-service,CBD,0.99,32.89,1708,319,694,417,278,10491.91,22825.66,13715.13,9143.42,0.358053909707814,0.541396578447893,0.3,12,3.54,984.12,1054.96,-4552.59,-2735.49,-64.75,0.23,0.5,0.3,0.2,56176.119999999995,-6297.87,-0.11210938028471885,-0.010000000000000009,0.8,1389,0.813231850117096,0.899450488155707,-0.2329136690647482,-7288.08,1690.92,32.89,-3.687277517564403,1,Cluster 1,3.28,Low Potential,Optimize,0.0,12.61,17.09,16.67,61.42,1.0219446976031024,-3.0040566114714324,0
26107,Tandoori Tavern,Indian,Cafe,North Shore,1.03,39.73,971,119,426,256,170,4727.87,16924.98,10170.88,6754.1,0.220234274100512,0.356106535042636,0.3,4,1.18,200.6,2003.01,2092.93,1257.72,2660.84,0.14,0.5,0.3,0.2,38577.829999999994,8014.5,0.20774885471785223,0.030000000000000027,0.8,852,0.8774459320288363,0.576340809143148,15.652000000000001,3350.6499999999996,1000.13,39.73,8.253861997940268,0,Cluster 0,56.25,Moderate Potential,Rebalance Channels,66.67,71.83,80.25,16.67,20.49,-1.921738122159889,0.7733916754301957,1
25744,Spice Bistro,Indian,Cafe,West Auckland,1.04,45.96,506,66,220,132,88,3033.36,10111.2,6066.72,4044.48,0.263840750865638,0.350082896370441,0.31,17,5.02,441.76,1171.11,769.22,461.53,1119.72,0.15,0.5,0.3,0.2,23255.760000000002,3521.58,0.15142829131363583,0.040000000000000036,0.8,440,0.8695652173913043,0.613923647236079,12.72409090909091,1230.75,526.24,45.96,6.959644268774704,0,Cluster 0,54.84,Moderate Potential,Rebalance Channels,83.33,62.5,52.73,16.67,35.56,-1.7874710370029225,0.19612313303175008,1
25866,Spice Corner,Indian,QSR,West Auckland,1.04,42.39,1697,208,744,447,298,8817.12,31538.16,18948.33,12632.22,0.269348163623363,0.408116451813839,0.27,8,2.36,703.28,2843.83,1656.87,995.46,3371.06,0.14,0.5,0.3,0.2,71935.83,8867.22,0.12326569388300655,0.040000000000000036,0.8,1489,0.8774307601649971,0.6774646154372019,11.31228187919463,2652.33,1764.88,42.39,5.225232763700648,0,Cluster 0,57.19,Moderate Potential,Rebalance Channels,83.33,56.36,57.98,16.67,54.47,-0.905771477620909,-0.2585707536620282,1
25746,Bombay Kitchen,Indian,Cafe,CBD,0.99,36.31,1164,151,506,304,203,5482.81,18372.86,11038.24,7370.93,0.219539311733097,0.379697456932627,0.27,14,4.13,838.39,2197.31,2402.49,1443.4,2115.61,0.15,0.5,0.3,0.2,42264.840000000004,8158.8099999999995,0.19304012507796076,-0.010000000000000009,0.8,1013,0.8702749140893471,0.5992367686657241,10.421724137931035,3845.89,1152.36,36.31,7.009286941580756,0,Cluster 0,38.86,Low Potential,Rebalance Channels,0.0,68.17,60.03,16.67,48.73,-1.582157488164482,0.3239667650213787,1
26232,Tandoori Kitchen,Indian,QSR,North Shore,1.03,37.99,625,51,287,172,115,1937.49,10903.13,6534.28,4368.85,0.275574485715479,0.429182407120243,0.32,14,4.13,474.95,572.03,-269.93,-161.77,814.92,0.09,0.5,0.3,0.2,23743.75,955.2499999999999,0.04023163990523822,0.030000000000000027,0.8,574,0.9184,0.704756892835722,7.086260869565217,-431.70000000000005,643.75,37.99,1.5283999999999998,0,Cluster 0,42.82,Moderate Potential,Rebalance Channels,66.67,40.18,43.77,16.67,32.34,-1.2812708835703805,-0.8683276829863911,1
25949,Spice Grill,Indian,Cafe,North Shore,1.03,34.8,945,116,414,249,166,4036.8,14407.2,8665.2,5776.8,0.27771425018087,0.398123694886453,0.29,14,4.13,685.58,1308.58,492.18,296.02,1187.04,0.14,0.5,0.3,0.2,32886.0,3283.8199999999997,0.09985464939487927,0.030000000000000027,0.8,829,0.8772486772486773,0.675837945067323,7.150843373493975,788.2,973.35,34.8,3.4749417989417988,0,Cluster 0,47.97,Moderate Potential,Rebalance Channels,66.67,50.84,48.22,16.67,42.96,-1.1745841619748825,-0.5306521059280677,1
26477,Bombay Tavern,Indian,Cafe,West Auckland,1.04,45.86,1100,100,500,300,200,4586.0,22930.0,13758.0,9172.0,0.218355244267732,0.397347188158892,0.3,5,1.48,296.0,1762.39,1932.94,1159.77,3228.78,0.1,0.5,0.3,0.2,50446.0,8083.880000000001,0.16024818617928083,0.040000000000000036,0.8,1000,0.9090909090909091,0.615702432426624,16.143900000000002,3092.71,1144.0,45.86,7.348981818181819,0,Cluster 0,58.0,Moderate Potential,Rebalance Channels,83.33,64.21,72.48,16.67,27.46,-1.7555638818631907,0.4497981244396035,1
25547,Spice Kitchen,Indian,QSR,CBD,0.99,30.69,1054,129,462,278,185,3959.01,14178.78,8531.82,5677.65,0.206030499003828,0.407672602171078,0.32,14,4.13,764.05,1529.35,940.01,565.63,1429.21,0.14,0.5,0.3,0.2,32347.260000000002,4464.2,0.13800859794616296,-0.010000000000000009,0.8,925,0.8776091081593927,0.613703101174906,7.72545945945946,1505.6399999999999,1043.46,30.69,4.235483870967742,0,Cluster 0,35.1,Low Potential,Rebalance Channels,0.0,57.01,57.8,16.67,45.22,-1.4627350463806668,-0.06708984469980998,1
26075,Bombay Cafe,Indian,Full-service,South Auckland,1.05,33.96,2027,491,768,461,307,16674.36,26081.28,15655.56,10425.72,0.351224799279589,0.532647073408589,0.32,18,5.31,1630.17,1936.36,-5317.24,-3191.73,-419.45,0.32,0.5,0.3,0.2,68836.92,-6992.06,-0.10157427148105988,0.050000000000000044,0.8,1536,0.7577701036013813,0.883871872688178,-1.36628664495114,-8508.97,2128.35,33.96,-3.4494622594967934,1,Cluster 1,31.41,Low Potential,Optimize,100.0,14.35,9.48,16.67,89.51,1.446576431373397,-2.9331785917149604,0
25332,Spice Tavern,Indian,QSR,CBD,0.99,30.89,614,70,272,163,109,2162.3,8402.08,5035.07,3367.01,0.246180343739688,0.441651750309393,0.29,10,2.95,321.55,675.0,186.26,111.62,729.52,0.13,0.5,0.3,0.2,18966.46,1702.4,0.0897584472800934,-0.010000000000000009,0.8,544,0.8859934853420195,0.687832094049081,6.692844036697248,297.88,607.86,30.889999999999997,2.772638436482085,0,Cluster 0,28.52,Low Potential,Rebalance Channels,0.0,48.53,53.05,16.67,21.85,-1.3122642533974647,-0.6466245774973052,1
25078,Spice Eatery,Indian,Full-service,CBD,0.99,34.5,954,184,385,231,154,6348.0,13282.5,7969.5,5313.0,0.380056269501802,0.466577301663347,0.3,6,1.77,272.58,973.57,-1947.66,-1168.6,542.26,0.24,0.5,0.3,0.2,32913.0,-1600.43,-0.04862607480326923,-0.010000000000000009,0.8,770,0.8071278825995807,0.8466335711651489,3.521168831168831,-3116.26,944.46,34.5,-1.6775995807127884,1,Cluster 1,4.02,Low Potential,Optimize,0.0,23.88,35.25,16.67,23.36,0.26907706461971453,-2.309708763796062,0
26535,Curry Diner,Indian,Cafe,CBD,0.99,38.14,1607,159,724,434,290,6064.26,27613.36,16552.76,11060.6,0.204376494511962,0.383977796067484,0.31,11,3.25,942.5,2496.33,2806.78,1682.52,3610.55,0.11,0.5,0.3,0.2,61290.98,10596.18,0.17288318770559713,-0.010000000000000009,0.8,1448,0.9010578718108276,0.588354290579446,12.450172413793105,4489.3,1590.93,38.14,6.593764779091475,0,Cluster 0,40.44,Moderate Potential,Rebalance Channels,0.0,64.89,66.69,16.67,55.86,-1.5292111120617762,0.3756024641295391,1
26643,Royal Grill,Indian,Full-service,CBD,0.99,33.57,1667,289,689,413,276,9701.73,23129.73,13864.41,9265.32,0.39728331787046,0.474615921708755,0.28,17,5.02,1385.52,1242.8,-3513.39,-2105.99,-198.63,0.21,0.5,0.3,0.2,55961.189999999995,-4575.21,-0.08175683898072933,-0.010000000000000009,0.8,1378,0.826634673065387,0.871899239579215,-0.7196739130434783,-5619.379999999999,1650.33,33.57,-2.7445770845830832,1,Cluster 1,5.35,Low Potential,Optimize,0.0,17.98,12.97,16.67,71.78,0.7713301919031604,-2.787223720493796,0
25756,Spice Diner,Indian,Cafe,North Shore,1.03,32.1,616,66,275,165,110,2118.6,8827.5,5296.5,3531.0,0.227221258115023,0.372634863946587,0.31,7,2.07,227.7,847.74,795.75,477.45,1185.21,0.12,0.5,0.3,0.2,19773.6,3306.15,0.16720020633572036,0.030000000000000027,0.8,550,0.8928571428571429,0.59985612206161,10.774636363636365,1273.2,634.48,32.099999999999994,5.367126623376624,0,Cluster 0,51.46,Moderate Potential,Rebalance Channels,66.67,62.47,71.59,16.67,15.71,-1.9320283597160506,0.3397857512710342,1
26606,Tandoori Diner,Indian,QSR,CBD,0.99,36.96,1185,145,520,312,208,5359.2,19219.2,11531.52,7687.68,0.224772080108523,0.37316050613299,0.29,5,1.48,307.84,2154.76,2153.85,1292.31,2783.13,0.14,0.5,0.3,0.2,43797.6,8384.05,0.19142715582588998,-0.010000000000000009,0.8,1040,0.8776371308016878,0.597932586241513,13.380432692307693,3446.16,1173.15,36.96,7.0751476793248935,0,Cluster 0,38.81,Low Potential,Rebalance Channels,0.0,68.04,75.22,16.67,28.4,-1.6560854717876838,0.4526214303085364,1
25759,Spice Cafe,Indian,QSR,North Shore,1.03,30.99,1553,178,688,412,275,5516.22,21321.12,12767.88,8522.25,0.270179027989507,0.355104209878482,0.32,16,4.72,1298.0,2067.02,1166.62,698.62,1895.43,0.13,0.5,0.3,0.2,48127.47,5827.69,0.12108864230760519,0.030000000000000027,0.8,1375,0.8853831294269157,0.625283237867989,6.892472727272727,1865.2399999999998,1599.5900000000001,30.990000000000002,3.752537025112685,0,Cluster 0,53.39,Moderate Potential,Rebalance Channels,66.67,54.08,52.68,16.67,67.81,-1.1345108520502463,-0.25127232969698926,1
26487,Spice House,Indian,Full-service,CBD,0.99,37.63,781,141,320,192,128,5305.83,12041.6,7224.96,4816.64,0.377514863258693,0.46494656840805,0.3,9,2.66,340.48,835.87,-1715.46,-1029.28,418.33,0.22,0.5,0.3,0.2,29389.03,-1490.54,-0.05071756366235973,-0.010000000000000009,0.8,640,0.8194622279129321,0.8424614316667429,3.268203125,-2744.74,773.1899999999999,37.629999999999995,-1.9085019206145966,1,Cluster 1,3.22,Low Potential,Optimize,0.0,23.29,30.85,16.67,24.85,0.0916344743014707,-2.2671275236429533,0
25153,Curry Grill,Indian,Cafe,CBD,0.99,40.16,850,84,383,230,153,3373.44,15381.28,9236.8,6144.48,0.259762070644647,0.447379531897604,0.3,3,0.89,136.17,987.94,-109.85,-65.97,1663.29,0.11,0.5,0.3,0.2,34136.0,2475.41,0.07251611202249823,-0.010000000000000009,0.8,766,0.9011764705882352,0.707141602542251,10.871176470588235,-175.82,841.5,40.16,2.9122470588235294,0,Cluster 0,28.4,Low Potential,Rebalance Channels,0.0,46.4,61.72,16.67,13.05,-1.2189144122606692,-0.6251402258302623,1
25033,Spice Diner,Indian,Full-service,West Auckland,1.04,34.95,618,153,232,140,93,5347.35,8108.4,4893.0,3250.35,0.371757352666464,0.462851057504304,0.32,16,4.72,438.96,884.41,-1253.63,-756.5,98.62,0.33,0.5,0.3,0.2,21599.1,-1027.1000000000004,-0.047552907297063324,0.040000000000000036,0.8,465,0.7524271844660194,0.834608410170768,1.0604301075268818,-2010.13,642.72,34.949999999999996,-1.661974110032363,1,Cluster 1,23.97,Low Potential,Optimize,83.33,24.05,20.41,16.67,36.98,0.4172057498817494,-2.3461788915552466,0
26126,Spice Eatery,Indian,QSR,South Auckland,1.05,39.42,1685,139,773,464,309,5479.38,30471.66,18290.88,12180.78,0.230952102020383,0.362889633560553,0.31,3,0.89,275.01,2225.5,2930.1,1758.82,4672.31,0.09,0.5,0.3,0.2,66422.7,11586.73,0.17443931065735058,0.050000000000000044,0.8,1546,0.9175074183976261,0.593841735580936,15.120744336569581,4688.92,1769.25,39.42,6.87639762611276,0,Cluster 0,66.15,High Potential,Rebalance Channels,100.0,65.48,79.19,16.67,42.94,-1.5932001993048157,0.557934749038323,1
26653,Curry Tavern,Indian,Cafe,North Shore,1.03,40.32,968,88,440,264,176,3548.16,17740.8,10644.48,7096.32,0.265767632648349,0.375899662310258,0.27,14,4.13,726.88,1271.42,1567.09,940.26,1815.96,0.1,0.5,0.3,0.2,39029.759999999995,5594.7300000000005,0.14334523194608426,0.030000000000000027,0.8,880,0.9090909090909091,0.6416672949586071,10.317954545454546,2507.35,997.0400000000001,40.31999999999999,5.779679752066116,0,Cluster 0,51.38,Moderate Potential,Rebalance Channels,66.67,59.81,53.49,16.67,43.73,-1.5883839240796624,-0.01831913673367212,1
25440,Bombay Bistro,Indian,QSR,North Shore,1.03,33.12,792,97,348,208,139,3212.64,11525.76,6888.96,4603.68,0.244969292469323,0.365438399394043,0.29,16,4.72,656.08,1251.62,1147.88,686.09,1137.48,0.14,0.5,0.3,0.2,26231.04,4223.07,0.16099514163372858,0.030000000000000027,0.8,695,0.8775252525252525,0.610407691863366,8.183309352517986,1833.9700000000003,815.76,33.120000000000005,5.332159090909091,0,Cluster 0,51.94,Moderate Potential,Rebalance Channels,66.67,61.58,54.97,16.67,42.55,-1.663411312992134,0.10440366403626056,1
26236,Royal Grill,Indian,QSR,CBD,0.99,40.75,599,64,268,160,107,2608.0,10921.0,6520.0,4360.25,0.211037353798747,0.438833950948901,0.3,8,2.36,252.52,913.14,547.46,326.84,1274.13,0.12,0.5,0.3,0.2,24409.25,3061.5699999999997,0.12542663129756138,-0.010000000000000009,0.8,535,0.8931552587646077,0.649871304747648,11.907757009345795,874.3,593.01,40.75,5.111135225375626,0,Cluster 0,31.58,Low Potential,Rebalance Channels,0.0,56.5,62.24,16.67,16.71,-1.667549984271474,-0.07100385712203681,1
26665,Royal Grill,Indian,Full-service,South Auckland,1.05,43.01,1756,304,726,436,290,13075.04,31225.26,18752.36,12472.9,0.38189453529194,0.513519361917861,0.28,14,4.13,1197.7,1367.47,-5477.34,-3289.42,106.79,0.21,0.5,0.3,0.2,75525.56,-7292.5,-0.09655671536894266,0.050000000000000044,0.8,1452,0.826879271070615,0.8954138972098009,0.36824137931034484,-8766.76,1843.8000000000002,43.01,-4.152904328018224,1,Cluster 1,29.55,Low Potential,Optimize,100.0,14.08,14.38,16.67,71.01,0.8759672976722831,-2.714301879799258,0
25578,Spice Cafe,Indian,QSR,West Auckland,1.04,32.96,934,114,410,246,164,3757.44,13513.6,8108.16,5405.44,0.202443747427315,0.354591334611177,0.28,7,2.07,339.48,1664.41,2202.24,1321.35,2054.94,0.14,0.5,0.3,0.2,30784.64,7242.9400000000005,0.2352777229163635,0.040000000000000036,0.8,820,0.8779443254817987,0.557035082038492,12.530121951219513,3523.5899999999997,971.36,32.96,7.754753747323341,0,Cluster 0,61.67,High Potential,Rebalance Channels,83.33,74.86,78.19,16.67,26.56,-2.0463858864506186,0.9158314069899726,1
25929,Bombay Grill,Indian,QSR,CBD,0.99,40.71,1586,144,721,433,288,5862.24,29351.91,17627.43,11724.48,0.261057219300419,0.387353183235973,0.28,11,3.25,936.0,2061.1,2101.29,1261.94,3186.21,0.1,0.5,0.3,0.2,64566.06,8610.54,0.13336015857247602,-0.010000000000000009,0.8,1442,0.9092055485498108,0.6484104025363919,11.063229166666666,3363.23,1570.1399999999999,40.71,5.429092055485499,0,Cluster 0,36.76,Low Potential,Rebalance Channels,0.0,57.99,57.43,16.67,55.19,-1.2290883058060043,-0.14630331509915978,1
25525,Spice Bistro,Indian,Cafe,South Auckland,1.05,39.22,1707,169,769,461,308,6628.18,30160.18,18080.42,12079.76,0.221280722506344,0.383297110931016,0.32,14,4.13,1272.04,2620.93,2274.75,1363.66,3504.56,0.11,0.5,0.3,0.2,66948.54,9763.9,0.1458418660063386,0.050000000000000044,0.8,1538,0.90099589923843,0.6045778334373599,11.378441558441558,3638.41,1792.3500000000001,39.22,5.7199179847686,0,Cluster 0,64.76,High Potential,Rebalance Channels,100.0,60.07,59.21,16.67,69.35,-1.3416246972095018,0.20436357660830495,1
26147,Spice Grill,Indian,Full-service,South Auckland,1.05,44.16,993,246,374,224,149,10863.36,16515.84,9891.84,6579.84,0.392545880540274,0.520224752998911,0.28,6,1.77,263.73,947.6,-3183.77,-1906.86,310.23,0.33,0.5,0.3,0.2,43850.880000000005,-3832.7999999999997,-0.08740531546915363,0.050000000000000044,0.8,747,0.7522658610271903,0.912770633539185,2.082080536912752,-5090.63,1042.65,44.160000000000004,-3.8598187311178247,1,Cluster 1,25.42,Low Potential,Optimize,100.0,15.71,25.05,16.67,26.53,0.9399140513454821,-2.7203671623677863,0
26619,Tandoori Bistro,Indian,Cafe,CBD,0.99,42.55,973,119,427,256,171,5063.45,18168.85,10892.8,7276.05,0.241101745236665,0.381717206002213,0.3,17,5.02,858.42,1909.84,1402.29,840.72,1885.97,0.14,0.5,0.3,0.2,41401.15,6038.820000000001,0.14586116569225735,-0.010000000000000009,0.8,854,0.8776978417266187,0.622818951238878,11.029064327485381,2243.01,963.27,42.550000000000004,6.20639260020555,0,Cluster 0,35.4,Low Potential,Rebalance Channels,0.0,60.73,51.36,16.67,49.64,-1.5159424798707146,0.008308103109164657,1
26419,Spice Kitchen,Indian,Full-service,South Auckland,1.05,33.27,660,160,250,150,100,5323.2,8317.5,4990.5,3327.0,0.356647593807429,0.510117775341496,0.29,17,5.02,502.0,709.23,-1303.9,-782.34,-58.73,0.32,0.5,0.3,0.2,21958.2,-1435.7400000000002,-0.06538514085854033,0.050000000000000044,0.8,500,0.7575757575757576,0.866765369148925,-0.5872999999999999,-2086.2400000000002,693.0,33.27,-2.175363636363637,1,Cluster 1,26.63,Low Potential,Optimize,100.0,20.95,13.76,16.67,40.93,0.583492915098679,-2.5989278206953585,0
26501,Tandoori Corner,Indian,Ghost Kitchen,North Shore,1.03,35.43,1511,137,687,412,275,4853.91,24340.41,14597.16,9743.25,0.250613305682782,0.236551172996406,0.32,6,1.77,486.75,2489.26,4693.7,2814.85,4509.93,0.1,0.5,0.3,0.2,53534.729999999996,14507.74,0.2709967903078992,0.030000000000000027,0.8,1374,0.9093315684976837,0.487164478679188,16.399745454545457,7508.549999999999,1556.33,35.43,9.601416280608868,0,Cluster 0,64.3,High Potential,Rebalance Channels,66.67,82.17,90.65,16.67,43.08,-2.276099603556019,1.4464291445497643,1
25329,Bombay Cafe,Indian,Cafe,North Shore,1.03,34.77,817,81,368,221,147,2816.37,12795.36,7684.17,5111.19,0.20891814365983,0.436058595543727,0.27,15,4.43,651.21,999.88,1087.9,653.33,1163.38,0.11,0.5,0.3,0.2,28407.09,3904.4900000000002,0.1374477287184291,0.030000000000000027,0.8,736,0.9008567931456548,0.644976739203557,7.914149659863947,1741.23,841.51,34.77,4.77905752753978,0,Cluster 0,50.0,Moderate Potential,Rebalance Channels,66.67,57.67,51.28,16.67,41.05,-1.5864202820368654,-0.09480231100118786,1
25936,Royal Cafe,Indian,QSR,West Auckland,1.04,40.36,1412,128,642,385,257,5166.08,25911.12,15538.6,10372.52,0.259702173862606,0.402220298838802,0.28,10,2.95,758.15,1746.54,1504.85,902.44,2748.57,0.1,0.5,0.3,0.2,56988.31999999999,6902.4,0.12111955572650678,0.040000000000000036,0.8,1284,0.9093484419263456,0.661922472701408,10.694824902723736,2407.29,1468.48,40.35999999999999,4.888385269121812,0,Cluster 0,56.08,Moderate Potential,Rebalance Channels,83.33,55.61,57.04,16.67,49.58,-1.2457405279751874,-0.18041244553284666,1
25169,Bombay Eatery,Indian,Cafe,North Shore,1.03,33.38,1202,109,546,328,219,3638.42,18225.48,10948.64,7310.22,0.240091151744127,0.410124057391658,0.28,7,2.07,453.33,1272.66,1271.86,764.05,2103.67,0.1,0.5,0.3,0.2,40122.76,5412.24,0.1348920164016633,0.030000000000000027,0.8,1093,0.9093178036605657,0.650215209135785,9.60579908675799,2035.9099999999999,1238.06,33.38,4.502695507487521,0,Cluster 0,51.44,Moderate Potential,Rebalance Channels,66.67,56.95,63.82,16.67,35.16,-1.4208130852067031,-0.0896055169180932,1
26262,Curry Corner,Indian,Full-service,CBD,0.99,30.28,957,237,360,216,144,7176.36,10900.8,6540.48,4360.32,0.389117768767756,0.534674153849483,0.27,3,0.89,128.16,546.9,-2112.49,-1267.49,204.13,0.33,0.5,0.3,0.2,28977.96,-2628.95,-0.0907223972978084,-0.010000000000000009,0.8,720,0.7523510971786834,0.9237919226172391,1.4175694444444444,-3379.9799999999996,947.43,30.279999999999998,-2.747074190177638,1,Cluster 1,0.0,Low Potential,Optimize,0.0,16.77,28.33,16.67,16.46,1.0364638365070271,-3.026776468387422,0
25211,Curry Tavern,Indian,Cafe,South Auckland,1.05,35.75,911,104,404,242,161,3718.0,14443.0,8651.5,5755.75,0.24738922284916,0.375637275981717,0.31,16,4.72,759.92,1401.59,967.3,579.42,1409.85,0.13,0.5,0.3,0.2,32568.25,4358.16,0.1338162167141311,0.050000000000000044,0.8,807,0.8858397365532382,0.623026498830877,8.756832298136645,1546.7199999999998,956.5500000000001,35.75,4.783929747530187,0,Cluster 0,59.46,Moderate Potential,Rebalance Channels,100.0,57.18,53.03,16.67,47.09,-1.537532078452133,-0.028397999882275714,1
26306,Bombay Eatery,Indian,Cafe,South Auckland,1.05,40.07,1218,100,559,335,224,4007.0,22399.13,13423.45,8975.68,0.275403123795986,0.396439639991149,0.31,4,1.18,264.32,1314.93,406.71,243.73,2681.11,0.09,0.5,0.3,0.2,48805.26,4646.4800000000005,0.09520449230267394,0.050000000000000044,0.8,1118,0.9178981937602627,0.671842763787135,11.969241071428572,650.4399999999999,1278.9,40.07,3.814844006568145,0,Cluster 0,57.69,Moderate Potential,Rebalance Channels,100.0,50.67,65.52,16.67,29.47,-1.3058695987812483,-0.2654595829801262,1
25482,Spice Eatery,Indian,Full-service,North Shore,1.03,31.8,888,154,367,220,147,4897.2,11670.6,6996.0,4674.6,0.392120596475434,0.483421585988253,0.3,13,3.84,564.48,609.49,-2048.68,-1228.09,17.31,0.21,0.5,0.3,0.2,28238.4,-2649.97,-0.09384278146070597,0.030000000000000027,0.8,734,0.8265765765765766,0.8755421824636871,0.11775510204081632,-3276.7699999999995,914.64,31.8,-2.9842004504504502,1,Cluster 1,17.8,Low Potential,Optimize,66.67,16.02,19.08,16.67,38.74,0.3942631308624407,-2.7299728087859583,0
25457,Royal Diner,Indian,Full-service,CBD,0.99,39.01,1062,275,394,236,157,10727.75,15369.94,9206.36,6124.57,0.384822722373065,0.492451391811483,0.27,3,0.89,139.73,1316.57,-2263.59,-1355.86,611.91,0.35,0.5,0.3,0.2,41428.62,-1690.9700000000003,-0.040816469387587616,-0.010000000000000009,0.8,787,0.7410546139359698,0.8772741141845479,3.897515923566879,-3619.45,1051.3799999999999,39.010000000000005,-1.592250470809793,1,Cluster 1,3.83,Low Potential,Optimize,0.0,25.05,35.5,16.67,19.81,0.8093248588811757,-2.441520131914374,0
26630,Spice House,Indian,Ghost Kitchen,South Auckland,1.05,43.17,655,59,298,179,119,2547.03,12864.66,7727.43,5137.23,0.276819002674893,0.345801801141351,0.32,4,1.18,140.42,961.2,738.16,443.39,1798.26,0.1,0.5,0.3,0.2,28276.350000000002,3941.01,0.13937477786206492,0.050000000000000044,0.8,596,0.9099236641221374,0.622620803816244,15.111428571428572,1181.55,687.75,43.17,6.0168091603053435,0,Cluster 0,58.59,Moderate Potential,Rebalance Channels,100.0,59.6,73.11,16.67,10.43,-1.8832598937183482,0.2675749127493324,1
25424,Curry House,Indian,Cafe,West Auckland,1.04,34.46,1146,122,512,307,205,4204.12,17643.52,10579.22,7064.3,0.267271007932723,0.403685403359123,0.31,15,4.43,908.15,1383.34,336.0,201.47,1416.31,0.12,0.5,0.3,0.2,39491.16,3337.12,0.08450296218191615,0.040000000000000036,0.8,1024,0.893542757417103,0.670956411291846,6.908829268292683,537.47,1191.8400000000001,34.46,2.9119720767888304,0,Cluster 0,52.64,Moderate Potential,Rebalance Channels,83.33,48.01,47.28,16.67,52.34,-1.128316318457786,-0.5634613924591086,1
25905,Curry Grill,Indian,Full-service,West Auckland,1.04,40.99,1249,273,488,293,195,11190.27,20003.12,12010.07,7993.05,0.36133549696533,0.464482245361432,0.29,9,2.66,518.7,1949.15,-2316.72,-1390.98,873.55,0.28,0.5,0.3,0.2,51196.51,-884.9999999999998,-0.01728633455678912,0.040000000000000036,0.8,976,0.7814251401120896,0.8258177423267621,4.479743589743589,-3707.7,1298.96,40.99,-0.708566853482786,1,Cluster 1,28.64,Low Potential,Optimize,83.33,29.41,33.42,16.67,41.79,0.3791659108342025,-1.9547144986346991,0
25906,Royal Cafe,Indian,Cafe,North Shore,1.03,39.25,932,107,412,248,165,4199.75,16171.0,9734.0,6476.25,0.249628631453961,0.400936816562898,0.28,14,4.13,681.45,1467.54,1122.83,675.88,1581.58,0.13,0.5,0.3,0.2,36581.0,4847.83,0.1325231677646866,0.030000000000000027,0.8,825,0.8851931330472103,0.650565448016859,9.585333333333333,1798.71,959.96,39.25,5.201534334763949,0,Cluster 0,50.36,Moderate Potential,Rebalance Channels,66.67,57.57,52.12,16.67,42.53,-1.4311076889011414,-0.14128555784726007,1
25705,Tandoori Diner,Indian,Cafe,West Auckland,1.04,40.63,1108,100,504,302,202,4063.0,20477.52,12270.26,8207.26,0.258585739787668,0.373463932843879,0.28,6,1.77,357.54,1494.98,1801.0,1079.17,2662.32,0.1,0.5,0.3,0.2,45018.04,7037.469999999999,0.15632555304495707,0.040000000000000036,0.8,1008,0.9097472924187726,0.632049672631547,13.17980198019802,2880.17,1152.32,40.63,6.351507220216606,0,Cluster 0,57.09,Moderate Potential,Rebalance Channels,83.33,62.33,68.32,16.67,30.06,-1.631979689925004,0.22128211934020042,1
25465,Royal House,Indian,Cafe,South Auckland,1.05,33.66,1408,139,634,381,254,4678.74,21340.44,12824.46,8549.64,0.277729024235159,0.425745386769995,0.29,6,1.77,449.58,1387.37,139.26,83.69,2085.61,0.11,0.5,0.3,0.2,47393.28,3695.9300000000003,0.07798426274779885,0.050000000000000044,0.8,1269,0.9012784090909091,0.7034744110051541,8.211062992125985,222.95,1478.4,33.66,2.624950284090909,0,Cluster 0,56.73,Moderate Potential,Rebalance Channels,100.0,46.75,57.31,16.67,40.57,-0.9185709328662965,-0.6569853569529189,1
25923,Spice Bistro,Indian,Cafe,South Auckland,1.05,42.83,775,70,352,212,141,2998.1,15076.16,9079.96,6039.03,0.239987723380327,0.36103519462049,0.3,10,2.95,415.95,1196.17,1492.19,898.71,1993.48,0.1,0.5,0.3,0.2,33193.25,5580.55,0.16812303706325835,0.050000000000000044,0.8,705,0.9096774193548387,0.601022918000817,14.138156028368794,2390.9,813.75,42.83,7.200709677419355,0,Cluster 0,61.33,High Potential,Rebalance Channels,100.0,65.07,66.43,16.67,28.49,-1.9590178152101658,0.4691471124836467,1
26072,Tandoori Diner,Indian,Full-service,North Shore,1.03,36.89,736,182,277,166,111,6713.98,10218.53,6123.74,4094.79,0.364053797861561,0.454439165024087,0.31,14,4.13,458.43,1218.63,-1313.01,-786.86,284.8,0.33,0.5,0.3,0.2,27151.04,-596.4399999999998,-0.021967482645232,0.030000000000000027,0.8,554,0.7527173913043478,0.818492962885648,2.5657657657657658,-2099.87,758.08,36.89,-0.8103804347826085,1,Cluster 1,21.98,Low Potential,Optimize,66.67,28.64,26.23,16.67,36.03,0.3301169514844462,-2.097802057350893,0
25587,Tandoori Kitchen,Indian,QSR,CBD,0.99,43.07,533,39,247,148,99,1679.73,10638.29,6374.36,4263.93,0.229685053378344,0.443937585805543,0.3,11,3.25,321.75,548.23,280.61,168.14,1069.9,0.08,0.5,0.3,0.2,22956.31,2066.88,0.09003537589447085,-0.010000000000000009,0.8,494,0.926829268292683,0.673622639183887,10.807070707070707,448.75,527.67,43.07,3.8778236397748596,0,Cluster 0,28.96,Low Potential,Rebalance Channels,0.0,50.06,53.54,16.67,21.6,-1.6597700282243768,-0.3569123503096971,1
26212,Curry Bistro,Indian,Ghost Kitchen,West Auckland,1.04,43.43,695,51,322,193,129,2214.93,13984.46,8381.99,5602.47,0.269806259451434,0.235637369006872,0.27,18,5.31,684.99,1095.41,3140.3,1882.23,2085.75,0.08,0.5,0.3,0.2,30183.85,8203.69,0.2717907092700236,0.040000000000000036,0.8,644,0.9266187050359712,0.5054436284583059,16.16860465116279,5022.530000000001,722.8000000000001,43.43,11.803870503597123,0,Cluster 0,64.84,High Potential,Rebalance Channels,83.33,85.25,67.81,16.67,44.22,-2.672682422291913,1.356669754714121,1
26331,Tandoori Corner,Indian,Cafe,South Auckland,1.05,41.72,706,64,321,193,128,2670.08,13392.12,8051.96,5340.16,0.26964652242139,0.428811986558139,0.32,5,1.48,189.44,805.14,-247.2,-148.63,1420.84,0.1,0.5,0.3,0.2,29454.32,1830.15,0.06213519782497101,0.050000000000000044,0.8,642,0.9093484419263456,0.698458508979529,11.1003125,-395.83,741.3000000000001,41.72,2.5922804532577906,0,Cluster 0,52.76,Moderate Potential,Rebalance Channels,100.0,44.57,59.73,16.67,14.49,-1.347490369964617,-0.5362206543050746,1
26080,Curry Eatery,Indian,Cafe,West Auckland,1.04,37.43,1137,148,494,297,198,5539.64,18490.42,11116.71,7411.14,0.269055720474571,0.420033977157436,0.32,13,3.84,760.32,1722.33,-168.07,-101.05,1543.88,0.15,0.5,0.3,0.2,42557.909999999996,2997.09,0.07042380605626546,0.040000000000000036,0.8,989,0.8698328935795955,0.689089697632007,7.7973737373737375,-269.12,1182.48,37.43,2.635963060686016,0,Cluster 0,51.44,Moderate Potential,Rebalance Channels,83.33,45.74,47.82,16.67,47.37,-0.9342371579669263,-0.6910532305129425,1
26211,Spice House,Indian,Cafe,South Auckland,1.05,42.61,1597,183,707,424,283,7797.63,30125.27,18066.64,12058.63,0.272716872952878,0.392648420785554,0.32,4,1.18,333.94,2609.36,440.87,264.4,3701.3,0.13,0.5,0.3,0.2,68048.17,7015.93,0.10310240525204425,0.050000000000000044,0.8,1414,0.8854101440200376,0.665365293738432,13.07879858657244,705.27,1676.8500000000001,42.61,4.393193487789605,0,Cluster 0,60.28,High Potential,Rebalance Channels,100.0,52.52,66.52,16.67,42.3,-1.01887046876209,-0.2119236229669916,1
26648,Royal Eatery,Indian,Ghost Kitchen,CBD,0.99,29.97,1033,49,492,295,197,1468.53,14745.24,8841.15,5904.09,0.271228667744435,0.334657383756712,0.3,4,1.18,232.46,578.77,1387.73,832.08,2094.42,0.05,0.5,0.3,0.2,30959.01,4893.0,0.1580476895094514,-0.010000000000000009,0.8,984,0.952565343659245,0.605886051501147,10.631573604060915,2219.81,1022.67,29.97,4.736689254598257,0,Cluster 0,35.92,Low Potential,Rebalance Channels,0.0,60.38,75.69,16.67,21.22,-1.9180289561074262,0.21103381300813254,1
26083,Curry Diner,Indian,QSR,West Auckland,1.04,40.8,1301,139,581,349,232,5671.2,23704.8,14239.2,9465.6,0.209401438068599,0.427624624571763,0.27,3,0.89,206.48,2058.5,2203.93,1323.87,3229.29,0.12,0.5,0.3,0.2,53080.799999999996,8815.59,0.16607869512139983,0.040000000000000036,0.8,1162,0.8931591083781706,0.637026062640362,13.919353448275862,3527.7999999999997,1353.04,40.8,6.776010760953113,0,Cluster 0,58.32,Moderate Potential,Rebalance Channels,83.33,64.22,72.53,16.67,29.53,-1.4898835893679854,0.3067426815076357,1
25854,Spice Grill,Indian,Full-service,CBD,0.99,35.89,661,86,288,172,115,3086.54,10336.32,6173.08,4127.35,0.359750429727137,0.467440707026981,0.28,9,2.66,305.9,533.38,-1107.96,-661.7,407.34,0.15,0.5,0.3,0.2,23723.29,-828.9400000000003,-0.034942033756700706,-0.010000000000000009,0.8,575,0.869894099848714,0.827191136754118,3.542086956521739,-1769.66,654.39,35.89,-1.2540695915279882,1,Cluster 1,3.87,Low Potential,Optimize,0.0,26.3,33.21,16.67,21.02,-0.3311707492582493,-2.0449604676923663,0
25677,Royal Bistro,Indian,Full-service,CBD,0.99,41.47,1154,252,451,271,180,10450.44,18702.97,11238.37,7464.6,0.360269789479207,0.468195636197925,0.32,18,5.31,955.8,1792.61,-2776.74,-1668.51,324.64,0.28,0.5,0.3,0.2,47856.380000000005,-2328.0,-0.048645551544015654,-0.010000000000000009,0.8,902,0.7816291161178509,0.828465425677132,1.8035555555555556,-4445.25,1142.46,41.470000000000006,-2.017331022530329,1,Cluster 1,5.62,Low Potential,Optimize,0.0,23.42,18.02,16.67,57.74,0.46752719706971285,-2.3076801213681617,0
25845,Spice Eatery,Indian,Cafe,South Auckland,1.05,37.31,1195,137,529,317,212,5111.47,19736.99,11827.27,7909.72,0.264910599030554,0.378957715001889,0.29,7,2.07,438.84,1820.36,1305.24,782.16,2378.06,0.13,0.5,0.3,0.2,44585.450000000004,6285.82,0.14098366171026644,0.050000000000000044,0.8,1058,0.8853556485355648,0.643868314032443,11.217264150943397,2087.4,1254.75,37.31,5.260100418410041,0,Cluster 0,60.51,High Potential,Rebalance Channels,100.0,58.79,64.8,16.67,35.7,-1.3676464029947417,0.004445468949860703,1
25519,Bombay Diner,Indian,QSR,South Auckland,1.05,45.41,1552,141,706,423,282,6402.81,32059.46,19208.43,12805.62,0.242675538398325,0.386734868190251,0.29,12,3.54,998.28,2372.81,2583.66,1548.0,3747.35,0.1,0.5,0.3,0.2,70476.31999999999,10251.82,0.14546474617289892,0.050000000000000044,0.8,1411,0.9091494845360825,0.6294104065885759,13.288475177304964,4131.66,1629.6000000000001,45.41,6.60555412371134,0,Cluster 0,63.46,High Potential,Rebalance Channels,100.0,61.21,58.72,16.67,59.44,-1.387883809548361,0.1755000521523846,1
26298,Spice Diner,Indian,Full-service,North Shore,1.03,36.98,1431,238,596,358,239,8801.24,22040.08,13238.84,8838.22,0.364159197977278,0.48434071210213,0.28,13,3.84,917.76,1333.39,-2832.15,-1701.19,421.23,0.2,0.5,0.3,0.2,52918.380000000005,-2778.72,-0.052509543942955164,0.030000000000000027,0.8,1193,0.8336827393431167,0.848499910079408,1.762468619246862,-4533.34,1473.93,36.980000000000004,-1.941802935010482,1,Cluster 1,23.08,Low Potential,Optimize,66.67,23.0,23.25,16.67,56.76,0.39280680061378803,-2.3069389687666306,0
25114,Royal Bistro,Indian,Ghost Kitchen,CBD,0.99,43.57,1288,95,596,358,239,4139.15,25967.72,15598.06,10413.23,0.275923362467438,0.285576167376712,0.28,15,4.43,1058.77,1815.02,4115.9,2472.3,3507.44,0.08,0.5,0.3,0.2,56118.16,11910.660000000002,0.21224252541423314,-0.010000000000000009,0.8,1193,0.9262422360248447,0.56149952984415,14.675481171548117,6588.2,1275.12,43.57,9.247406832298138,0,Cluster 0,42.03,Moderate Potential,Rebalance Channels,0.0,73.78,64.15,16.67,55.02,-1.996967976125123,0.6987518579768595,1
25562,Curry Diner,Indian,Ghost Kitchen,South Auckland,1.05,32.78,506,37,234,141,94,1212.86,7670.52,4621.98,3081.32,0.26702246327186,0.211608359671663,0.28,7,2.07,194.58,632.35,1851.43,1115.6,1411.93,0.08,0.5,0.3,0.2,16586.68,5011.31,0.3021285754593445,0.050000000000000044,0.8,469,0.9268774703557312,0.478630822943523,15.020531914893617,2967.0299999999997,531.3000000000001,32.78,9.903774703557312,0,Cluster 0,69.11,High Potential,Rebalance Channels,100.0,86.77,90.27,16.67,12.39,-2.959921692707088,1.6781830633970127,1
26291,Royal Corner,Indian,Full-service,North Shore,1.03,44.35,580,108,236,142,94,4789.8,10466.6,6297.7,4168.9,0.399440882727504,0.479600088461302,0.27,9,2.66,250.04,579.37,-1559.95,-938.62,254.23,0.23,0.5,0.3,0.2,25723.0,-1664.97,-0.06472689810675271,0.030000000000000027,0.8,472,0.8137931034482758,0.879040971188806,2.7045744680851063,-2498.57,597.4,44.35,-2.8706379310344827,1,Cluster 1,17.11,Low Potential,Optimize,66.67,20.1,25.22,16.67,19.18,0.17774905235800428,-2.397113071704005,0
25110,Spice Grill,Indian,QSR,West Auckland,1.04,42.87,1145,131,507,304,203,5615.97,21735.09,13032.48,8702.61,0.203999982159585,0.391077820281498,0.32,13,3.84,779.52,2274.03,1845.79,1106.75,2744.36,0.13,0.5,0.3,0.2,49086.15,7970.93,0.16238653876908252,0.040000000000000036,0.8,1014,0.885589519650655,0.595077802441083,13.519014778325124,2952.54,1190.8,42.870000000000005,6.961510917030568,0,Cluster 0,58.93,Moderate Potential,Rebalance Channels,83.33,63.97,62.31,16.67,47.64,-1.660604295902806,0.4079755506907882,1
25216,Curry Tavern,Indian,Full-service,North Shore,1.03,33.9,1230,160,535,321,214,5424.0,18136.5,10881.9,7254.6,0.378257887647487,0.507687572110444,0.28,13,3.84,821.76,618.63,-3009.67,-1805.8,5.66,0.15,0.5,0.3,0.2,41697.0,-4191.18,-0.1005151449744586,0.030000000000000027,0.8,1070,0.8699186991869918,0.885945459757931,0.026448598130841123,-4815.47,1266.9,33.9,-3.4074634146341465,1,Cluster 1,18.81,Low Potential,Optimize,66.67,14.55,17.48,16.67,50.09,0.39032558279777946,-2.7377672177133845,0
25931,Spice Kitchen,Indian,Ghost Kitchen,West Auckland,1.04,41.49,1376,65,656,393,262,2696.85,27217.44,16305.57,10870.38,0.261336358601693,0.305998752755113,0.32,18,5.31,1391.22,1166.83,3066.45,1837.07,3312.01,0.05,0.5,0.3,0.2,57090.24,9382.36,0.16434262669065677,0.040000000000000036,0.8,1311,0.9527616279069767,0.567335111356806,12.641259541984734,4903.5199999999995,1431.04,41.49,6.81857558139535,0,Cluster 0,61.06,High Potential,Rebalance Channels,83.33,64.04,58.27,16.67,67.04,-1.9152453862282546,0.4830841299695188,1
26593,Royal Diner,Indian,Full-service,South Auckland,1.05,39.21,1106,235,436,261,174,9214.35,17095.56,10233.81,6822.54,0.393314447952434,0.477627313928679,0.29,4,1.18,205.32,1189.19,-2751.39,-1647.05,675.18,0.27,0.5,0.3,0.2,43366.26,-2534.07,-0.058434137506900526,0.050000000000000044,0.8,871,0.7875226039783002,0.870941761881113,3.8803448275862067,-4398.44,1161.3,39.21,-2.29120253164557,1,Cluster 1,28.75,Low Potential,Optimize,100.0,21.73,34.84,16.67,25.68,0.5450731981805695,-2.3508426481708864,0
26258,Curry Grill,Indian,QSR,South Auckland,1.05,43.82,587,67,260,156,104,2935.94,11393.2,6835.92,4557.28,0.215669532846659,0.445533280982636,0.32,6,1.77,184.08,994.69,214.16,128.5,1359.91,0.13,0.5,0.3,0.2,25722.34,2697.26,0.10486059977435958,0.050000000000000044,0.8,520,0.8858603066439523,0.661202813829295,13.076057692307693,342.65999999999997,616.35,43.82,4.5949914821124365,0,Cluster 0,55.44,Moderate Potential,Rebalance Channels,100.0,53.03,63.83,16.67,12.79,-1.5737841749424921,-0.0837505838198713,1
26676,Bombay Cafe,Indian,Full-service,CBD,0.99,32.14,1671,255,708,425,283,8195.7,22755.12,13659.5,9095.62,0.38263470812235,0.490592550532892,0.33,16,4.72,1335.76,1038.99,-4624.46,-2775.98,-182.68,0.18,0.5,0.3,0.2,53705.94,-6544.130000000001,-0.121851139743574,-0.010000000000000009,0.8,1416,0.8473967684021544,0.8732272586552421,-0.6455123674911661,-7400.4400000000005,1654.29,32.14,-3.9162956313584685,1,Cluster 1,3.58,Low Potential,Optimize,0.0,10.99,14.46,16.67,69.57,0.7596691885422856,-2.954536849019714,0
25814,Tandoori Cafe,Indian,Ghost Kitchen,CBD,0.99,37.47,753,35,359,215,144,1311.45,13451.73,8056.05,5395.68,0.276370377407875,0.282053983747028,0.33,10,2.95,424.8,579.1,1500.89,898.86,1957.8,0.05,0.5,0.3,0.2,28214.91,4936.650000000001,0.17496600201808196,-0.010000000000000009,0.8,718,0.953519256308101,0.558424361154903,13.595833333333333,2399.75,745.47,37.47,6.555976095617531,0,Cluster 0,37.32,Low Potential,Rebalance Channels,0.0,65.12,73.0,16.67,26.29,-2.306122095844106,0.5721845814458102,1
25154,Spice Tavern,Indian,QSR,CBD,0.99,40.4,576,70,253,152,101,2828.0,10221.2,6140.8,4080.4,0.223648589961231,0.447242902149446,0.3,6,1.77,178.77,930.72,297.52,178.75,1164.12,0.14,0.5,0.3,0.2,23270.4,2571.1099999999997,0.11048843165566555,-0.010000000000000009,0.8,506,0.8784722222222222,0.670891492110677,11.525940594059405,476.27,570.24,40.400000000000006,4.463732638888889,0,Cluster 0,30.07,Low Potential,Rebalance Channels,0.0,53.61,62.33,16.67,11.31,-1.4857719917889656,-0.2624516892821036,1
26001,Curry Kitchen,Indian,QSR,CBD,0.99,39.73,567,51,258,155,103,2026.23,10250.34,6158.15,4092.19,0.215525405351073,0.392081076465547,0.32,17,5.02,517.06,795.08,742.06,445.81,1088.69,0.1,0.5,0.3,0.2,22526.91,3071.64,0.13635425364597276,-0.010000000000000009,0.8,516,0.91005291005291,0.60760648181662,10.56980582524272,1187.87,561.33,39.73,5.417354497354497,0,Cluster 0,33.34,Low Potential,Rebalance Channels,0.0,58.38,53.71,16.67,36.69,-1.910856725750329,0.08733235118182503,1
26203,Curry Grill,Indian,Cafe,CBD,0.99,43.47,1048,112,468,281,187,4868.64,20343.96,12215.07,8128.89,0.238891417346895,0.389279943495058,0.3,5,1.48,276.76,1810.3,1461.28,877.39,2745.79,0.12,0.5,0.3,0.2,45556.56,6894.76,0.151345053270045,-0.010000000000000009,0.8,936,0.8931297709923665,0.628171360841953,14.68336898395722,2338.67,1037.52,43.47,6.578969465648855,0,Cluster 0,35.71,Low Potential,Rebalance Channels,0.0,61.97,70.56,16.67,24.03,-1.607870677332351,0.19466589885458793,1
26324,Tandoori Cafe,Indian,Cafe,West Auckland,1.04,42.44,1518,174,672,403,269,7384.56,28519.68,17103.32,11416.36,0.212132799457759,0.350313313887455,0.33,15,4.43,1191.67,3231.14,3067.4,1839.53,3803.6,0.13,0.5,0.3,0.2,64423.92,11941.67,0.18536081008420474,0.040000000000000036,0.8,1344,0.8853754940711462,0.562446113345214,14.139776951672863,4906.93,1578.72,42.44,7.86671277997365,0,Cluster 0,62.93,High Potential,Rebalance Channels,83.33,68.29,64.01,16.67,64.8,-1.6444637049104005,0.632675921932418,1
26067,Spice Tavern,Indian,Cafe,South Auckland,1.05,41.39,1707,222,742,446,297,9188.58,30711.38,18459.94,12292.83,0.2530756329,0.366731766890734,0.31,5,1.48,439.56,3493.43,2155.71,1295.75,4234.08,0.15,0.5,0.3,0.2,70652.73,11178.97,0.158224176192484,0.050000000000000044,0.8,1485,0.8699472759226714,0.6198073997907341,14.256161616161616,3451.46,1792.3500000000001,41.39,6.548898652606912,0,Cluster 0,64.84,High Potential,Rebalance Channels,100.0,62.86,71.85,16.67,48.35,-1.2027124891926433,0.2636587729366754,1
26228,Curry Kitchen,Indian,QSR,West Auckland,1.04,43.04,892,88,402,241,161,3787.52,17302.08,10372.64,6929.44,0.218910074550658,0.4394827040378,0.27,15,4.43,713.23,1293.84,1238.95,742.76,1653.92,0.11,0.5,0.3,0.2,38391.68,4929.47,0.12839943446079985,0.040000000000000036,0.8,804,0.9013452914798207,0.658392778588458,10.272795031055901,1981.71,927.6800000000001,43.04,5.526311659192825,0,Cluster 0,54.11,Moderate Potential,Rebalance Channels,83.33,57.46,49.22,16.67,43.82,-1.5082015649617315,-0.09892490877577283,1
25837,Spice Diner,Indian,Full-service,South Auckland,1.05,46.04,1817,277,770,462,308,12753.08,35450.8,21270.48,14180.32,0.383247677085456,0.541258347406983,0.28,3,0.89,274.12,962.78,-7249.9,-4349.94,796.41,0.18,0.5,0.3,0.2,83654.68,-9840.65,-0.11763418376592918,0.050000000000000044,0.8,1540,0.8475509080902587,0.924506024492439,2.5857467532467533,-11599.84,1907.8500000000001,46.04,-5.415877820583379,1,Cluster 1,27.64,Low Potential,Optimize,100.0,9.53,28.22,16.67,47.41,0.8971491446867634,-2.761705154317229,0
25477,Tandoori Tavern,Indian,Full-service,CBD,0.99,40.21,854,142,356,214,142,5709.82,14314.76,8604.94,5709.82,0.359316235629376,0.523824895638973,0.31,13,3.84,545.28,667.24,-2764.77,-1661.97,121.96,0.2,0.5,0.3,0.2,34339.340000000004,-3637.54,-0.10592923451644672,-0.010000000000000009,0.8,712,0.8337236533957846,0.883141131268349,0.8588732394366196,-4426.74,845.46,40.21000000000001,-4.259414519906323,1,Cluster 1,0.0,Low Potential,Optimize,0.0,12.67,17.91,16.67,36.51,0.35718888143947763,-2.7367137091615072,0
26297,Royal Eatery,Indian,Full-service,West Auckland,1.04,33.78,829,114,358,214,143,3850.92,12093.24,7228.92,4830.54,0.390697826922406,0.501871643401682,0.32,5,1.48,211.64,413.71,-2570.65,-1536.65,307.31,0.16,0.5,0.3,0.2,28003.620000000003,-3386.28,-0.12092293782018182,0.040000000000000036,0.8,715,0.8624849215922799,0.8925694703240881,2.149020979020979,-4107.3,862.1600000000001,33.78,-4.084776839565742,1,Cluster 1,19.77,Low Potential,Optimize,83.33,10.89,29.81,16.67,18.38,0.26099555701008686,-2.7552009902038326,0
25083,Lotus Tavern,Japanese,Cafe,North Shore,1.03,35.12,1745,266,813,444,222,9341.92,28552.56,15593.28,7796.64,0.252295018173754,0.389916495326906,0.3,6,1.77,392.94,3342.43,1650.01,901.11,2396.61,0.18,0.55,0.3,0.15,61284.4,8290.16,0.13527357696248962,0.030000000000000027,0.8500000000000001,1479,0.8475644699140401,0.64221151350066,10.795540540540541,2551.12,1797.3500000000001,35.12,4.750808022922636,0,Cluster 0,51.98,Moderate Potential,Rebalance Channels,66.67,57.34,66.76,0.0,50.85,-1.3839506761663587,-0.5919771235110302,1
26362,Dragon Tavern,Japanese,QSR,CBD,0.99,39.27,1525,187,736,401,201,7343.49,28902.72,15747.27,7893.27,0.257398884221911,0.438255575997755,0.27,4,1.18,237.18,2234.96,992.68,540.85,2165.1,0.14,0.55,0.3,0.15,59886.75,5933.59,0.09908018050737434,-0.010000000000000009,0.8500000000000001,1338,0.8773770491803279,0.6956544602196659,10.771641791044775,1533.53,1509.75,39.27,3.89087868852459,0,Cluster 0,30.73,Low Potential,Rebalance Channels,0.0,51.3,61.85,0.0,36.91,-1.3604324674822799,-0.9883177312633817,1
25365,Red Diner,Japanese,Cafe,South Auckland,1.05,43.2,1430,141,709,387,193,6091.2,30628.8,16718.4,8337.6,0.20925327219069,0.410766398208216,0.28,5,1.48,285.64,2314.54,3062.28,1671.51,2882.48,0.11,0.55,0.3,0.15,61776.0,9930.81,0.16075514763014762,0.050000000000000044,0.8500000000000001,1289,0.9013986013986014,0.620019670398906,14.935129533678756,4733.79,1501.5,43.2,6.944622377622378,0,Cluster 0,61.14,High Potential,Rebalance Channels,100.0,63.73,71.82,0.0,38.98,-2.022432656133628,-0.07631580448742668,1
25003,Red Bistro,Japanese,Cafe,North Shore,1.03,41.86,885,147,406,221,111,6153.42,16995.16,9251.06,4646.46,0.239052445217967,0.388262916076928,0.32,12,3.54,392.94,2293.29,895.38,487.39,1338.72,0.2,0.55,0.3,0.15,37046.1,5014.78,0.1353659359554717,0.030000000000000027,0.8500000000000001,738,0.8338983050847457,0.627315361294895,12.06054054054054,1382.77,911.5500000000001,41.86,5.666418079096045,0,Cluster 0,48.57,Moderate Potential,Rebalance Channels,66.67,58.58,59.04,0.0,36.3,-1.8205334878199577,-0.46591380921803854,1
26180,Lotus Bistro,Japanese,Full-service,CBD,0.99,33.85,792,168,343,187,94,5686.8,11610.55,6329.95,3181.9,0.39263733754633,0.54255966336932,0.28,6,1.77,166.38,368.52,-2498.56,-1362.19,39.82,0.27,0.55,0.3,0.15,26809.2,-3452.41,-0.12877706160571742,-0.010000000000000009,0.8500000000000001,624,0.7878787878787878,0.9351970009156501,0.42361702127659573,-3860.75,784.08,33.85,-4.359103535353535,1,Cluster 1,0.0,Low Potential,Optimize,0.0,9.46,21.59,0.0,18.2,0.36461519518327307,-3.677239921178118,0
25250,Dragon Grill,Japanese,Full-service,West Auckland,1.04,45.53,683,94,324,177,88,4279.82,14751.72,8058.81,4006.64,0.391819321340881,0.461220926861279,0.32,7,2.07,182.16,628.96,-2552.64,-1394.5,406.65,0.16,0.55,0.3,0.15,31096.99,-2911.5299999999997,-0.0936273896605427,0.040000000000000036,0.8500000000000001,589,0.862371888726208,0.85304024820216,4.621022727272727,-3947.14,710.32,45.53,-4.262855051244509,1,Cluster 1,18.65,Low Potential,Optimize,83.33,14.33,32.56,0.0,18.15,-0.5903399839066419,-2.748802878194147,0
25930,Sakura Cafe,Japanese,Full-service,West Auckland,1.04,31.68,1749,228,837,456,228,7223.04,26516.16,14446.08,7223.04,0.375493482733145,0.48394751935266,0.32,10,2.95,672.6,1015.26,-4758.09,-2592.22,342.66,0.15,0.55,0.3,0.15,55408.32,-5992.389999999999,-0.10814964250856188,0.040000000000000036,0.8500000000000001,1521,0.869639794168096,0.859441002085805,1.5028947368421053,-7350.3099999999995,1818.96,31.68,-3.42618067467124,1,Cluster 1,23.66,Low Potential,Optimize,83.33,13.5,26.6,0.0,60.88,0.05972358798206605,-3.1037293742298933,0
25473,Red Grill,Japanese,Cafe,North Shore,1.03,39.93,488,74,228,124,62,2954.82,9104.04,4951.32,2475.66,0.259624504745007,0.425284618884325,0.33,12,3.54,219.48,931.04,-135.73,-73.82,560.58,0.18,0.55,0.3,0.15,19485.84,1282.0700000000002,0.06579495674807964,0.030000000000000027,0.8500000000000001,414,0.8483606557377049,0.684909123629332,9.041612903225808,-209.54999999999998,502.64,39.93,2.62719262295082,0,Cluster 0,41.45,Moderate Potential,Rebalance Channels,66.67,45.11,50.16,0.0,23.13,-1.6798662406998606,-1.1169220159576443,1
25781,Lotus Bistro,Japanese,QSR,South Auckland,1.05,43.17,1546,127,780,426,213,5482.59,33672.6,18390.42,9195.21,0.260186133980751,0.359269827604294,0.31,9,2.66,566.58,2086.37,2375.4,1297.33,2932.6,0.09,0.55,0.3,0.15,66740.82,8691.7,0.13023064445417362,0.050000000000000044,0.8500000000000001,1419,0.9178525226390686,0.619455961585045,13.768075117370891,3672.73,1623.3000000000002,43.17,5.622056921086676,0,Cluster 0,60.34,High Potential,Rebalance Channels,100.0,57.83,65.23,0.0,52.24,-1.9328651000369652,-0.3150844583103068,1
25591,Sakura Cafe,Japanese,Cafe,CBD,0.99,31.33,1419,226,656,358,179,7080.58,20552.48,11216.14,5608.07,0.243087902143598,0.432264998438768,0.32,3,0.89,159.31,2298.69,95.51,52.12,1661.33,0.19,0.55,0.3,0.15,44457.27,4107.65,0.09239546197955925,-0.010000000000000009,0.8500000000000001,1193,0.8407329105003524,0.675352900582366,9.281173184357542,147.63,1404.81,31.33,2.894749823819591,0,Cluster 0,30.27,Low Potential,Rebalance Channels,0.0,49.05,66.62,0.0,31.2,-1.266890150896682,-1.0322818816705714,1
25935,Lotus Diner,Japanese,Ghost Kitchen,West Auckland,1.04,34.42,956,45,501,273,137,1548.9,17244.42,9396.66,4715.54,0.283478420670144,0.258798870642204,0.29,9,2.66,364.42,708.97,2892.28,1576.03,1793.99,0.05,0.55,0.3,0.15,32905.52,6971.2699999999995,0.21185715952824938,0.040000000000000036,0.8500000000000001,911,0.952928870292887,0.542277291312348,13.094817518248176,4468.31,994.24,34.419999999999995,7.292123430962342,0,Cluster 0,58.82,Moderate Potential,Rebalance Channels,83.33,71.08,77.13,0.0,31.97,-2.8522834390495686,0.40038549748709584,1
25131,Lotus Tavern,Japanese,Full-service,South Auckland,1.05,36.41,541,78,255,139,69,2839.98,9284.55,5060.99,2512.29,0.351876991952304,0.454915027273819,0.33,5,1.48,102.12,548.71,-1270.05,-692.3,383.27,0.17,0.55,0.3,0.15,19697.809999999998,-1030.37,-0.05230886073121834,0.050000000000000044,0.8500000000000001,463,0.8558225508317929,0.806792019226123,5.55463768115942,-1962.35,568.0500000000001,36.41,-1.9045656192236597,1,Cluster 1,25.71,Low Potential,Optimize,100.0,23.08,43.03,0.0,8.9,-0.8963854327690005,-2.344043430979743,0
26110,Dragon Eatery,Japanese,Full-service,South Auckland,1.05,35.71,1487,325,639,349,174,11605.75,22818.69,12462.79,6213.54,0.380318438797258,0.490250560082495,0.32,7,2.07,360.18,1502.14,-4348.53,-2375.02,444.04,0.28,0.55,0.3,0.15,53100.770000000004,-4777.37,-0.08996799858081153,0.050000000000000044,0.8500000000000001,1162,0.7814391392064559,0.870568998879753,2.551954022988506,-6723.549999999999,1561.3500000000001,35.71,-3.21275722932078,1,Cluster 1,26.87,Low Potential,Optimize,100.0,16.24,29.86,0.0,45.58,0.3815707467672519,-3.075005340404632,0
25639,Golden Bistro,Japanese,Full-service,CBD,0.99,31.51,1902,482,781,426,213,15187.82,24609.31,13423.26,6711.63,0.388843120273668,0.536920781154186,0.32,10,2.95,628.35,1127.48,-6048.08,-3298.95,-130.1,0.34,0.55,0.3,0.15,59932.020000000004,-8349.65,-0.1393186813993588,-0.010000000000000009,0.8500000000000001,1420,0.7465825446898002,0.925763901427854,-0.6107981220657277,-9347.029999999999,1882.98,31.51,-4.389931650893796,1,Cluster 1,0.0,Low Potential,Optimize,0.0,8.0,16.37,0.0,62.94,1.2158198289381565,-3.878623997595685,0
26471,Lotus Grill,Japanese,Full-service,South Auckland,1.05,39.24,545,91,250,136,68,3570.84,9810.0,5336.64,2668.32,0.383506984834094,0.549688297254033,0.28,6,1.77,120.36,238.55,-2091.45,-1137.75,57.9,0.2,0.55,0.3,0.15,21385.8,-2932.7499999999995,-0.13713538890291688,0.050000000000000044,0.8500000000000001,454,0.8330275229357799,0.9331952820881271,0.8514705882352941,-3229.2,572.25,39.24,-5.381192660550458,1,Cluster 1,17.82,Low Potential,Optimize,100.0,6.95,21.9,0.0,11.37,-0.05262075322196632,-3.4578092925431863,0
25539,Sakura Bistro,Japanese,Cafe,South Auckland,1.05,44.31,993,106,488,266,133,4696.86,21623.28,11786.46,5893.23,0.226003334764391,0.433048424171284,0.27,6,1.77,235.41,1601.39,1534.13,836.23,1773.88,0.12,0.55,0.3,0.15,43999.83,5745.630000000001,0.13058300452524477,0.050000000000000044,0.8500000000000001,887,0.8932527693856999,0.659051758935675,13.337443609022557,2370.36,1042.65,44.31,5.786132930513596,0,Cluster 0,56.34,Moderate Potential,Rebalance Channels,100.0,58.1,64.16,0.0,26.53,-1.9711100389347898,-0.43172054515445946,1
26082,Lotus House,Japanese,QSR,North Shore,1.03,44.67,1615,185,787,429,214,8263.95,35155.29,19163.43,9559.38,0.205233752653003,0.39976404812187,0.3,12,3.54,757.56,3264.28,3339.83,1820.57,3018.42,0.13,0.55,0.3,0.15,72142.05,11443.1,0.15861900237101662,0.030000000000000027,0.8500000000000001,1430,0.8854489164086687,0.604997800774873,14.104766355140187,5160.4,1663.45,44.67,7.085510835913313,0,Cluster 0,54.15,Moderate Potential,Rebalance Channels,66.67,63.63,62.48,0.0,60.53,-1.8790390201029934,-0.13588690618463461,1
25981,Sakura Bistro,Japanese,Cafe,CBD,0.99,30.58,533,77,251,137,68,2354.66,7675.58,4189.46,2079.44,0.233391352258623,0.369862145278603,0.31,7,2.07,140.76,934.2,665.83,363.42,684.25,0.17,0.55,0.3,0.15,16299.140000000001,2647.7000000000003,0.1624441534952151,-0.010000000000000009,0.8500000000000001,456,0.8555347091932458,0.603253497537226,10.0625,1029.25,527.67,30.580000000000002,4.967542213883678,0,Cluster 0,31.37,Low Potential,Rebalance Channels,0.0,61.29,71.06,0.0,12.27,-2.2451521253146725,-0.3016559447174834,1
26288,Sakura House,Japanese,Cafe,CBD,0.99,42.78,1287,138,632,345,172,5903.64,27036.96,14759.1,7358.16,0.215248873904347,0.37668758155778,0.31,10,2.95,507.4,2409.06,2651.34,1447.33,2495.2,0.12,0.55,0.3,0.15,55057.86,9002.93,0.16351761583178134,-0.010000000000000009,0.8500000000000001,1149,0.8927738927738927,0.5919364554621269,14.506976744186046,4098.67,1274.1299999999999,42.78,6.995283605283605,0,Cluster 0,36.11,Low Potential,Rebalance Channels,0.0,64.17,67.83,0.0,43.32,-2.143069121283427,-0.08881079573614178,1
25315,Lotus Corner,Japanese,Cafe,South Auckland,1.05,38.18,1620,186,789,430,215,7101.48,30124.02,16417.4,8208.7,0.268077057916671,0.382454255479388,0.31,14,4.13,887.95,2481.74,1188.96,647.97,1980.73,0.13,0.55,0.3,0.15,61851.600000000006,6299.4,0.10184700153270083,0.050000000000000044,0.8500000000000001,1434,0.8851851851851852,0.6505313133960591,9.212697674418605,1836.93,1701.0,38.18000000000001,3.8885185185185183,0,Cluster 0,58.3,Moderate Potential,Rebalance Channels,100.0,51.67,52.12,0.0,66.41,-1.495731750095692,-0.7977117034379032,1
25739,Lotus Bistro,Japanese,Cafe,South Auckland,1.05,47.19,905,89,449,245,122,4199.91,21188.31,11561.55,5757.18,0.205470814295113,0.378765724389814,0.27,17,5.02,612.44,1746.17,3088.48,1685.25,1781.19,0.11,0.55,0.3,0.15,42706.950000000004,8301.09,0.19437328116383865,0.050000000000000044,0.8500000000000001,816,0.901657458563536,0.584236538684927,14.599918032786885,4773.73,950.25,47.190000000000005,9.172475138121547,0,Cluster 0,61.66,High Potential,Rebalance Channels,100.0,71.27,57.31,0.0,49.22,-2.4814876827659096,0.19911070194787744,1
26252,Lotus Grill,Japanese,Cafe,CBD,0.99,42.21,1414,151,695,379,189,6373.71,29335.95,15997.59,7977.69,0.253951702620834,0.41522876501549,0.28,6,1.77,334.53,2108.55,1490.84,812.99,2304.65,0.12,0.55,0.3,0.15,59684.94,6717.030000000001,0.11254145518115626,-0.010000000000000009,0.8500000000000001,1263,0.8932107496463932,0.669180467636324,12.193915343915345,2303.83,1399.86,42.21,4.750374823196606,0,Cluster 0,31.79,Low Potential,Rebalance Channels,0.0,54.27,62.6,0.0,38.04,-1.6403807136556836,-0.743786885125288,1
25887,Sakura Kitchen,Japanese,Cafe,North Shore,1.03,37.46,773,106,367,200,100,3970.76,13747.82,7492.0,3746.0,0.276952433399856,0.35245865508914,0.27,3,0.89,89.0,1471.52,1382.88,753.61,1299.23,0.16,0.55,0.3,0.15,28956.58,4907.24,0.16946890827577013,0.030000000000000027,0.8500000000000001,667,0.8628719275549805,0.629411088488996,12.9923,2136.4900000000002,796.19,37.46,6.348305304010349,0,Cluster 0,49.17,Moderate Potential,Rebalance Channels,66.67,64.1,73.71,0.0,11.59,-2.1138241410868415,-0.24516584085180027,1
25714,Red Bistro,Japanese,Full-service,West Auckland,1.04,46.29,617,123,272,148,74,5693.67,12590.88,6850.92,3425.46,0.373254712729249,0.484985151165165,0.28,12,3.54,261.96,807.14,-1740.56,-947.07,223.63,0.25,0.55,0.3,0.15,28560.93,-1656.8600000000001,-0.05801141629491757,0.040000000000000036,0.8500000000000001,494,0.8006482982171799,0.858239863894414,3.022027027027027,-2687.63,641.6800000000001,46.29,-2.6853484602917344,1,Cluster 1,19.98,Low Potential,Optimize,83.33,21.25,23.45,0.0,27.61,-0.3333216185120609,-2.717751809617047,0
26134,Dragon Eatery,Japanese,Cafe,South Auckland,1.05,34.23,761,127,349,190,95,4347.21,11946.27,6503.7,3251.85,0.230217788554728,0.36566522968933,0.29,15,4.43,420.85,1756.78,1363.27,742.18,893.28,0.2,0.55,0.3,0.15,26049.03,4755.51,0.18255996480483153,0.050000000000000044,0.8500000000000001,634,0.8331143232588699,0.595883018244058,9.402947368421053,2105.45,799.0500000000001,34.23,6.249027595269383,0,Cluster 0,59.15,Moderate Potential,Rebalance Channels,100.0,65.73,58.85,0.0,39.68,-2.082096765877933,-0.16422612167033096,1
25822,Golden House,Japanese,QSR,West Auckland,1.04,36.27,623,61,309,169,84,2212.47,11207.43,6129.63,3046.68,0.25074455788359,0.400507799116895,0.27,3,0.89,74.76,771.59,882.56,482.69,987.76,0.11,0.55,0.3,0.15,22596.21,3124.6000000000004,0.13827982657268634,0.040000000000000036,0.8500000000000001,562,0.9020866773675762,0.651252357000485,11.75904761904762,1365.25,647.9200000000001,36.269999999999996,5.015409309791333,0,Cluster 0,50.45,Moderate Potential,Rebalance Channels,83.33,58.1,70.34,0.0,6.81,-2.217408975971672,-0.4330598823114248,1
25932,Dragon Kitchen,Japanese,QSR,South Auckland,1.05,36.85,586,67,285,156,78,2468.95,10502.25,5748.6,2874.3,0.213268913924694,0.407166295778006,0.31,5,1.48,115.44,937.13,730.59,399.9,975.54,0.13,0.55,0.3,0.15,21594.100000000002,3043.16,0.14092553058474303,0.050000000000000044,0.8500000000000001,519,0.8856655290102389,0.6204352097026999,12.506923076923076,1130.49,615.3000000000001,36.85,5.193105802047781,0,Cluster 0,55.59,Moderate Potential,Rebalance Channels,100.0,58.69,71.75,0.0,10.43,-2.3019097295421203,-0.2398240979744628,1
26017,Dragon Corner,Japanese,Cafe,CBD,0.99,37.8,1640,226,778,424,212,8542.8,29408.4,16027.2,8013.6,0.239885733164847,0.439995340863243,0.3,6,1.77,375.24,2734.71,591.67,322.45,2190.07,0.16,0.55,0.3,0.15,61991.99999999999,5838.9,0.09418795973674023,-0.010000000000000009,0.8500000000000001,1414,0.8621951219512195,0.67988107402809,10.330518867924528,914.1199999999999,1623.6,37.8,3.5603048780487803,0,Cluster 0,31.53,Low Potential,Rebalance Channels,0.0,50.19,60.95,0.0,45.25,-1.2682916385841367,-0.9815914388270212,1
25044,Lotus Eatery,Japanese,Cafe,West Auckland,1.04,33.95,764,111,359,196,98,3768.45,12188.05,6654.2,3327.1,0.268164317701012,0.374643553234637,0.32,9,2.66,260.68,1346.06,453.3,247.48,927.73,0.17,0.55,0.3,0.15,25937.8,2974.5699999999997,0.11468089043789373,0.040000000000000036,0.8500000000000001,653,0.8547120418848168,0.6428078709356491,9.466632653061225,700.78,794.5600000000001,33.949999999999996,3.893416230366492,0,Cluster 0,50.34,Moderate Potential,Rebalance Channels,83.33,53.4,61.63,0.0,25.53,-1.8522827010962122,-0.693773309326535,1
26137,Dragon Diner,Japanese,Cafe,West Auckland,1.04,39.63,1415,162,689,376,188,6420.06,27305.07,14900.88,7450.44,0.255555464010686,0.416871739597991,0.33,8,2.36,443.68,2103.04,-66.27,-36.17,1996.88,0.13,0.55,0.3,0.15,56076.45,3997.48,0.0712862529635881,0.040000000000000036,0.8500000000000001,1253,0.8855123674911661,0.672427203608677,10.621702127659574,-102.44,1471.6000000000001,39.629999999999995,2.8250742049469966,0,Cluster 0,50.87,Moderate Potential,Rebalance Channels,83.33,46.11,58.76,0.0,45.02,-1.4768561811271947,-0.9559728390287133,1
26664,Red Tavern,Japanese,Full-service,West Auckland,1.04,36.95,1303,277,564,308,154,10235.15,20839.8,11380.6,5690.3,0.378453951561823,0.458881443110295,0.31,11,3.25,500.5,1664.9,-3070.44,-1676.77,425.11,0.27,0.55,0.3,0.15,48145.85,-2657.2,-0.055190634291429064,0.040000000000000036,0.8500000000000001,1026,0.7874136607828089,0.837335394672118,2.7604545454545457,-4747.21,1355.1200000000001,36.949999999999996,-2.0392939370683036,1,Cluster 1,24.36,Low Potential,Optimize,83.33,22.51,28.31,0.0,48.26,0.04336673234717492,-2.762501501024916,0
25252,Sakura Kitchen,Japanese,QSR,West Auckland,1.04,33.06,561,55,278,152,76,1818.3,9190.68,5025.12,2512.56,0.252470248676837,0.392187587521039,0.32,15,4.43,336.68,646.12,324.82,177.6,556.14,0.11,0.55,0.3,0.15,18546.66,1704.6799999999998,0.09191304525990124,0.040000000000000036,0.8500000000000001,506,0.9019607843137255,0.644657836197876,7.317631578947368,502.41999999999996,583.44,33.06,3.0386452762923346,0,Cluster 0,48.31,Moderate Potential,Rebalance Channels,83.33,49.18,51.33,0.0,32.73,-2.091608807338026,-0.8248759928891564,1
26344,Lotus Eatery,Japanese,QSR,West Auckland,1.04,44.93,1297,96,661,360,180,4313.28,29698.73,16174.8,8087.4,0.2715962324664,0.416869679139927,0.3,8,2.36,424.8,1343.73,342.55,186.56,2094.7,0.08,0.55,0.3,0.15,58274.21,3967.54,0.06808397745760947,0.040000000000000036,0.8500000000000001,1201,0.9259830377794911,0.688465911606327,11.63722222222222,529.11,1348.88,44.93,3.059013107170393,0,Cluster 0,49.75,Moderate Potential,Rebalance Channels,83.33,46.0,56.29,0.0,41.06,-1.6719795950963525,-0.9503889388236549,1
26261,Golden Cafe,Japanese,QSR,West Auckland,1.04,35.8,578,71,279,152,76,2541.8,9988.2,5441.6,2720.8,0.202562803775072,0.444152637058869,0.29,9,2.66,202.16,897.98,632.1,344.37,759.06,0.14,0.55,0.3,0.15,20692.399999999998,2633.5099999999998,0.1272694322553208,0.040000000000000036,0.8500000000000001,507,0.8771626297577855,0.646715440833941,9.987631578947367,976.47,601.12,35.8,4.556245674740484,0,Cluster 0,49.93,Moderate Potential,Rebalance Channels,83.33,55.99,61.03,0.0,19.3,-2.102570124670955,-0.5250897865683862,1
26304,Lotus Grill,Japanese,Full-service,West Auckland,1.04,34.19,1016,183,458,250,125,6256.77,15659.02,8547.5,4273.75,0.384006747975945,0.516593751544133,0.32,17,5.02,627.5,621.92,-3454.39,-1885.58,-202.69,0.22,0.55,0.3,0.15,34737.04,-4920.739999999999,-0.14165685965182984,0.040000000000000036,0.8500000000000001,833,0.8198818897637795,0.900600499520078,-1.62152,-5339.969999999999,1056.64,34.19,-4.843248031496062,1,Cluster 1,17.21,Low Potential,Optimize,83.33,7.07,8.54,0.0,52.65,0.22181484895372044,-3.5796196168635577,0
26264,Red House,Japanese,QSR,South Auckland,1.05,36.64,980,97,486,265,132,3554.08,17807.04,9709.6,4836.48,0.206409751083702,0.390127849741839,0.3,7,2.07,273.24,1433.94,1842.36,1004.58,1678.1,0.11,0.55,0.3,0.15,35907.2,5958.98,0.1659550173781303,0.050000000000000044,0.8500000000000001,883,0.9010204081632653,0.596537600825541,12.712878787878788,2846.94,1029.0,36.64,6.080591836734693,0,Cluster 0,59.5,Moderate Potential,Rebalance Channels,100.0,63.26,72.1,0.0,28.42,-2.3239630225160175,-0.015611028004813144,1
26455,Dragon Bistro,Japanese,Cafe,West Auckland,1.04,43.12,527,80,246,134,67,3449.6,10607.52,5778.08,2889.04,0.26350287489593,0.391973115503788,0.29,7,2.07,138.69,1188.47,578.36,315.04,856.65,0.18,0.55,0.3,0.15,22724.24,2938.52,0.12931213541134928,0.040000000000000036,0.8500000000000001,447,0.8481973434535104,0.655475990399718,12.785820895522388,893.4000000000001,548.08,43.120000000000005,5.575939278937382,0,Cluster 0,49.79,Moderate Potential,Rebalance Channels,83.33,57.65,63.01,0.0,12.93,-1.9745082038216368,-0.5332961494902699,1
26428,Golden Corner,Japanese,Ghost Kitchen,South Auckland,1.05,35.81,1422,105,724,395,198,3760.05,25926.44,14144.95,7090.38,0.296076073311269,0.216479023674037,0.3,8,2.36,467.28,1832.82,4859.78,2651.4,2988.89,0.08,0.55,0.3,0.15,50921.82,12332.89,0.24219263961892956,0.050000000000000044,0.8500000000000001,1317,0.9261603375527426,0.512555096985306,15.09540404040404,7511.18,1493.1000000000001,35.81,8.672918424753867,0,Cluster 0,67.8,High Potential,Rebalance Channels,100.0,77.04,83.4,0.0,45.71,-2.704856075409101,0.6886909464091764,1
25836,Golden Kitchen,Japanese,Cafe,North Shore,1.03,34.88,601,59,298,163,81,2057.92,10394.24,5685.44,2825.28,0.243954891506583,0.390905472170562,0.31,6,1.77,143.37,751.43,573.13,313.49,888.25,0.11,0.55,0.3,0.15,20962.879999999997,2526.3,0.12051302111160302,0.030000000000000027,0.8500000000000001,542,0.9018302828618968,0.634860363677145,10.966049382716049,886.62,619.03,34.879999999999995,4.203494176372712,0,Cluster 0,45.83,Moderate Potential,Rebalance Channels,66.67,54.61,67.89,0.0,12.88,-2.2339794577132928,-0.49929929114114807,1
25838,Dragon Bistro,Japanese,Full-service,CBD,0.99,32.01,1516,242,701,382,191,7746.42,22439.01,12227.82,6113.91,0.375022406829521,0.47810488587711,0.32,9,2.66,508.06,1137.74,-3884.81,-2116.97,389.91,0.19,0.55,0.3,0.15,48527.16,-4474.129999999999,-0.09219847194849233,-0.010000000000000009,0.8500000000000001,1274,0.8403693931398417,0.8531272927066309,2.041413612565445,-6001.78,1500.84,32.010000000000005,-2.9512730870712396,1,Cluster 1,2.16,Low Potential,Optimize,0.0,16.29,29.21,0.0,48.29,0.027859688796338298,-3.077589031209352,0
25397,Red Cafe,Japanese,QSR,South Auckland,1.05,36.9,944,101,464,253,126,3726.9,17121.6,9335.7,4649.4,0.207561242450029,0.427623540931381,0.31,15,4.43,558.18,1359.63,938.52,511.74,1137.99,0.12,0.55,0.3,0.15,34833.6,3947.88,0.11333540030315559,0.050000000000000044,0.8500000000000001,843,0.8930084745762712,0.6351847833814099,9.031666666666666,1450.26,991.2,36.9,4.182076271186441,0,Cluster 0,55.84,Moderate Potential,Rebalance Channels,100.0,53.61,52.79,0.0,45.87,-1.9797608578411685,-0.5870057990746766,1
25824,Golden Corner,Japanese,Ghost Kitchen,North Shore,1.03,34.11,1304,50,690,376,188,1705.5,23535.9,12825.36,6412.68,0.266505319287535,0.293576010724064,0.3,12,3.54,665.52,750.28,3293.11,1794.51,2155.54,0.04,0.55,0.3,0.15,44479.44,7993.4400000000005,0.17971089564077244,0.030000000000000027,0.8500000000000001,1254,0.9616564417177914,0.560081330011599,11.46563829787234,5087.62,1343.1200000000001,34.11,6.129938650306749,0,Cluster 0,54.37,Moderate Potential,Rebalance Channels,66.67,65.18,69.4,0.0,50.21,-2.5472134179785515,0.09970322650949211,1
26069,Dragon Cafe,Japanese,Ghost Kitchen,South Auckland,1.05,36.49,673,32,353,192,96,1167.68,12880.97,7006.08,3503.04,0.283546177088283,0.223205912869889,0.31,8,2.36,226.56,575.96,2360.41,1283.85,1501.31,0.05,0.55,0.3,0.15,24557.77,5721.529999999999,0.23298247357150095,0.050000000000000044,0.8500000000000001,641,0.9524517087667161,0.506752089958172,15.638645833333333,3644.2599999999998,706.65,36.49,8.50153046062407,0,Cluster 0,63.81,High Potential,Rebalance Channels,100.0,75.56,84.3,0.0,20.37,-3.213601242560792,0.7608742725482299,1
25182,Red Grill,Japanese,QSR,South Auckland,1.05,36.11,871,100,424,231,116,3611.0,15310.64,8341.41,4188.76,0.210995952431113,0.449590543820523,0.33,18,5.31,615.96,1225.62,144.13,78.52,805.76,0.13,0.55,0.3,0.15,31451.809999999998,2254.0299999999997,0.07166614576394809,0.050000000000000044,0.8500000000000001,771,0.8851894374282434,0.660586496251636,6.946206896551724,222.64999999999998,914.5500000000001,36.11,2.5878645235361653,0,Cluster 0,52.8,Moderate Potential,Rebalance Channels,100.0,45.85,43.9,0.0,50.4,-1.755293046534125,-0.9832421370120439,1
25627,Golden House,Japanese,QSR,CBD,0.99,41.78,822,88,404,220,110,3676.64,16879.12,9191.6,4595.8,0.229561720807105,0.378747975663282,0.28,12,3.54,389.4,1440.1,1885.23,1026.61,1410.73,0.12,0.55,0.3,0.15,34343.16,5762.67,0.167796731576244,-0.010000000000000009,0.8500000000000001,734,0.8929440389294404,0.608309696470387,12.824818181818182,2911.84,813.78,41.78,7.010547445255474,0,Cluster 0,33.56,Low Potential,Rebalance Channels,0.0,64.77,61.97,0.0,33.15,-2.3052750637114343,-0.18516275583778757,1
25858,Dragon Cafe,Japanese,QSR,CBD,0.99,30.34,1390,181,665,363,181,5491.54,20176.1,11013.42,5491.54,0.233027175273746,0.432163921068422,0.28,9,2.66,481.46,1838.62,1105.83,603.63,1357.16,0.15,0.55,0.3,0.15,42172.6,4905.24,0.11631343573789617,-0.010000000000000009,0.8500000000000001,1209,0.8697841726618705,0.665191096342168,7.498121546961326,1709.46,1376.1,30.34,3.52894964028777,0,Cluster 0,31.56,Low Potential,Rebalance Channels,0.0,53.13,58.18,0.0,44.27,-1.4996067287777877,-0.906195021343486,1
25793,Golden Bistro,Japanese,QSR,North Shore,1.03,44.46,1322,109,667,364,182,4846.14,29654.82,16183.44,8091.72,0.220565613862127,0.364827864221297,0.32,9,2.66,484.12,2009.24,2805.54,1531.06,2870.76,0.09,0.55,0.3,0.15,58776.12,9216.6,0.15680858144430085,0.030000000000000027,0.8500000000000001,1213,0.9175491679273827,0.585393478083424,15.773406593406595,4336.6,1361.66,44.46,6.971709531013616,0,Cluster 0,53.14,Moderate Potential,Rebalance Channels,66.67,63.24,70.48,0.0,43.81,-2.2679805408269127,0.031034913417673164,1
25874,Lotus House,Japanese,Cafe,South Auckland,1.05,37.47,1752,201,853,465,233,7531.47,31961.91,17423.55,8730.51,0.26584056744352,0.435349240200594,0.32,11,3.25,757.25,2250.48,-677.27,-369.2,1851.52,0.13,0.55,0.3,0.15,65647.43999999999,3055.5299999999997,0.046544541569328524,0.050000000000000044,0.8500000000000001,1551,0.8852739726027398,0.7011898076441141,7.946437768240343,-1046.47,1839.6000000000001,37.46999999999999,1.7440239726027396,0,Cluster 0,54.77,Moderate Potential,Rebalance Channels,100.0,41.32,49.29,0.0,63.87,-1.097557752050423,-1.3081490322340732,1
26155,Sakura Eatery,Japanese,Cafe,West Auckland,1.04,32.14,1366,208,637,347,174,6685.12,20473.18,11152.58,5592.36,0.275439679753035,0.368579049757682,0.3,17,5.02,873.48,2379.78,1146.11,624.34,1117.3,0.18,0.55,0.3,0.15,43903.24,5267.530000000001,0.11998043880132767,0.040000000000000036,0.8500000000000001,1158,0.8477306002928258,0.644018729510717,6.421264367816092,1770.4499999999998,1420.64,32.14,3.856171303074671,0,Cluster 0,53.63,Moderate Potential,Rebalance Channels,83.33,54.07,48.09,0.0,64.37,-1.461211349692211,-0.8504117259775441,1
26398,Red Kitchen,Japanese,Cafe,South Auckland,1.05,33.94,1485,182,717,391,195,6177.08,24334.98,13270.54,6618.3,0.214547459892929,0.38085606188979,0.31,14,4.13,805.35,2499.22,2302.0,1255.35,1872.39,0.14,0.55,0.3,0.15,50400.9,7928.96,0.15731782567374789,0.050000000000000044,0.8500000000000001,1303,0.8774410774410775,0.5954035217827189,9.602,3557.35,1559.25,33.94,5.339367003367004,0,Cluster 0,61.68,High Potential,Rebalance Channels,100.0,61.1,60.62,0.0,61.84,-1.884770538842178,-0.24101422648471377,1
26361,Dragon House,Japanese,Full-service,CBD,0.99,39.28,1715,273,793,433,216,10723.44,31149.04,17008.24,8484.48,0.371044463047292,0.529919120436534,0.27,18,5.31,1146.96,1062.01,-5325.35,-2907.79,-306.69,0.19,0.55,0.3,0.15,67365.2,-7477.82,-0.11100419801321751,-0.010000000000000009,0.8500000000000001,1442,0.8408163265306122,0.900963583483826,-1.419861111111111,-8233.14,1697.85,39.28,-4.360244897959183,1,Cluster 1,0.68,Low Potential,Optimize,0.0,11.85,6.85,0.0,75.64,0.38370084922069436,-3.4496977429850864,0
25484,Lotus House,Japanese,Full-service,CBD,0.99,43.35,1617,343,701,382,191,14869.05,30388.35,16559.7,8279.85,0.389593648060691,0.469132607383654,0.31,13,3.84,733.44,2100.61,-5127.31,-2794.06,436.29,0.27,0.55,0.3,0.15,70096.95,-5384.47,-0.07681461176270865,-0.010000000000000009,0.8500000000000001,1274,0.7878787878787878,0.858726255444345,2.284240837696335,-7921.370000000001,1600.83,43.35,-3.32991341991342,1,Cluster 1,2.92,Low Potential,Optimize,0.0,17.85,21.67,0.0,60.85,0.3370484951906919,-3.0274573112808807,0
26548,Lotus Corner,Japanese,Cafe,West Auckland,1.04,40.76,799,79,396,216,108,3220.04,16140.96,8804.16,4402.08,0.27363631747663,0.390719757275656,0.31,13,3.84,414.72,1080.79,413.92,225.77,1062.81,0.11,0.55,0.3,0.15,32567.239999999998,2783.29,0.0854628761909207,0.040000000000000036,0.8500000000000001,720,0.9011264080100125,0.664356074752286,9.840833333333332,639.69,830.96,40.76,3.4834668335419274,0,Cluster 0,48.79,Moderate Potential,Rebalance Channels,83.33,48.91,51.63,0.0,36.04,-1.9117193528749479,-0.865230413258607,1
26366,Dragon Diner,Japanese,QSR,CBD,0.99,36.78,773,76,383,209,105,2795.28,14086.74,7687.02,3861.9,0.211343498751521,0.407948419544846,0.28,14,4.13,433.65,1064.19,1418.65,774.15,1036.61,0.11,0.55,0.3,0.15,28430.940000000002,4293.6,0.15101857342739985,-0.010000000000000009,0.8500000000000001,697,0.9016817593790427,0.619291918296367,9.87247619047619,2192.8,765.27,36.78,5.554463130659768,0,Cluster 0,31.96,Low Potential,Rebalance Channels,0.0,60.54,56.94,0.0,36.26,-2.2539161122817,-0.38738919056138854,1
26608,Dragon Grill,Japanese,QSR,CBD,0.99,36.8,661,54,334,182,91,1987.2,12291.2,6697.6,3348.8,0.244970485251397,0.350810357718728,0.3,6,1.77,161.07,803.26,1280.98,698.02,1192.58,0.09,0.55,0.3,0.15,24324.8,3974.8399999999997,0.1634068933763073,-0.010000000000000009,0.8500000000000001,607,0.9183055975794251,0.595780842970125,13.105274725274725,1979.0,654.39,36.8,6.013373676248109,0,Cluster 0,32.59,Low Potential,Rebalance Channels,0.0,62.83,73.91,0.0,14.02,-2.544959057840235,-0.10707024037357186,1
25191,Red Kitchen,Japanese,QSR,West Auckland,1.04,43.31,809,93,394,215,107,4027.83,17064.14,9311.65,4634.17,0.21593373876065,0.364275915338658,0.28,13,3.84,410.88,1690.84,2385.4,1301.68,1534.5,0.13,0.55,0.3,0.15,35037.79,6912.42,0.19728470317334512,0.040000000000000036,0.8500000000000001,716,0.8850432632880099,0.580209654099308,14.341121495327103,3687.08,841.36,43.31,8.544400494437577,0,Cluster 0,56.91,Moderate Potential,Rebalance Channels,83.33,70.81,64.6,0.0,36.38,-2.4764666915984463,0.19677418979001488,1
26056,Red Kitchen,Japanese,QSR,North Shore,1.03,44.7,661,60,331,180,90,2682.0,14795.7,8046.0,4023.0,0.209457493200898,0.384090273454785,0.29,5,1.48,133.2,1090.1,1722.99,936.97,1501.96,0.1,0.55,0.3,0.15,29546.7,5252.02,0.17775318394270764,0.030000000000000027,0.8500000000000001,601,0.9092284417549168,0.593547766655683,16.688444444444446,2659.96,680.83,44.7,7.945567322239032,0,Cluster 0,50.57,Moderate Potential,Rebalance Channels,66.67,67.37,75.9,0.0,12.54,-2.6110572406917814,0.18175782515138705,1
25561,Red Eatery,Japanese,QSR,North Shore,1.03,33.82,765,69,383,209,104,2333.58,12953.06,7068.38,3517.28,0.24942880243063,0.417320055817254,0.27,12,3.54,368.16,777.67,819.3,447.08,803.98,0.1,0.55,0.3,0.15,25872.3,2848.0299999999997,0.11008027890833053,0.030000000000000027,0.8500000000000001,696,0.9098039215686274,0.666748858247884,7.7305769230769235,1266.3799999999999,787.95,33.82,3.7229150326797384,0,Cluster 0,45.25,Moderate Potential,Rebalance Channels,66.67,52.55,52.96,0.0,32.32,-1.9921750408507855,-0.816058690921905,1
26206,Sakura House,Japanese,Ghost Kitchen,South Auckland,1.05,38.27,492,23,258,141,70,880.21,9873.66,5396.07,2678.9,0.278013643261511,0.205571948923171,0.29,18,5.31,371.7,454.55,2235.54,1221.75,1011.72,0.05,0.55,0.3,0.15,18828.84,4923.56,0.2614903520344323,0.050000000000000044,0.8500000000000001,469,0.9532520325203252,0.483585592184682,14.453142857142858,3457.29,516.6,38.27,10.007235772357724,0,Cluster 0,65.23,High Potential,Rebalance Channels,100.0,81.44,71.18,0.0,37.58,-3.4308872999427775,0.9273272641982911,1
25884,Sakura Corner,Japanese,QSR,CBD,0.99,40.79,755,92,365,199,99,3752.68,14888.35,8117.21,4038.21,0.260912698004395,0.355794575531036,0.29,15,4.43,438.57,1438.37,1388.97,757.28,1109.25,0.14,0.55,0.3,0.15,30796.449999999997,4693.87,0.15241594404549877,-0.010000000000000009,0.8500000000000001,663,0.8781456953642384,0.616707273535431,11.204545454545455,2146.25,747.45,40.79,6.217046357615894,0,Cluster 0,32.24,Low Potential,Rebalance Channels,0.0,61.62,55.64,0.0,38.02,-2.164161507142192,-0.40413466014380023,1
26695,Red Grill,Japanese,Full-service,South Auckland,1.05,43.8,801,155,355,194,97,6789.0,15549.0,8497.2,4248.6,0.384673320793081,0.4865216211183,0.31,15,4.43,429.71,874.46,-2817.4,-1539.65,117.53,0.24,0.55,0.3,0.15,35083.8,-3365.06,-0.09591492369697695,0.050000000000000044,0.8500000000000001,646,0.8064918851435705,0.8711949419113809,1.2116494845360826,-4357.05,841.0500000000001,43.800000000000004,-4.201073657927591,1,Cluster 1,22.96,Low Potential,Optimize,100.0,14.1,16.41,0.0,41.03,-0.10261710389095625,-3.0406409004538264,0
25523,Golden Kitchen,Japanese,QSR,West Auckland,1.04,39.26,1523,125,769,419,210,4907.5,30190.94,16449.94,8244.6,0.245123394969851,0.414689913997427,0.28,5,1.48,310.8,1669.47,1817.09,990.07,2493.9,0.09,0.55,0.3,0.15,59792.98,6970.530000000001,0.11657773203476395,0.040000000000000036,0.8500000000000001,1398,0.9179251477347341,0.659813308967278,11.875714285714286,2807.16,1583.92,39.260000000000005,4.576841759684833,0,Cluster 0,53.86,Moderate Potential,Rebalance Channels,83.33,54.58,65.68,0.0,41.64,-1.7475179812821515,-0.5918965618991401,1
25926,Golden Corner,Japanese,Full-service,North Shore,1.03,35.24,1402,298,607,331,166,10501.52,21390.68,11664.44,5849.84,0.357645330461673,0.513063861546107,0.29,11,3.25,539.5,1357.75,-3437.68,-1874.58,216.83,0.27,0.55,0.3,0.15,49406.479999999996,-3737.68,-0.07565161492986346,0.030000000000000027,0.8500000000000001,1104,0.7874465049928673,0.87070919200778,1.3062048192771085,-5312.26,1444.06,35.239999999999995,-2.6659629101283877,1,Cluster 1,18.69,Low Potential,Optimize,66.67,18.9,23.16,0.0,51.13,0.2856275390640555,-3.0595421703596313,0
26048,Sakura Tavern,Japanese,QSR,North Shore,1.03,41.53,544,58,267,146,73,2408.74,11088.51,6063.38,3031.69,0.201183567494154,0.428493036120199,0.32,9,2.66,194.18,892.01,558.01,305.13,928.53,0.12,0.55,0.3,0.15,22592.32,2683.6800000000003,0.11878726930213454,0.030000000000000027,0.8500000000000001,486,0.8933823529411765,0.6296766036143531,12.71958904109589,863.14,560.32,41.53,4.933235294117647,0,Cluster 0,45.94,Moderate Potential,Rebalance Channels,66.67,55.36,63.65,0.0,17.99,-2.2727415982292376,-0.3954120021790736,1
26278,Golden Diner,Japanese,Full-service,West Auckland,1.04,32.39,1420,246,646,352,176,7967.94,20923.94,11401.28,5700.64,0.353880775603466,0.513588660839014,0.33,10,2.95,519.2,1056.0,-4131.84,-2251.4,236.31,0.21,0.55,0.3,0.15,45993.799999999996,-5090.929999999999,-0.110687310028743,0.040000000000000036,0.8500000000000001,1174,0.8267605633802817,0.86746943644248,1.3426704545454546,-6383.24,1476.8,32.38999999999999,-3.5851619718309853,1,Cluster 1,21.62,Low Potential,Optimize,83.33,12.94,25.36,0.0,49.85,0.14553961340877652,-3.1655390957713077,0
26240,Dragon Bistro,Japanese,QSR,North Shore,1.03,44.24,1665,178,818,446,223,7874.72,36188.32,19731.04,9865.52,0.229306232444942,0.405727084749378,0.31,11,3.25,724.75,2874.01,1989.15,1084.55,2875.84,0.12,0.55,0.3,0.15,73659.6,8823.55,0.11978818782616249,0.030000000000000027,0.8500000000000001,1487,0.893093093093093,0.63503331719432,12.896143497757848,3073.7,1714.95,44.24,5.299429429429429,0,Cluster 0,51.54,Moderate Potential,Rebalance Channels,66.67,55.99,59.49,0.0,59.86,-1.669435033885266,-0.493737317894163,1
26049,Sakura House,Japanese,Full-service,West Auckland,1.04,42.53,811,205,333,182,91,8718.65,14162.49,7740.46,3870.23,0.395120665139984,0.492510938178748,0.28,3,0.89,80.99,979.7,-2374.08,-1297.55,353.9,0.34,0.55,0.3,0.15,34491.83,-2338.0299999999997,-0.06778503779010854,0.040000000000000036,0.8500000000000001,606,0.7472256473489519,0.887631603318732,3.889010989010989,-3671.63,843.44,42.53,-2.8828976572133165,1,Cluster 1,19.5,Low Potential,Optimize,83.33,19.67,33.9,0.0,13.11,0.22804172768003686,-2.9628073213370665,0
26051,Sakura Cafe,Japanese,Full-service,West Auckland,1.04,38.36,1671,395,702,383,191,15152.2,26928.72,14691.88,7326.76,0.353888594929595,0.531871801638044,0.27,12,3.54,676.14,1730.98,-4194.43,-2288.41,160.87,0.31,0.55,0.3,0.15,64099.56,-4590.990000000001,-0.0716228005309241,0.040000000000000036,0.8500000000000001,1276,0.7636146020347098,0.885760396567639,0.8422513089005236,-6482.84,1737.8400000000001,38.36,-2.747450628366248,1,Cluster 1,23.95,Low Potential,Optimize,83.33,19.34,19.2,0.0,62.93,0.6140734175289323,-3.120510663375237,0
26418,Lotus Eatery,Japanese,QSR,West Auckland,1.04,43.92,959,110,467,255,127,4831.2,20510.64,11199.6,5577.84,0.254194249343127,0.394716511690058,0.32,3,0.89,113.03,1696.18,637.66,348.19,1845.29,0.13,0.55,0.3,0.15,42119.28,4527.32,0.10748806722242166,0.040000000000000036,0.8500000000000001,849,0.8852971845672576,0.648910761033185,14.529842519685038,985.8499999999999,997.36,43.92,4.720875912408759,0,Cluster 0,51.07,Moderate Potential,Rebalance Channels,83.33,53.55,70.7,0.0,18.07,-1.9422553749493983,-0.5082109507460105,1
26029,Sakura Grill,Japanese,QSR,South Auckland,1.05,38.48,1000,99,496,270,135,3809.52,19086.08,10389.6,5194.8,0.269834992289543,0.40424062886741,0.33,5,1.48,199.8,1241.62,-77.79,-42.34,1493.31,0.11,0.55,0.3,0.15,38480.00000000001,2614.8,0.06795218295218294,0.050000000000000044,0.8500000000000001,901,0.901,0.674075621156953,11.061555555555556,-120.13000000000001,1050.0,38.480000000000004,2.6148000000000002,0,Cluster 0,52.71,Moderate Potential,Rebalance Channels,100.0,45.38,63.48,0.0,24.43,-1.7583841753889857,-0.9163119555624113,1
25019,Dragon House,Japanese,Cafe,West Auckland,1.04,39.08,1642,149,821,448,224,5822.92,32084.68,17507.84,8753.92,0.229025999736041,0.363543053902686,0.28,13,3.84,860.16,2372.44,4088.58,2231.04,2706.46,0.1,0.55,0.3,0.15,64169.36,11398.52,0.17763181680478035,0.040000000000000036,0.8500000000000001,1493,0.9092570036540804,0.592569053638727,12.082410714285714,6319.62,1707.68,39.08,6.941851400730816,0,Cluster 0,59.52,Moderate Potential,Rebalance Channels,83.33,66.0,62.7,0.0,64.29,-2.0374991964779623,-0.04747308603142958,1
25008,Golden Bistro,Japanese,Ghost Kitchen,CBD,0.99,33.6,1402,115,708,386,193,3864.0,23788.8,12969.6,6484.8,0.296795365330763,0.275661605480127,0.28,6,1.77,341.61,1652.03,3509.87,1913.57,2430.92,0.09,0.55,0.3,0.15,47107.200000000004,9506.39,0.20180333367298414,-0.010000000000000009,0.8500000000000001,1287,0.9179743223965763,0.57245697081089,12.595440414507772,5423.44,1387.98,33.6,6.780592011412268,0,Cluster 0,38.41,Low Potential,Rebalance Channels,0.0,69.04,77.51,0.0,37.66,-2.3203489690407335,0.07120502723516747,1
25168,Sakura Grill,Japanese,QSR,CBD,0.99,36.66,441,40,221,120,60,1466.4,8101.86,4399.2,2199.6,0.269316739570349,0.397792466287501,0.3,3,0.89,53.4,488.15,266.48,144.69,678.83,0.1,0.55,0.3,0.15,16167.06,1578.15,0.09761515080664018,-0.010000000000000009,0.8500000000000001,401,0.909297052154195,0.66710920585785,11.313833333333333,411.17,436.59,36.66,3.5785714285714287,0,Cluster 0,26.25,Low Potential,Rebalance Channels,0.0,50.68,67.89,0.0,0.0,-2.174299665323877,-0.7885103061895683,1
25575,Red Cafe,Japanese,Ghost Kitchen,North Shore,1.03,46.05,1595,118,812,443,222,5433.9,37392.6,20400.15,10223.1,0.262201234011445,0.206482939631678,0.31,3,0.89,197.58,2887.12,8275.57,4514.88,5234.11,0.08,0.55,0.3,0.15,73449.75,20911.68,0.2847072998886994,0.030000000000000027,0.8500000000000001,1477,0.9260188087774295,0.468684173643123,23.57707207207207,12790.45,1642.8500000000001,46.05,13.110771159874608,0,Cluster 0,64.38,High Potential,Rebalance Channels,66.67,88.76,98.48,0.0,38.87,-2.980799741749508,1.3235090222476806,1
26181,Lotus Diner,Japanese,QSR,South Auckland,1.05,39.53,1365,167,659,359,180,6601.51,26050.27,14191.27,7115.4,0.225995636582375,0.425437678606249,0.33,8,2.36,424.8,2301.07,483.67,263.48,2055.39,0.14,0.55,0.3,0.15,53958.450000000004,5103.610000000001,0.09458407348617316,0.050000000000000044,0.8500000000000001,1198,0.8776556776556776,0.651433315188624,11.418833333333332,747.1500000000001,1433.25,39.53,3.7389084249084252,0,Cluster 0,56.59,Moderate Potential,Rebalance Channels,100.0,50.49,62.0,0.0,43.78,-1.6177057656190283,-0.6942578072617472,1
26425,Red Bistro,Japanese,Cafe,West Auckland,1.04,45.01,1064,138,509,278,139,6211.38,22910.09,12512.78,6256.39,0.219707919154316,0.39908913038671,0.31,11,3.25,451.75,2367.8,1631.27,890.95,1933.2,0.15,0.55,0.3,0.15,47890.64,6823.22,0.14247502225904687,0.040000000000000036,0.8500000000000001,926,0.8703007518796992,0.618797049541026,13.90791366906475,2522.2200000000003,1106.56,45.01,6.4128007518797,0,Cluster 0,54.41,Moderate Potential,Rebalance Channels,83.33,60.55,61.99,0.0,40.25,-1.9962355533429668,-0.25954061381042093,1
26385,Sakura House,Japanese,Ghost Kitchen,CBD,0.99,34.19,1437,106,732,399,200,3624.14,25027.08,13641.81,6838.0,0.29333988414146,0.2669478087686,0.31,14,4.13,826.0,1593.58,3246.32,1769.51,2180.75,0.08,0.55,0.3,0.15,49131.03,8790.16,0.17891259352795982,-0.010000000000000009,0.8500000000000001,1331,0.9262352122477383,0.56028769291006,10.90375,5015.83,1422.6299999999999,34.19,6.1170215727209465,0,Cluster 0,38.09,Low Potential,Rebalance Channels,0.0,65.06,66.03,0.0,57.44,-2.300881219148424,-0.06367331766853856,1
26518,Lotus Tavern,Japanese,Cafe,CBD,0.99,30.07,566,60,278,152,76,1804.2,8359.46,4570.64,2285.32,0.250124883279204,0.39169642527122,0.32,12,3.54,269.04,646.23,319.15,174.5,549.51,0.12,0.55,0.3,0.15,17019.62,1689.39,0.09926132310827153,-0.010000000000000009,0.8500000000000001,506,0.8939929328621908,0.6418213085504241,7.230394736842105,493.65,560.34,30.069999999999997,2.9847879858657245,0,Cluster 0,27.63,Low Potential,Rebalance Channels,0.0,50.1,56.8,0.0,24.99,-2.073457068437385,-0.8586879744552013,1
26213,Golden House,Japanese,QSR,North Shore,1.03,34.81,1428,117,721,393,197,4072.77,25098.01,13680.33,6857.57,0.224662753120065,0.401254094415344,0.27,7,2.07,407.79,1523.55,2612.28,1423.89,2157.51,0.09,0.55,0.3,0.15,49708.68,7717.2300000000005,0.15524914361033124,0.030000000000000027,0.8500000000000001,1311,0.9180672268907563,0.625916847535409,10.951827411167514,4036.17,1470.8400000000001,34.81,5.40422268907563,0,Cluster 0,51.81,Moderate Potential,Rebalance Channels,66.67,60.91,67.57,0.0,42.66,-2.0022504806855177,-0.30040168550748525,1
26037,Dragon Diner,Japanese,QSR,CBD,0.99,41.15,1458,132,729,398,199,5431.8,29998.35,16377.7,8188.85,0.272327847611159,0.424706685147248,0.28,10,2.95,587.05,1645.65,688.93,376.12,1893.89,0.1,0.55,0.3,0.15,59996.700000000004,4604.59,0.07674738777299418,-0.010000000000000009,0.8500000000000001,1326,0.9094650205761317,0.6970345327584071,9.517035175879398,1065.05,1443.42,41.150000000000006,3.1581550068587108,0,Cluster 0,29.47,Low Potential,Rebalance Channels,0.0,47.3,51.63,0.0,48.78,-1.4610512502741217,-1.1348546811342708,1
26473,Dragon Tavern,Japanese,Full-service,South Auckland,1.05,39.32,1364,338,564,308,154,13290.16,22176.48,12110.56,6055.28,0.360700103011914,0.503687460254878,0.3,15,4.43,682.22,1802.31,-3645.54,-1990.83,138.95,0.33,0.55,0.3,0.15,53632.479999999996,-3695.11,-0.06889686995641447,0.050000000000000044,0.8500000000000001,1026,0.7521994134897361,0.864387563266792,0.9022727272727272,-5636.37,1432.2,39.32,-2.709024926686217,1,Cluster 1,27.44,Low Potential,Optimize,100.0,19.76,17.46,0.0,60.08,0.4467408589008578,-3.016970579782231,0
25676,Lotus Corner,Japanese,Cafe,South Auckland,1.05,37.75,1449,231,670,365,183,8720.25,25292.5,13778.75,6908.25,0.232736262306571,0.377446999866515,0.28,12,3.54,647.82,3399.3,2777.54,1513.14,2045.13,0.19,0.55,0.3,0.15,54699.75,9735.11,0.17797357391944205,0.050000000000000044,0.8500000000000001,1218,0.8405797101449275,0.6101832621730859,11.175573770491804,4290.68,1521.45,37.75,6.7185024154589374,0,Cluster 0,62.17,High Potential,Rebalance Channels,100.0,65.74,61.68,0.0,55.96,-1.725631008939511,-0.2030392566089829,1
26202,Lotus Cafe,Japanese,Ghost Kitchen,North Shore,1.03,39.39,742,48,382,208,104,1890.72,15046.98,8193.12,4096.56,0.282787777285557,0.325283242308069,0.28,10,2.95,306.8,741.03,1684.19,917.05,1298.76,0.07,0.55,0.3,0.15,29227.38,4641.030000000001,0.1587904902868475,0.030000000000000027,0.8500000000000001,694,0.9353099730458221,0.608071019593626,12.488076923076923,2601.24,764.26,39.39,6.254757412398923,0,Cluster 0,49.4,Moderate Potential,Rebalance Channels,66.67,62.53,65.34,0.0,26.89,-2.504150792648969,-0.1748177166389538,1
26554,Sakura Kitchen,Japanese,Cafe,West Auckland,1.04,42.93,1272,146,619,338,169,6267.78,26573.67,14510.34,7255.17,0.259760280065238,0.409047899232246,0.33,17,5.02,848.38,2075.84,31.67,17.29,1554.47,0.13,0.55,0.3,0.15,54606.95999999999,3679.2700000000004,0.06737730868006571,0.040000000000000036,0.8500000000000001,1126,0.8852201257861635,0.668808179297484,9.198047337278107,48.96,1322.88,42.92999999999999,2.8925078616352207,0,Cluster 0,50.29,Moderate Potential,Rebalance Channels,83.33,45.68,44.27,0.0,61.22,-1.5254657259923767,-1.0293218076579658,1
25787,Lotus Cafe,Japanese,QSR,West Auckland,1.04,44.71,990,90,495,270,135,4023.9,22131.45,12071.7,6035.85,0.263192797061056,0.371279262425378,0.29,15,4.43,598.05,1470.85,1671.54,911.75,1608.22,0.1,0.55,0.3,0.15,44262.9,5662.36,0.12792564427545414,0.040000000000000036,0.8500000000000001,900,0.9090909090909091,0.634472059486434,11.912740740740741,2583.29,1029.6000000000001,44.71,5.719555555555555,0,Cluster 0,52.89,Moderate Potential,Rebalance Channels,83.33,57.65,52.9,0.0,47.11,-2.0878839179581274,-0.4649325786134264,1
26438,Lotus Eatery,Japanese,Full-service,CBD,0.99,33.54,613,84,291,159,79,2817.36,9760.14,5332.86,2649.66,0.360813741094898,0.505782615067437,0.27,7,2.07,163.53,375.85,-1333.2,-728.45,189.94,0.16,0.55,0.3,0.15,20560.02,-1495.8600000000001,-0.07275576580178425,-0.010000000000000009,0.8500000000000001,529,0.8629690048939641,0.8665963561623351,2.4043037974683545,-2061.65,606.87,33.54,-2.4402283849918436,1,Cluster 1,0.0,Low Potential,Optimize,0.0,19.6,30.47,0.0,14.82,-0.5619338529209223,-2.9196323033850304,0
25873,Sakura Grill,Japanese,Full-service,West Auckland,1.04,35.04,1885,339,850,464,232,11878.56,29784.0,16258.56,8129.28,0.354307648574468,0.476819817721844,0.32,4,1.18,273.76,2005.96,-4501.18,-2457.11,1099.05,0.22,0.55,0.3,0.15,66050.4,-3853.2799999999997,-0.05833848091760232,0.040000000000000036,0.8500000000000001,1546,0.8201591511936339,0.831127466296312,4.7372844827586205,-6958.290000000001,1960.4,35.04,-2.044180371352785,1,Cluster 1,27.26,Low Potential,Optimize,83.33,22.08,40.97,0.0,51.43,0.10427890922995899,-2.6367012178746774,0
26034,Golden House,Japanese,QSR,West Auckland,1.04,46.27,531,69,254,139,69,3192.63,11752.58,6431.53,3192.63,0.209463530443609,0.448409099434502,0.29,17,5.02,346.38,1092.29,612.63,335.26,745.91,0.15,0.55,0.3,0.15,24569.37,2786.09,0.11339688400638682,0.040000000000000036,0.8500000000000001,462,0.8700564971751412,0.657872629878111,10.810289855072464,947.89,552.24,46.269999999999996,5.246873822975518,0,Cluster 0,49.25,Moderate Potential,Rebalance Channels,83.33,55.06,45.96,0.0,36.39,-2.0175776096360445,-0.6332087084688054,1
25184,Dragon Cafe,Japanese,QSR,North Shore,1.03,41.57,1243,152,600,327,164,6318.64,24942.0,13593.39,6817.48,0.227811310086399,0.426582223828882,0.28,16,4.72,774.08,2183.76,1636.36,891.81,1582.09,0.14,0.55,0.3,0.15,51671.509999999995,6294.02,0.12180832338749151,0.030000000000000027,0.8500000000000001,1091,0.8777152051488335,0.654393533915281,9.646890243902439,2528.17,1280.29,41.56999999999999,5.063572003218021,0,Cluster 0,48.92,Moderate Potential,Rebalance Channels,66.67,55.94,48.19,0.0,57.52,-1.6979942152882939,-0.683011583003923,1
25348,Red Tavern,Japanese,Cafe,South Auckland,1.05,39.66,1327,221,608,332,166,8764.86,24113.28,13167.12,6583.56,0.260996655020863,0.356645783153363,0.32,5,1.48,245.68,3351.31,1503.65,821.07,2271.59,0.2,0.55,0.3,0.15,52628.82,7947.62,0.1510126960855288,0.050000000000000044,0.8500000000000001,1106,0.8334589299171062,0.617642438174226,13.684277108433736,2324.7200000000003,1393.3500000000001,39.66,5.989163526752073,0,Cluster 0,60.04,High Potential,Rebalance Channels,100.0,61.13,72.18,0.0,35.5,-1.6919244007069916,-0.2878308160858394,1
25643,Red Bistro,Japanese,Ghost Kitchen,CBD,0.99,43.23,1096,62,569,310,155,2680.26,24597.87,13401.3,6700.65,0.29654417039128,0.272076312650461,0.31,15,4.43,686.65,1156.21,2985.68,1626.64,2203.87,0.06,0.55,0.3,0.15,47380.079999999994,7972.4,0.16826480664448015,-0.010000000000000009,0.8500000000000001,1034,0.9434306569343066,0.568620483041741,14.218516129032258,4612.32,1085.04,43.23,7.274087591240876,0,Cluster 0,36.24,Low Potential,Rebalance Channels,0.0,65.19,63.05,0.0,48.89,-2.529130451171763,-0.021476161387944306,1
25226,Red Corner,Japanese,Cafe,West Auckland,1.04,37.52,767,105,364,199,99,3939.6,13657.28,7466.48,3714.48,0.238916006330401,0.408436138019897,0.29,17,5.02,496.98,1389.29,855.6,467.76,812.92,0.16,0.55,0.3,0.15,28777.84,3525.5699999999997,0.12250988955390675,0.040000000000000036,0.8500000000000001,662,0.863102998696219,0.647352144350298,8.211313131313132,1323.3600000000001,797.6800000000001,37.52,4.596571056062581,0,Cluster 0,50.85,Moderate Potential,Rebalance Channels,83.33,55.41,47.58,0.0,44.3,-1.8734931004853796,-0.6995588348374338,1
26365,Lotus Grill,Japanese,QSR,North Shore,1.03,38.36,864,78,432,236,118,2992.08,16571.52,9052.96,4526.48,0.276877369564027,0.428101296280511,0.31,11,3.25,383.5,882.73,-248.22,-135.6,951.91,0.1,0.55,0.3,0.15,33143.03999999999,1450.82,0.043774499864828335,0.030000000000000027,0.8500000000000001,786,0.9097222222222222,0.704978665844538,8.067033898305084,-383.82,889.9200000000001,38.35999999999999,1.6791898148148148,0,Cluster 0,41.61,Moderate Potential,Rebalance Channels,66.67,40.86,48.71,0.0,33.27,-1.6434588923771773,-1.3004984654455753,1
25635,Sakura Bistro,Japanese,QSR,West Auckland,1.04,40.27,1232,101,622,339,170,4067.27,25047.94,13651.53,6845.9,0.201740783452988,0.427386291883886,0.3,11,3.25,552.5,1508.44,1775.22,967.52,1986.46,0.09,0.55,0.3,0.15,49612.64,6237.64,0.12572683090438244,0.040000000000000036,0.8500000000000001,1131,0.9180194805194806,0.629127075336874,11.685058823529411,2742.74,1281.28,40.269999999999996,5.063019480519481,0,Cluster 0,53.91,Moderate Potential,Rebalance Channels,83.33,56.47,60.4,0.0,45.88,-2.0349523699537615,-0.39361322059212983,1
25080,Dragon Cafe,Japanese,QSR,South Auckland,1.05,43.46,1609,132,812,443,222,5736.72,35289.52,19252.78,9648.12,0.23662826968357,0.389586268132552,0.27,7,2.07,459.54,2144.3,3662.54,1998.16,3146.79,0.09,0.55,0.3,0.15,69927.14,10951.79,0.15661715894572553,0.050000000000000044,0.8500000000000001,1477,0.9179614667495338,0.626214537816122,14.17472972972973,5660.7,1689.45,43.46,6.806581727781231,0,Cluster 0,61.71,High Potential,Rebalance Channels,100.0,62.99,67.52,0.0,49.7,-1.952603643310095,-0.17073656264297757,1
26660,Sakura Cafe,Japanese,Full-service,South Auckland,1.05,38.45,1361,217,629,343,172,8343.65,24185.05,13188.35,6613.4,0.380893691664096,0.473209341964684,0.31,5,1.48,254.56,1217.31,-3968.84,-2164.25,710.31,0.19,0.55,0.3,0.15,52330.45,-4205.470000000001,-0.08036372704610797,0.050000000000000044,0.8500000000000001,1144,0.8405584129316679,0.85410303362878,4.129709302325581,-6133.09,1429.05,38.449999999999996,-3.089985304922852,1,Cluster 1,27.07,Low Potential,Optimize,100.0,17.7,35.73,0.0,36.65,-0.13583024473019126,-2.7911937421545763,0
26328,Sakura House,Japanese,Cafe,North Shore,1.03,36.91,1525,175,743,405,202,6459.25,27424.13,14948.55,7455.82,0.226427937857807,0.432532472116873,0.28,4,1.18,238.36,2202.86,1673.96,912.45,2304.37,0.13,0.55,0.3,0.15,56287.75000000001,7093.64,0.1260245790602751,0.030000000000000027,0.8500000000000001,1350,0.8852459016393442,0.65896040997468,11.407772277227723,2586.41,1570.75,36.910000000000004,4.651567213114754,0,Cluster 0,49.99,Moderate Potential,Rebalance Channels,66.67,55.96,67.51,0.0,38.88,-1.6196096968406906,-0.5921938534894938,1
26084,Lotus Eatery,Japanese,Cafe,South Auckland,1.05,40.42,1561,203,747,407,204,8205.26,30193.74,16450.94,8245.68,0.224783056583256,0.39191586538218,0.31,3,0.89,181.56,3145.09,2213.23,1205.87,2979.02,0.15,0.55,0.3,0.15,63095.62,9543.21,0.15124995998137428,0.050000000000000044,0.8500000000000001,1358,0.8699551569506726,0.616698921965436,14.603039215686275,3419.1,1639.0500000000002,40.42,6.113523382447148,0,Cluster 0,61.28,High Potential,Rebalance Channels,100.0,61.33,75.67,0.0,38.75,-1.7881026046035053,-0.17435260331086308,1
26326,Golden Kitchen,Japanese,Cafe,South Auckland,1.05,44.18,1483,134,742,405,202,5920.12,32781.56,17892.9,8924.36,0.2578007145226,0.38243853955064,0.29,11,3.25,656.5,2129.83,2286.87,1248.22,2554.13,0.1,0.55,0.3,0.15,65518.94,8219.05,0.125445405557538,0.050000000000000044,0.8500000000000001,1349,0.9096426163182738,0.64023925407324,12.64420792079208,3535.09,1557.15,44.18,5.542178017532029,0,Cluster 0,59.22,Moderate Potential,Rebalance Channels,100.0,57.08,58.69,0.0,54.77,-1.8248617339145095,-0.4646041997150957,1
25680,Dragon Cafe,Japanese,Cafe,South Auckland,1.05,37.7,991,121,479,261,130,4561.7,18058.3,9839.7,4901.0,0.219805196989328,0.412271771416999,0.31,7,2.07,269.1,1678.35,1045.99,569.95,1534.09,0.14,0.55,0.3,0.15,37360.7,4828.38,0.1292368719001518,0.050000000000000044,0.8500000000000001,870,0.8779011099899092,0.632076968406327,11.800692307692307,1615.94,1040.55,37.699999999999996,4.872230070635721,0,Cluster 0,56.81,Moderate Potential,Rebalance Channels,100.0,56.69,66.62,0.0,28.79,-1.9714167705690997,-0.4092859301179438,1
25990,Red Grill,Japanese,Cafe,South Auckland,1.05,41.45,841,134,389,212,106,5554.3,16124.05,8787.4,4393.7,0.258344795964658,0.386462966701947,0.32,17,5.02,532.12,1972.84,567.44,309.25,1028.49,0.19,0.55,0.3,0.15,34859.45,3878.0199999999995,0.11124730883591107,0.050000000000000044,0.8500000000000001,707,0.8406658739595719,0.644807762666605,9.702735849056603,876.69,883.0500000000001,41.449999999999996,4.611200951248513,0,Cluster 0,55.13,Moderate Potential,Rebalance Channels,100.0,53.91,47.97,0.0,47.05,-1.7210925871760971,-0.7247788541668454,1
26572,Lotus House,Japanese,QSR,West Auckland,1.04,32.31,639,78,309,168,84,2520.18,9983.79,5428.08,2714.04,0.222789005693048,0.391756868897937,0.32,4,1.18,99.12,971.41,653.48,355.29,947.02,0.14,0.55,0.3,0.15,20646.090000000004,2927.2,0.14177987212106502,0.040000000000000036,0.8500000000000001,561,0.8779342723004695,0.614545874590985,11.274047619047618,1008.77,664.5600000000001,32.31000000000001,4.580907668231611,0,Cluster 0,51.65,Moderate Potential,Rebalance Channels,83.33,57.98,74.36,0.0,9.68,-2.2422222522870734,-0.2884829942360928,1
26332,Golden Bistro,Japanese,Cafe,North Shore,1.03,37.55,1449,210,681,372,186,7885.5,25571.55,13968.6,6984.3,0.27624335212633,0.388164146267809,0.28,9,2.66,494.76,2646.31,1421.59,776.55,1849.12,0.17,0.55,0.3,0.15,54409.950000000004,6693.57,0.12302106508092728,0.030000000000000027,0.8500000000000001,1239,0.855072463768116,0.664407498394139,9.941505376344086,2198.14,1492.47,37.550000000000004,4.61944099378882,0,Cluster 0,49.41,Moderate Potential,Rebalance Channels,66.67,55.51,58.3,0.0,48.02,-1.4420593148392924,-0.7765835690744157,1
25626,Golden Diner,Japanese,Cafe,South Auckland,1.05,31.84,1549,178,754,411,206,5667.52,24007.36,13086.24,6559.04,0.242263051830232,0.423438486363739,0.32,10,2.95,607.7,1894.64,343.27,187.11,1584.98,0.13,0.55,0.3,0.15,49320.16,4010.0,0.08130549454827396,0.050000000000000044,0.8500000000000001,1371,0.8850871530019367,0.665701538193971,7.694077669902913,530.38,1626.45,31.840000000000003,2.588766946417043,0,Cluster 0,56.28,Moderate Potential,Rebalance Channels,100.0,47.14,56.46,0.0,54.67,-1.4177285538361115,-0.9787700419644181,1
26162,Sakura Corner,Japanese,QSR,North Shore,1.03,43.02,901,74,455,248,124,3183.48,19574.1,10668.96,5334.48,0.274492172040045,0.357641595508903,0.28,10,2.95,365.8,1171.09,1719.9,937.44,1596.58,0.09,0.55,0.3,0.15,38761.01999999999,5425.01,0.13996045511702224,0.030000000000000027,0.8500000000000001,827,0.9178690344062154,0.632133767548948,12.875645161290322,2657.34,928.03,43.01999999999999,6.021098779134295,0,Cluster 0,48.74,Moderate Potential,Rebalance Channels,66.67,59.68,61.63,0.0,32.17,-2.2217617385629995,-0.36309603522117617,1
25950,Golden Kitchen,Japanese,QSR,West Auckland,1.04,40.48,1417,163,690,376,188,6598.24,27931.2,15220.48,7610.24,0.263979020509869,0.443158024945296,0.28,18,5.31,998.28,1932.38,359.28,195.78,1230.48,0.13,0.55,0.3,0.15,57360.159999999996,3717.92,0.064817113480855,0.040000000000000036,0.8500000000000001,1254,0.884968242766408,0.707137045455165,6.545106382978724,555.06,1473.68,40.48,2.6237967537050104,0,Cluster 0,49.68,Moderate Potential,Rebalance Channels,83.33,44.97,36.72,0.0,68.42,-1.2664915211482646,-1.3002626869742075,1
26474,Red Tavern,Japanese,Cafe,North Shore,1.03,40.01,656,100,306,167,83,4001.0,12243.06,6681.67,3320.83,0.215015463903546,0.429638663143851,0.28,4,1.18,97.94,1421.74,922.46,503.44,1082.1,0.18,0.55,0.3,0.15,26246.559999999998,3929.74,0.1497240019263477,0.030000000000000027,0.8500000000000001,556,0.8475609756097561,0.644654127047397,13.03734939759036,1425.9,675.6800000000001,40.01,5.9904573170731705,0,Cluster 0,47.35,Moderate Potential,Rebalance Channels,66.67,60.96,69.72,0.0,10.04,-2.0142389677221275,-0.3506848956339881,1
26148,Lotus Tavern,Japanese,Full-service,West Auckland,1.04,35.97,1488,194,712,388,194,6978.18,25610.64,13956.36,6978.18,0.386351230600849,0.524007843225263,0.27,15,4.43,859.42,625.53,-4619.11,-2517.16,-233.89,0.15,0.55,0.3,0.15,53523.36,-6744.63,-0.1260128287910176,0.040000000000000036,0.8500000000000001,1294,0.8696236559139785,0.910359073826112,-1.205618556701031,-7136.2699999999995,1547.52,35.97,-4.532681451612904,1,Cluster 1,19.88,Low Potential,Optimize,83.33,9.6,10.38,0.0,63.8,0.18787470381451257,-3.4662593271869415,0
25262,Golden Corner,Japanese,Ghost Kitchen,West Auckland,1.04,46.27,1126,32,602,328,164,1480.64,27854.54,15176.56,7588.28,0.28876749642659,0.316839593322948,0.32,3,0.89,145.96,583.95,2072.18,1129.03,2846.8,0.03,0.55,0.3,0.15,52100.02,6631.96,0.12729284940773536,0.040000000000000036,0.8500000000000001,1094,0.9715808170515098,0.605607089749538,17.358536585365854,3201.21,1171.04,46.269999999999996,5.889840142095915,0,Cluster 0,54.31,Moderate Potential,Rebalance Channels,83.33,57.8,77.37,0.0,23.67,-2.4619365087651683,-0.10408327923566901,1
25721,Dragon Corner,Japanese,Cafe,North Shore,1.03,44.47,1361,207,635,346,173,9205.29,28238.45,15386.62,7693.31,0.224978579562157,0.397193155204877,0.31,10,2.95,510.35,3478.02,1915.37,1043.65,2396.4,0.18,0.55,0.3,0.15,60523.670000000006,8833.439999999999,0.14595017123052845,0.030000000000000027,0.8500000000000001,1154,0.8479059515062454,0.622171734767034,13.852023121387283,2959.02,1401.83,44.470000000000006,6.490404114621601,0,Cluster 0,51.7,Moderate Potential,Rebalance Channels,66.67,61.12,63.17,0.0,47.44,-1.7237515521463753,-0.3171213421737003,1
25105,Sakura Grill,Japanese,Cafe,West Auckland,1.04,44.69,1238,132,608,332,166,5899.08,27171.52,14837.08,7418.54,0.212421130873263,0.440803884435445,0.27,4,1.18,195.88,2045.65,2086.09,1139.12,2376.68,0.12,0.55,0.3,0.15,55326.22,7647.539999999999,0.13822632379367322,0.040000000000000036,0.8500000000000001,1106,0.8933764135702746,0.653225015308708,14.31734939759036,3225.21,1287.52,44.69,6.177334410339256,0,Cluster 0,53.89,Moderate Potential,Rebalance Channels,83.33,59.66,68.39,0.0,29.75,-1.901469977408849,-0.346132293997425,1
26663,Sakura Grill,Japanese,QSR,South Auckland,1.05,43.37,818,94,398,217,109,4076.78,17261.26,9411.29,4727.33,0.273267864510417,0.373013900662772,0.31,7,2.07,225.63,1442.03,754.63,411.44,1446.51,0.13,0.55,0.3,0.15,35476.659999999996,4054.6099999999997,0.11428950752410176,0.050000000000000044,0.8500000000000001,724,0.8850855745721271,0.646281765173189,13.270733944954129,1166.07,858.9000000000001,43.37,4.956735941320293,0,Cluster 0,55.02,Moderate Potential,Rebalance Channels,100.0,54.79,64.43,0.0,22.94,-2.01509545898305,-0.5184370349301274,1
26604,Lotus House,Japanese,Full-service,CBD,0.99,38.61,935,168,422,230,115,6486.48,16293.42,8880.3,4440.15,0.395717800490093,0.463533437135629,0.28,6,1.77,203.55,912.96,-2268.88,-1236.59,421.4,0.22,0.55,0.3,0.15,36100.35,-2171.11,-0.06014096816235854,-0.010000000000000009,0.8500000000000001,767,0.8203208556149733,0.859251237625722,3.6643478260869564,-3505.4700000000003,925.65,38.61,-2.322042780748663,1,Cluster 1,0.44,Low Potential,Optimize,0.0,21.46,33.3,0.0,22.76,-0.250695876148772,-2.844767669548851,0
25544,Golden Grill,Japanese,QSR,CBD,0.99,37.56,1331,153,648,353,177,5746.68,24338.88,13258.68,6648.12,0.277365746442229,0.43348258768674,0.28,18,5.31,939.87,1661.66,222.74,121.34,982.44,0.13,0.55,0.3,0.15,49992.36000000001,2988.1800000000003,0.059772733273644206,-0.010000000000000009,0.8500000000000001,1178,0.8850488354620586,0.710848334128969,5.550508474576271,344.08000000000004,1317.69,37.56000000000001,2.245063861758077,0,Cluster 0,27.68,Low Potential,Rebalance Channels,0.0,43.78,36.15,0.0,63.39,-1.2569489725028558,-1.4701800286045459,1
25222,Golden Kitchen,Japanese,Ghost Kitchen,South Auckland,1.05,44.92,665,43,342,187,93,1931.56,15362.64,8400.04,4177.56,0.284354734490626,0.235236591240391,0.29,9,2.66,247.38,927.94,2925.18,1599.44,1759.56,0.07,0.55,0.3,0.15,29871.800000000003,7212.119999999999,0.24143573537583937,0.050000000000000044,0.8500000000000001,622,0.9353383458646617,0.519591325731017,18.919999999999998,4524.62,698.25,44.92,10.845293233082705,0,Cluster 0,64.46,High Potential,Rebalance Channels,100.0,79.87,80.62,0.0,22.43,-3.1437808245550904,0.8138829498789136,1
25749,Sakura Cafe,Japanese,Full-service,North Shore,1.03,39.47,988,250,406,221,111,9867.5,16024.82,8722.87,4381.17,0.350760559691116,0.522105942294002,0.3,7,2.07,229.77,1254.49,-2770.15,-1507.89,327.22,0.34,0.55,0.3,0.15,38996.36,-2696.33,-0.06914312002453563,0.030000000000000027,0.8500000000000001,738,0.7469635627530364,0.8728665019851181,2.9479279279279282,-4278.04,1017.64,39.47,-2.729078947368421,1,Cluster 1,16.7,Low Potential,Optimize,66.67,19.7,29.5,0.0,28.06,0.2854364552647591,-2.965655962760359,0
26596,Sakura Eatery,Japanese,QSR,West Auckland,1.04,35.63,1532,126,773,422,211,4489.38,27541.99,15035.86,7517.93,0.213268640618771,0.39847880192101,0.31,4,1.18,248.98,1743.01,2155.23,1176.59,2669.88,0.09,0.55,0.3,0.15,54585.16,7744.71,0.1418830685849414,0.040000000000000036,0.8500000000000001,1406,0.9177545691906005,0.611747442539781,12.65345971563981,3331.8199999999997,1593.28,35.63,5.055293733681462,0,Cluster 0,56.39,Moderate Potential,Rebalance Channels,83.33,58.64,74.79,0.0,39.6,-2.0006591947866847,-0.21834620025641235,1
25343,Dragon Cafe,Japanese,Cafe,South Auckland,1.05,32.59,1588,219,753,411,205,7137.21,24540.27,13394.49,6680.95,0.276790069248527,0.37885438776575,0.3,14,4.13,846.65,2457.74,1088.5,594.12,1453.97,0.16,0.55,0.3,0.15,51752.92,5594.33,0.10809689578868208,0.050000000000000044,0.8500000000000001,1369,0.8620906801007556,0.655644457014277,7.0925365853658535,1682.62,1667.4,32.589999999999996,3.5228778337531486,0,Cluster 0,58.07,Moderate Potential,Rebalance Channels,100.0,52.02,51.34,0.0,65.33,-1.3637133714979155,-0.9023946222422954,1
25991,Lotus Eatery,Japanese,QSR,South Auckland,1.05,36.46,1302,149,634,346,173,5432.54,23115.64,12615.16,6307.58,0.217342791967094,0.380982106854208,0.27,7,2.07,358.11,2182.12,3043.75,1661.1,2175.49,0.13,0.55,0.3,0.15,47470.92,9062.46,0.190905505939215,0.050000000000000044,0.8500000000000001,1153,0.8855606758832565,0.598324898821302,12.575086705202311,4704.85,1367.1000000000001,36.46,6.960414746543778,0,Cluster 0,62.22,High Potential,Rebalance Channels,100.0,67.81,71.82,0.0,39.32,-2.1301822090553806,0.04913964907439712,1
26570,Sakura Kitchen,Japanese,Full-service,South Auckland,1.05,36.61,936,162,426,232,116,5930.82,15595.86,8493.52,4246.76,0.398264522547834,0.531748677161522,0.3,8,2.36,273.76,415.08,-3587.25,-1953.62,23.46,0.21,0.55,0.3,0.15,34266.96,-5102.33,-0.14889940630858414,0.050000000000000044,0.8500000000000001,774,0.8269230769230769,0.9300131997093559,0.20224137931034483,-5540.87,982.8000000000001,36.61,-5.451207264957265,1,Cluster 1,19.52,Low Potential,Optimize,100.0,5.28,19.06,0.0,29.27,0.2282971429610231,-3.603612196710436,0
26545,Spice House,Kebabs/Mediterranean,Full-service,South Auckland,1.05,40.05,627,125,276,151,75,5006.25,11053.8,6047.55,3003.75,0.36459869047394,0.529629612155259,0.33,17,5.02,376.5,529.52,-2478.57,-1356.03,-58.79,0.25,0.55,0.3,0.15,25111.35,-3363.87,-0.13395815039812675,0.050000000000000044,0.8500000000000001,502,0.8006379585326954,0.8942283026291991,-0.7838666666666666,-3834.6000000000004,658.35,40.05,-5.3650239234449755,1,Cluster 1,19.73,Low Potential,Optimize,100.0,7.4,9.53,0.0,39.81,0.05392936426809359,-3.4040425495319493,0
26602,Mediterranean Bistro,Kebabs/Mediterranean,QSR,West Auckland,1.04,33.46,634,47,323,176,88,1572.62,10807.58,5888.96,2944.48,0.201225140802562,0.418291948293336,0.31,13,3.84,337.92,598.36,761.75,415.07,782.4,0.08,0.55,0.3,0.15,21213.64,2557.58,0.1205629962608963,0.040000000000000036,0.8500000000000001,587,0.9258675078864353,0.619517089095898,8.89090909090909,1176.82,659.36,33.46,4.03403785488959,0,Cluster 0,50.72,Moderate Potential,Rebalance Channels,83.33,54.39,58.55,0.0,30.51,-2.366538750270176,-0.44520980396507365,1
25091,Spice Eatery,Kebabs/Mediterranean,QSR,West Auckland,1.04,45.92,776,95,375,204,102,4362.4,17220.0,9367.68,4683.84,0.277301201038063,0.378922408702783,0.3,6,1.77,180.54,1499.69,753.83,410.08,1429.65,0.14,0.55,0.3,0.15,35633.92,4093.25,0.11486948390746794,0.040000000000000036,0.8500000000000001,681,0.8775773195876289,0.656223609740846,14.016176470588237,1163.91,807.0400000000001,45.919999999999995,5.274806701030927,0,Cluster 0,50.42,Moderate Potential,Rebalance Channels,83.33,55.29,64.6,0.0,18.94,-1.9736132423550374,-0.5473153304838476,1
25614,Greek Grill,Kebabs/Mediterranean,Ghost Kitchen,West Auckland,1.04,42.6,532,25,279,152,76,1065.0,11885.4,6475.2,3237.6,0.266277984890621,0.221162783249747,0.28,4,1.18,89.68,545.88,2764.06,1505.87,1569.78,0.05,0.55,0.3,0.15,22663.199999999997,6385.589999999999,0.2817602986339087,0.040000000000000036,0.8500000000000001,507,0.9530075187969925,0.48744076814036796,20.655,4269.93,553.28,42.599999999999994,12.00298872180451,0,Cluster 0,62.25,High Potential,Rebalance Channels,83.33,86.86,93.95,0.0,6.09,-3.534784291105921,1.243250556334301,1
26105,Spice House,Kebabs/Mediterranean,Full-service,South Auckland,1.05,40.7,1617,363,690,376,188,14774.1,28083.0,15303.2,7651.6,0.356935667223297,0.520855247438885,0.32,12,3.54,665.52,1805.53,-5554.56,-3026.83,269.58,0.29,0.55,0.3,0.15,65811.90000000001,-6506.280000000001,-0.09886175600461314,0.050000000000000044,0.8500000000000001,1254,0.7755102040816326,0.8777909146621821,1.433936170212766,-8581.39,1697.8500000000001,40.7,-4.023673469387756,1,Cluster 1,26.82,Low Potential,Optimize,100.0,13.94,20.43,0.0,61.64,0.5317161463998388,-3.1486102492216728,0
26223,Spice Kitchen,Kebabs/Mediterranean,QSR,CBD,0.99,31.53,1159,105,580,316,158,3310.65,18287.4,9963.48,4981.74,0.253054095152766,0.443018969800323,0.31,4,1.18,186.44,1006.2,-111.06,-60.51,1327.64,0.1,0.55,0.3,0.15,36543.270000000004,2162.2700000000004,0.05917012900049722,-0.010000000000000009,0.8500000000000001,1054,0.909404659188956,0.6960730649530891,8.402784810126583,-171.57,1147.41,31.530000000000005,1.8656341673856778,0,Cluster 0,26.94,Low Potential,Rebalance Channels,0.0,43.19,61.79,0.0,25.24,-1.567234563320039,-1.2289020019645913,1
25024,Souvlaki Eatery,Kebabs/Mediterranean,Ghost Kitchen,West Auckland,1.04,35.37,1141,54,598,326,163,1909.98,21151.26,11530.62,5765.31,0.255490079778247,0.292746339703444,0.27,10,2.95,480.85,862.86,3844.53,2095.85,2123.71,0.05,0.55,0.3,0.15,40357.17,8926.95,0.22119861229119883,0.040000000000000036,0.8500000000000001,1087,0.9526730937773883,0.548236419481691,13.028895705521473,5940.38,1186.64,35.37,7.823794916739702,0,Cluster 0,60.09,High Potential,Rebalance Channels,83.33,73.06,74.57,0.0,40.5,-2.7615610618405926,0.4330625531424862,1
25289,Greek Bistro,Kebabs/Mediterranean,QSR,West Auckland,1.04,34.89,789,65,398,217,109,2267.85,13886.22,7571.13,3803.01,0.254023479968309,0.418164386041462,0.31,17,5.02,547.18,743.43,247.34,134.86,699.49,0.09,0.55,0.3,0.15,27528.21,1825.1200000000001,0.06629998826658182,0.040000000000000036,0.8500000000000001,724,0.917617237008872,0.672187866009771,6.417339449541284,382.20000000000005,820.5600000000001,34.89,2.3132065906210393,0,Cluster 0,47.53,Moderate Potential,Rebalance Channels,83.33,44.75,43.75,0.0,45.04,-1.8718614158234177,-1.091738467446482,1
25175,Greek Bistro,Kebabs/Mediterranean,Full-service,CBD,0.99,33.4,1342,259,596,325,162,8650.6,19906.4,10855.0,5410.8,0.364125221897848,0.467583471233957,0.3,12,3.54,573.48,1455.82,-2621.85,-1429.7,337.11,0.24,0.55,0.3,0.15,44822.8,-2258.62,-0.050389980099413686,-0.010000000000000009,0.8500000000000001,1083,0.8070044709388972,0.831708693131805,2.080925925925926,-4051.55,1328.58,33.400000000000006,-1.6830253353204172,1,Cluster 1,3.88,Low Potential,Optimize,0.0,23.64,27.53,0.0,49.74,-0.05770127548349708,-2.807528524711005,0
25007,Greek Cafe,Kebabs/Mediterranean,Cafe,South Auckland,1.05,33.52,734,95,351,192,96,3184.4,11765.52,6435.84,3217.92,0.236895952448249,0.400437305308878,0.31,13,3.84,368.64,1154.88,619.65,338.95,798.39,0.15,0.55,0.3,0.15,24603.68,2911.87,0.1183509946479551,0.050000000000000044,0.8500000000000001,639,0.8705722070844687,0.637333257757127,8.3165625,958.5999999999999,770.7,33.52,3.967125340599455,0,Cluster 0,54.77,Moderate Potential,Rebalance Channels,100.0,54.0,55.8,0.0,34.1,-1.9634342665909874,-0.6385739071313468,1
26466,Ottoman Bistro,Kebabs/Mediterranean,Full-service,South Auckland,1.05,45.45,942,169,425,232,116,7681.05,19316.25,10544.4,5272.2,0.369745925301686,0.515077800536528,0.32,3,0.89,103.24,884.67,-3956.43,-2159.74,503.99,0.22,0.55,0.3,0.15,42813.899999999994,-4727.51,-0.11041998042691745,0.050000000000000044,0.8500000000000001,773,0.8205944798301487,0.8848237258382139,4.344741379310345,-6116.17,989.1,45.449999999999996,-5.018588110403397,1,Cluster 1,22.3,Low Potential,Optimize,100.0,11.04,34.34,0.0,17.8,-0.08716521570015295,-2.9752483933370484,0
25305,Souvlaki Grill,Kebabs/Mediterranean,Full-service,West Auckland,1.04,41.02,789,167,342,187,93,6850.34,14028.84,7670.74,3814.86,0.357983699010219,0.51328998929821,0.31,13,3.84,357.12,881.82,-2543.06,-1390.5,133.95,0.27,0.55,0.3,0.15,32364.78,-2917.79,-0.09015324683189566,0.040000000000000036,0.8500000000000001,622,0.788339670468948,0.871273688308429,1.4403225806451612,-3933.56,820.5600000000001,41.019999999999996,-3.69808618504436,1,Cluster 1,19.03,Low Potential,Optimize,83.33,15.56,19.74,0.0,35.71,-0.01263225336935324,-3.0380877764976404,0
26611,Souvlaki House,Kebabs/Mediterranean,Cafe,West Auckland,1.04,40.69,1066,79,543,296,148,3214.51,22094.67,12044.24,6022.12,0.259203197583556,0.421712190238759,0.27,16,4.72,698.56,1025.7,1084.51,591.19,1223.01,0.08,0.55,0.3,0.15,43375.54,3924.41,0.09047518486225185,0.040000000000000036,0.8500000000000001,987,0.925891181988743,0.680915387822315,8.263581081081082,1675.7,1108.64,40.69,3.681435272045028,0,Cluster 0,49.92,Moderate Potential,Rebalance Channels,83.33,49.86,44.1,0.0,51.99,-1.8180535865855203,-0.9398128812889658,1
25980,Mediterranean Diner,Kebabs/Mediterranean,Cafe,North Shore,1.03,43.12,1379,113,696,380,190,4872.56,30011.52,16385.6,8192.8,0.202285920605063,0.376177825545892,0.28,18,5.31,1008.9,2053.96,4247.72,2319.16,2444.66,0.09,0.55,0.3,0.15,59462.479999999996,11065.5,0.18609213742850955,0.030000000000000027,0.8500000000000001,1266,0.9180565627266135,0.578463746150955,12.866631578947368,6566.88,1420.3700000000001,43.12,8.024292965917331,0,Cluster 0,55.13,Moderate Potential,Rebalance Channels,66.67,68.6,56.56,0.0,66.7,-2.2898636433230806,0.08878738488022977,1
26125,Souvlaki Cafe,Kebabs/Mediterranean,QSR,South Auckland,1.05,45.72,739,85,360,196,98,3886.2,16459.2,8961.12,4480.56,0.242075206153095,0.362840295652859,0.3,17,5.02,491.96,1535.38,1565.01,852.06,1278.24,0.13,0.55,0.3,0.15,33787.08,5230.6900000000005,0.15481331917407484,0.050000000000000044,0.8500000000000001,654,0.8849797023004059,0.604915501805954,13.04326530612245,2417.0699999999997,775.95,45.72,7.078064952638702,0,Cluster 0,58.14,Moderate Potential,Rebalance Channels,100.0,63.11,54.12,0.0,43.6,-2.2941961770322115,-0.16940754847235495,1
26018,Spice Diner,Kebabs/Mediterranean,Full-service,West Auckland,1.04,43.73,584,131,249,136,68,5728.63,10888.77,5947.28,2973.64,0.367173612606712,0.522325868345797,0.32,8,2.36,160.48,633.02,-2281.19,-1245.95,168.11,0.29,0.55,0.3,0.15,25538.32,-2726.0099999999998,-0.1067419470035617,0.040000000000000036,0.8500000000000001,453,0.7756849315068494,0.889499480952509,2.4722058823529416,-3527.1400000000003,607.36,43.73,-4.667825342465753,1,Cluster 1,16.47,Low Potential,Optimize,83.33,12.01,25.3,0.0,17.17,0.03644501075903606,-3.1298270771060492,0
25832,Greek Grill,Kebabs/Mediterranean,Full-service,North Shore,1.03,44.16,1885,352,843,460,230,15544.32,37226.88,20313.6,10156.8,0.353877747489605,0.474787499988452,0.32,16,4.72,1085.6,2663.28,-5534.34,-3019.93,654.61,0.23,0.55,0.3,0.15,83241.59999999999,-5236.38,-0.06290580671202861,0.030000000000000027,0.8500000000000001,1533,0.813262599469496,0.8286652474780569,2.8461304347826086,-8554.27,1941.55,44.16,-2.777920424403183,1,Cluster 1,22.87,Low Potential,Optimize,66.67,20.47,21.33,0.0,78.83,0.16084124222221163,-2.7092529442149873,0
25713,Mediterranean Grill,Kebabs/Mediterranean,Full-service,CBD,0.99,35.19,1050,144,498,272,136,5067.36,17524.62,9571.68,4785.84,0.386786557815503,0.529788629314862,0.32,13,3.84,522.24,422.74,-4145.89,-2264.42,-122.98,0.16,0.55,0.3,0.15,36949.5,-6110.55,-0.16537571550359276,-0.010000000000000009,0.8500000000000001,906,0.8628571428571429,0.916575187130365,-0.904264705882353,-6410.31,1039.5,35.19,-5.819571428571429,1,Cluster 1,0.0,Low Potential,Optimize,0.0,2.56,12.76,0.0,42.76,0.12125603485029794,-3.7409227770423104,0
26475,Greek Tavern,Kebabs/Mediterranean,Cafe,South Auckland,1.05,43.63,554,68,267,146,73,2966.84,11649.21,6369.98,3184.99,0.248891774062067,0.402402316173539,0.32,11,3.25,237.25,1034.55,334.4,182.86,873.37,0.14,0.55,0.3,0.15,24171.019999999997,2425.18,0.10033420186653273,0.050000000000000044,0.8500000000000001,486,0.8772563176895307,0.651294090235606,11.963972602739727,517.26,581.7,43.629999999999995,4.377581227436822,0,Cluster 0,52.93,Moderate Potential,Rebalance Channels,100.0,52.12,56.98,0.0,23.34,-2.0477782244838516,-0.6340208477346274,1
26502,Mediterranean House,Kebabs/Mediterranean,Ghost Kitchen,CBD,0.99,40.08,491,40,248,135,68,1603.2,9939.84,5410.8,2725.44,0.276130198792089,0.246165007574018,0.3,16,4.72,320.96,765.86,1766.36,961.53,981.0,0.09,0.55,0.3,0.15,19679.28,4474.75,0.22738382705058316,-0.010000000000000009,0.8500000000000001,451,0.9185336048879837,0.522295206366107,14.426470588235293,2727.89,486.09,40.08,9.113543788187373,0,Cluster 0,37.41,Low Potential,Rebalance Channels,0.0,75.64,68.55,0.0,31.93,-3.0472282812822327,0.479263449058405,1
25288,Mediterranean House,Kebabs/Mediterranean,QSR,West Auckland,1.04,45.09,1015,92,508,277,138,4148.28,22905.72,12489.93,6222.42,0.216415446083993,0.364264163793996,0.29,4,1.18,162.84,1739.46,2962.18,1615.2,2446.35,0.1,0.55,0.3,0.15,45766.35,8763.189999999999,0.1914767072314047,0.040000000000000036,0.8500000000000001,923,0.90935960591133,0.580679609877989,17.727173913043476,4577.38,1055.6000000000001,45.089999999999996,8.633684729064038,0,Cluster 0,57.63,Moderate Potential,Rebalance Channels,83.33,70.15,79.58,0.0,22.28,-2.5214974395184604,0.3259674085129922,1
25773,Spice Bistro,Kebabs/Mediterranean,Full-service,CBD,0.99,37.45,1507,240,697,380,190,8988.0,26102.65,14231.0,7115.5,0.370961641636677,0.509873623633757,0.31,9,2.66,505.4,1071.05,-4981.31,-2715.78,342.52,0.19,0.55,0.3,0.15,56437.15,-6283.52,-0.11133659300655685,-0.010000000000000009,0.8500000000000001,1267,0.840743198407432,0.880835265270434,1.802736842105263,-7697.09,1491.93,37.45,-4.169555408095555,1,Cluster 1,0.21,Low Potential,Optimize,0.0,12.07,24.94,0.0,48.01,0.15683246017769872,-3.2401501058635116,0
25225,Souvlaki Bistro,Kebabs/Mediterranean,QSR,West Auckland,1.04,46.53,819,81,406,221,111,3768.93,18891.18,10283.13,5164.83,0.262682405784726,0.401916302880272,0.3,8,2.36,261.96,1264.1,668.77,364.04,1470.33,0.11,0.55,0.3,0.15,38108.07,3767.24,0.09885675133902083,0.040000000000000036,0.8500000000000001,738,0.9010989010989011,0.664598708664998,13.246216216216215,1032.81,851.76,46.53,4.599804639804639,0,Cluster 0,49.64,Moderate Potential,Rebalance Channels,83.33,52.23,59.97,0.0,25.04,-1.9883632676666456,-0.6480710333921194,1
25454,Ottoman Tavern,Kebabs/Mediterranean,QSR,West Auckland,1.04,39.95,823,81,408,223,111,3235.95,16299.6,8908.85,4434.45,0.256565088704228,0.421104991156608,0.29,13,3.84,426.24,1043.04,526.96,288.02,1003.12,0.11,0.55,0.3,0.15,32878.85,2861.14,0.08702068350930765,0.040000000000000036,0.8500000000000001,742,0.9015795868772782,0.6776700798608359,9.037117117117116,814.98,855.9200000000001,39.949999999999996,3.4764763061968407,0,Cluster 0,48.55,Moderate Potential,Rebalance Channels,83.33,49.11,49.58,0.0,36.84,-1.8484782070795909,-0.9221896219806217,1
25248,Spice Diner,Kebabs/Mediterranean,Ghost Kitchen,South Auckland,1.05,33.77,603,49,305,166,83,1654.73,10299.85,5605.82,2802.91,0.283417476492468,0.303180989366956,0.31,5,1.48,122.84,684.07,1065.02,579.65,1035.89,0.09,0.55,0.3,0.15,20363.31,3364.63,0.16523001417745936,0.050000000000000044,0.8500000000000001,554,0.9187396351575456,0.586598465859424,12.480602409638555,1644.67,633.15,33.77,5.579817578772803,0,Cluster 0,57.67,Moderate Potential,Rebalance Channels,100.0,62.49,76.97,0.0,11.0,-2.607110648350744,-0.019295823513537907,1
25371,Ottoman Diner,Kebabs/Mediterranean,Cafe,CBD,0.99,35.67,711,64,356,194,97,2282.88,12698.52,6919.98,3459.99,0.225877578500658,0.355963769042864,0.31,14,4.13,400.61,954.61,1373.45,748.46,1046.21,0.1,0.55,0.3,0.15,25361.370000000003,4122.73,0.16255943586643778,-0.010000000000000009,0.8500000000000001,647,0.909985935302391,0.581841347543522,10.785670103092784,2121.91,703.89,35.67,5.798495077355836,0,Cluster 0,33.29,Low Potential,Rebalance Channels,0.0,62.43,62.71,0.0,34.28,-2.497965306200881,-0.15116411396984678,1
26629,Souvlaki Grill,Kebabs/Mediterranean,Cafe,West Auckland,1.04,38.33,763,99,365,199,100,3794.67,13990.45,7627.67,3833.0,0.257246895227581,0.447942201863043,0.28,17,5.02,502.0,1118.71,207.21,112.97,628.01,0.15,0.55,0.3,0.15,29245.79,2066.9,0.07067342000335775,0.040000000000000036,0.8500000000000001,664,0.8702490170380078,0.705189097090624,6.2801,320.18,793.52,38.33,2.7089121887287027,0,Cluster 0,46.66,Moderate Potential,Rebalance Channels,83.33,45.88,38.67,0.0,44.17,-1.5473033535084058,-1.2554156470794686,1
25943,Spice Bistro,Kebabs/Mediterranean,Cafe,South Auckland,1.05,36.29,880,87,436,238,119,3157.23,15822.44,8637.02,4318.51,0.251256800014526,0.375119053549133,0.28,13,3.84,456.96,1179.62,1481.36,808.63,1156.54,0.11,0.55,0.3,0.15,31935.200000000004,4626.15,0.1448605300733986,0.050000000000000044,0.8500000000000001,793,0.9011363636363636,0.626375853563659,9.718823529411765,2289.99,924.0,36.290000000000006,5.256988636363636,0,Cluster 0,57.18,Moderate Potential,Rebalance Channels,100.0,59.31,57.49,0.0,39.04,-2.155893688887936,-0.4002367751730645,1
25016,Greek House,Kebabs/Mediterranean,Ghost Kitchen,CBD,0.99,32.39,1544,101,794,433,216,3271.39,25717.66,14024.87,6996.24,0.253185342159122,0.264860429789405,0.31,13,3.84,829.44,1576.66,4422.26,2411.64,2542.43,0.07,0.55,0.3,0.15,50010.159999999996,10952.99,0.21901529609183415,-0.010000000000000009,0.8500000000000001,1443,0.9345854922279793,0.518045771948527,11.770509259259258,6833.9,1528.56,32.39,7.093905440414508,0,Cluster 0,41.56,Moderate Potential,Rebalance Channels,0.0,71.78,74.19,0.0,58.52,-2.5629427722674403,0.3882915710252997,1
25740,Mediterranean Corner,Kebabs/Mediterranean,QSR,CBD,0.99,41.47,1106,135,534,291,146,5598.45,22144.98,12067.77,6054.62,0.242561650462449,0.398084158846177,0.29,12,3.54,516.84,2011.83,1535.85,836.95,1658.91,0.14,0.55,0.3,0.15,45865.82,6043.54,0.1317656590463225,-0.010000000000000009,0.8500000000000001,971,0.8779385171790235,0.640645809308626,11.362397260273973,2372.8,1094.94,41.47,5.464321880650995,0,Cluster 0,32.19,Low Potential,Rebalance Channels,0.0,57.83,56.99,0.0,42.21,-1.8581424164224865,-0.5807936256202089,1
25276,Souvlaki Corner,Kebabs/Mediterranean,Full-service,West Auckland,1.04,31.87,1282,256,564,308,154,8158.72,17974.68,9815.96,4907.98,0.393898058764171,0.48371247688774,0.32,14,4.13,636.02,998.54,-3551.99,-1939.74,-35.33,0.25,0.55,0.3,0.15,40857.34,-4528.5199999999995,-0.11083736728822777,0.040000000000000036,0.8500000000000001,1026,0.8003120124804992,0.877610535651911,-0.2294155844155844,-5491.73,1333.28,31.869999999999997,-3.5323868954758186,1,Cluster 1,20.69,Low Potential,Optimize,83.33,12.99,17.12,0.0,54.56,0.3014237245142755,-3.3494319397324808,0
26124,Mediterranean Tavern,Kebabs/Mediterranean,QSR,West Auckland,1.04,32.43,1426,175,688,375,188,5675.25,22311.84,12161.25,6096.84,0.25688427304849,0.368377372855321,0.29,4,1.18,221.84,2126.73,1890.67,1030.52,2062.88,0.14,0.55,0.3,0.15,46245.17999999999,7110.8,0.15376305163046183,0.040000000000000036,0.8500000000000001,1251,0.8772791023842917,0.625261645903811,10.972765957446809,2921.19,1483.04,32.42999999999999,4.986535764375876,0,Cluster 0,55.82,Moderate Potential,Rebalance Channels,83.33,60.14,72.71,0.0,36.05,-1.8105598478019933,-0.35841643349898566,1
25789,Spice Eatery,Kebabs/Mediterranean,QSR,South Auckland,1.05,32.44,1444,166,703,383,192,5385.04,22805.32,12424.52,6228.48,0.273825882058591,0.4353035336826,0.31,7,2.07,397.44,1566.35,-436.25,-237.67,1414.24,0.13,0.55,0.3,0.15,46843.36,2306.67,0.04924219782697057,0.050000000000000044,0.8500000000000001,1278,0.8850415512465374,0.7091294157411909,7.365833333333334,-673.92,1516.2,32.44,1.5974168975069252,0,Cluster 0,52.94,Moderate Potential,Rebalance Channels,100.0,41.49,54.74,0.0,44.12,-1.2230822108173172,-1.3429366587673932,1
26350,Ottoman Corner,Kebabs/Mediterranean,Cafe,CBD,0.99,43.19,988,121,477,260,130,5225.99,20601.63,11229.4,5614.7,0.257561586480588,0.395663524908014,0.27,5,1.48,192.4,1812.24,1581.69,862.14,1754.64,0.14,0.55,0.3,0.15,42671.72,6010.710000000001,0.14085933259779546,-0.010000000000000009,0.8500000000000001,867,0.8775303643724697,0.6532251113886021,13.49723076923077,2443.83,978.12,43.19,6.083714574898786,0,Cluster 0,31.63,Low Potential,Rebalance Channels,0.0,59.89,66.7,0.0,22.12,-1.9272511196091882,-0.49604740164193245,1
25628,Souvlaki Kitchen,Kebabs/Mediterranean,Full-service,West Auckland,1.04,33.05,652,99,304,166,83,3271.95,10047.2,5486.3,2743.15,0.38492362027755,0.490895911841653,0.32,11,3.25,269.75,406.31,-1967.44,-1074.32,70.9,0.18,0.55,0.3,0.15,21548.600000000002,-2564.5499999999997,-0.11901237203344994,0.040000000000000036,0.8500000000000001,553,0.848159509202454,0.875819532119203,0.8542168674698796,-3041.76,678.08,33.050000000000004,-3.933358895705521,1,Cluster 1,17.11,Low Potential,Optimize,83.33,11.35,22.38,0.0,26.45,-0.29768077846731705,-3.2205108046394155,0
26383,Spice Grill,Kebabs/Mediterranean,Ghost Kitchen,CBD,0.99,43.64,909,75,459,250,125,3273.0,20030.76,10910.0,5455.0,0.288354203477502,0.245657608332112,0.31,11,3.25,406.25,1525.18,3124.56,1701.83,2135.72,0.09,0.55,0.3,0.15,39668.759999999995,8487.289999999999,0.21395400309966836,-0.010000000000000009,0.8500000000000001,834,0.9174917491749175,0.534011811809614,17.085759999999997,4826.389999999999,899.91,43.63999999999999,9.336952695269526,0,Cluster 0,38.58,Low Potential,Rebalance Channels,0.0,74.13,75.06,0.0,33.6,-2.7897537366712917,0.43223587140210046,1
25265,Spice Corner,Kebabs/Mediterranean,Cafe,CBD,0.99,44.54,1057,121,515,281,140,5389.34,22938.1,12515.74,6235.6,0.279153475873172,0.393721630284563,0.3,14,4.13,578.2,1762.99,622.19,339.49,1461.62,0.13,0.55,0.3,0.15,47078.78,4186.29,0.08892095334670949,-0.010000000000000009,0.8500000000000001,936,0.8855250709555346,0.6728751061577349,10.440142857142856,961.6800000000001,1046.43,44.54,3.960539262062441,0,Cluster 0,29.04,Low Potential,Rebalance Channels,0.0,50.02,48.68,0.0,45.32,-1.6788997952671865,-0.9710561854922494,1
26070,Ottoman Kitchen,Kebabs/Mediterranean,Cafe,South Auckland,1.05,40.64,1068,97,534,291,146,3942.08,21701.76,11826.24,5933.44,0.23301796503365,0.408658240712248,0.33,16,4.72,689.12,1412.54,614.68,334.96,1436.97,0.1,0.55,0.3,0.15,43403.52,3799.1499999999996,0.08753091915125778,0.050000000000000044,0.8500000000000001,971,0.9091760299625468,0.641676205745898,9.842260273972602,949.6399999999999,1121.4,40.63999999999999,3.557256554307116,0,Cluster 0,55.21,Moderate Potential,Rebalance Channels,100.0,49.29,50.15,0.0,52.4,-1.9084229515613789,-0.7246208720097097,1
26374,Mediterranean Cafe,Kebabs/Mediterranean,Full-service,CBD,0.99,31.57,1365,188,647,353,177,5935.16,20425.79,11144.21,5587.89,0.371638254763093,0.458731450373307,0.3,15,4.43,784.11,1006.78,-2662.9,-1452.87,163.77,0.16,0.55,0.3,0.15,43093.05,-2945.22,-0.06834559169053941,-0.010000000000000009,0.8500000000000001,1177,0.8622710622710623,0.8303697051364,0.9252542372881356,-4115.77,1351.35,31.570000000000004,-2.1576703296703297,1,Cluster 1,3.31,Low Potential,Optimize,0.0,20.58,22.71,0.0,57.48,-0.2833023311468722,-2.8882233195849993,0
25996,Mediterranean Tavern,Kebabs/Mediterranean,Full-service,South Auckland,1.05,35.33,1777,366,776,423,212,12930.78,27416.08,14944.59,7489.96,0.365926621656399,0.490341197722591,0.28,5,1.48,313.76,1858.57,-3735.93,-2036.47,762.79,0.26,0.55,0.3,0.15,62781.409999999996,-3151.04,-0.050190653570858,0.050000000000000044,0.8500000000000001,1411,0.7940348902644907,0.85626781937899,3.598066037735849,-5772.4,1865.8500000000001,35.33,-1.773235790658413,1,Cluster 1,30.57,Low Potential,Optimize,100.0,23.54,35.4,0.0,50.72,0.28897500038964546,-2.765008596205439,0
25955,Mediterranean Diner,Kebabs/Mediterranean,Cafe,South Auckland,1.05,43.46,1369,146,673,367,183,6345.16,29248.58,15949.82,7953.18,0.264182696025819,0.356815892038867,0.31,6,1.77,323.91,2404.82,2018.19,1100.56,2690.36,0.12,0.55,0.3,0.15,59496.740000000005,8213.93,0.13805680781837795,0.050000000000000044,0.8500000000000001,1223,0.8933528122717312,0.620998588064686,14.701420765027324,3118.75,1437.45,43.46,5.999948867786705,0,Cluster 0,59.74,Moderate Potential,Rebalance Channels,100.0,59.4,70.03,0.0,39.25,-1.9387857271879463,-0.26382798333360624,1
26537,Souvlaki Tavern,Kebabs/Mediterranean,Cafe,South Auckland,1.05,42.82,1662,216,795,434,217,9249.12,34041.9,18583.88,9291.94,0.239814326744527,0.414505169214681,0.28,4,1.18,256.06,3197.24,2235.89,1220.6,2955.98,0.15,0.55,0.3,0.15,71166.84000000001,9609.71,0.1350307249837143,0.050000000000000044,0.8500000000000001,1446,0.8700361010830325,0.654319495959208,13.622027649769585,3456.49,1745.1000000000001,42.82000000000001,5.782015643802647,0,Cluster 0,59.99,Moderate Potential,Rebalance Channels,100.0,58.7,68.23,0.0,44.5,-1.5427937219021222,-0.45283982588088767,1
25743,Spice Bistro,Kebabs/Mediterranean,QSR,North Shore,1.03,36.61,1357,123,679,370,185,4503.03,24858.19,13545.7,6772.85,0.204481605421752,0.414568058564328,0.32,17,5.02,928.7,1715.43,1515.12,825.61,1651.42,0.1,0.55,0.3,0.15,49679.77,5707.58,0.11488740789258887,0.030000000000000027,0.8500000000000001,1234,0.9093588798820929,0.61904966398608,8.926594594594595,2340.73,1397.71,36.61,4.206028002947678,0,Cluster 0,50.06,Moderate Potential,Rebalance Channels,66.67,53.85,51.94,0.0,63.64,-1.8993229183036373,-0.5552002200013767,1
26540,Mediterranean Grill,Kebabs/Mediterranean,Cafe,CBD,0.99,37.77,1177,126,578,315,158,4759.02,21831.06,11897.55,5967.66,0.240826117321849,0.400244645262137,0.28,11,3.25,513.5,1708.15,1723.11,939.06,1628.47,0.12,0.55,0.3,0.15,44455.29000000001,5998.79,0.13493984630400563,-0.010000000000000009,0.8500000000000001,1051,0.892948173322005,0.641070762583986,10.306772151898734,2662.17,1165.23,37.77000000000001,5.096677994902294,0,Cluster 0,32.47,Low Potential,Rebalance Channels,0.0,57.76,58.56,0.0,42.14,-1.8901133468505764,-0.5868150197557787,1
26662,Souvlaki Diner,Kebabs/Mediterranean,QSR,CBD,0.99,41.0,992,106,487,266,133,4346.0,19967.0,10906.0,5453.0,0.252186945099384,0.449155660392717,0.3,9,2.66,353.78,1297.97,-26.81,-14.64,1274.8,0.12,0.55,0.3,0.15,40672.0,2531.3199999999997,0.06223741148701809,-0.010000000000000009,0.8500000000000001,886,0.8931451612903226,0.701342605492101,9.584962406015038,-41.45,982.08,41.0,2.5517338709677415,0,Cluster 0,26.39,Low Potential,Rebalance Channels,0.0,44.53,52.61,0.0,31.58,-1.584089543147685,-1.1918141941670664,1
26243,Mediterranean Tavern,Kebabs/Mediterranean,Full-service,South Auckland,1.05,33.24,865,138,400,218,109,4587.12,13296.0,7246.32,3623.16,0.360161935002543,0.530864983261563,0.27,18,5.31,578.79,499.87,-2141.01,-1166.85,-183.96,0.19,0.55,0.3,0.15,28752.6,-2991.9500000000003,-0.10405841558676435,0.050000000000000044,0.8500000000000001,727,0.8404624277456647,0.891026918264106,-1.6877064220183486,-3307.86,908.25,33.239999999999995,-3.4589017341040464,1,Cluster 1,22.71,Low Potential,Optimize,100.0,14.01,8.38,0.0,50.2,-0.09741390128431175,-3.2961562071125843,0
26609,Greek Grill,Kebabs/Mediterranean,Cafe,West Auckland,1.04,39.38,1192,146,575,314,157,5749.48,22643.5,12365.32,6182.66,0.273661237359047,0.37486298813019,0.31,14,4.13,648.41,2020.8,939.16,512.86,1524.65,0.14,0.55,0.3,0.15,46940.96000000001,4997.47,0.10646288444036935,0.040000000000000036,0.8500000000000001,1046,0.87751677852349,0.6485242254892369,9.711146496815287,1452.02,1239.68,39.38,4.192508389261745,0,Cluster 0,52.23,Moderate Potential,Rebalance Channels,83.33,52.7,52.43,0.0,51.54,-1.7004306665514144,-0.7578823036860001,1
26367,Greek Kitchen,Kebabs/Mediterranean,QSR,North Shore,1.03,44.94,1471,180,710,387,194,8089.2,31907.4,17391.78,8718.36,0.253196105267853,0.357677389797755,0.29,14,4.13,801.22,3147.72,3162.87,1723.99,2591.32,0.14,0.55,0.3,0.15,66106.73999999999,10625.9,0.16073852681284845,0.030000000000000027,0.8500000000000001,1291,0.8776342624065262,0.6108734950656081,13.357319587628867,4886.86,1515.13,44.93999999999999,7.223589394969408,0,Cluster 0,53.4,Moderate Potential,Rebalance Channels,66.67,64.11,58.24,0.0,60.42,-1.8731837883336924,-0.23005969895659126,1
26073,Souvlaki Corner,Kebabs/Mediterranean,Ghost Kitchen,North Shore,1.03,31.72,464,13,248,135,68,412.36,7866.56,4282.2,2156.96,0.286935223895125,0.337176509120036,0.3,13,3.84,261.12,155.0,596.98,324.97,549.66,0.03,0.55,0.3,0.15,14718.079999999998,1626.6100000000001,0.11051781210592689,0.030000000000000027,0.8500000000000001,451,0.9719827586206896,0.624111733015161,8.083235294117646,921.95,477.92,31.719999999999995,3.505625,0,Cluster 0,45.01,Moderate Potential,Rebalance Channels,66.67,52.32,57.84,0.0,24.67,-2.5645442412674995,-0.589340312099199,1
25415,Greek Tavern,Kebabs/Mediterranean,QSR,South Auckland,1.05,33.05,1029,76,524,286,143,2511.8,17318.2,9452.3,4726.15,0.257650163397193,0.444915941148065,0.29,12,3.54,506.22,747.09,128.74,70.27,899.5,0.08,0.55,0.3,0.15,34008.45,1845.6,0.05426886553194868,0.050000000000000044,0.8500000000000001,953,0.9261418853255587,0.702566104545258,6.29020979020979,199.01,1080.45,33.05,1.7935860058309037,0,Cluster 0,51.36,Moderate Potential,Rebalance Channels,100.0,42.43,47.44,0.0,41.75,-1.647157952953455,-1.2590665899531792,1
26389,Ottoman Bistro,Kebabs/Mediterranean,QSR,CBD,0.99,44.53,799,98,386,210,105,4363.94,17188.58,9351.3,4675.65,0.237571332715452,0.408935232157819,0.32,10,2.95,309.75,1542.62,575.7,313.21,1343.06,0.14,0.55,0.3,0.15,35579.47,3774.5899999999997,0.1060889889590823,-0.010000000000000009,0.8500000000000001,701,0.8773466833541927,0.6465065648732711,12.79104761904762,888.9100000000001,791.01,44.53,4.724142678347935,0,Cluster 0,29.39,Low Potential,Rebalance Channels,0.0,53.37,59.42,0.0,27.75,-1.9575111265922045,-0.6496985109954166,1
25011,Greek Cafe,Kebabs/Mediterranean,Ghost Kitchen,CBD,0.99,44.49,584,38,300,164,82,1690.62,13347.0,7296.36,3648.18,0.256190317415167,0.24788753275061,0.3,6,1.77,145.14,838.42,2614.97,1429.52,1664.07,0.07,0.55,0.3,0.15,25982.16,6546.98,0.2519798199995689,-0.010000000000000009,0.8500000000000001,546,0.934931506849315,0.504077850165777,20.293536585365853,4044.49,578.16,44.49,11.210582191780821,0,Cluster 0,39.79,Low Potential,Rebalance Channels,0.0,81.78,88.05,0.0,11.56,-3.2863943116221135,0.9202661132936872,1
25079,Spice Corner,Kebabs/Mediterranean,Cafe,South Auckland,1.05,33.15,1159,133,564,308,154,4408.95,18696.6,10210.2,5105.1,0.221820098869503,0.397894586995244,0.27,13,3.84,591.36,1676.66,2061.96,1126.04,1350.03,0.13,0.55,0.3,0.15,38420.85,6214.69,0.1617530585606513,0.050000000000000044,0.8500000000000001,1026,0.8852459016393442,0.619714685864747,8.766428571428571,3188.0,1216.95,33.15,5.362113891285591,0,Cluster 0,59.41,Moderate Potential,Rebalance Channels,100.0,61.73,58.51,0.0,48.48,-1.9983701524172737,-0.32637918611061045,1
25805,Greek Diner,Kebabs/Mediterranean,QSR,North Shore,1.03,37.52,827,88,406,222,111,3301.76,15233.12,8329.44,4164.72,0.268282534554601,0.427071230439469,0.27,13,3.84,426.24,1005.87,527.77,288.58,842.53,0.12,0.55,0.3,0.15,31029.04,2664.75,0.08587922797482617,0.030000000000000027,0.8500000000000001,739,0.8935912938331319,0.69535376499407,7.59036036036036,816.3499999999999,851.8100000000001,37.52,3.2221886336154775,0,Cluster 0,43.7,Moderate Potential,Rebalance Channels,66.67,48.62,46.86,0.0,36.71,-1.7153540730034835,-1.0896496855408715,1
25339,Ottoman Diner,Kebabs/Mediterranean,Full-service,South Auckland,1.05,46.26,1762,229,843,460,230,10593.54,38997.18,21279.6,10639.8,0.355174614931457,0.535524720861577,0.3,15,4.43,1018.9,1157.88,-7436.74,-4058.01,144.04,0.15,0.55,0.3,0.15,81510.12000000001,-10192.829999999998,-0.12504987110802926,0.050000000000000044,0.8500000000000001,1533,0.8700340522133939,0.890699335793034,0.6262608695652173,-11494.75,1850.1000000000001,46.260000000000005,-5.784807037457433,1,Cluster 1,25.72,Low Potential,Optimize,100.0,8.04,13.41,0.0,73.55,0.18469818906490737,-3.1888822301823514,0
26092,Mediterranean Cafe,Kebabs/Mediterranean,QSR,South Auckland,1.05,33.15,656,65,325,177,89,2154.75,10773.75,5867.55,2950.35,0.200747563447803,0.442062316881493,0.3,18,5.31,472.59,769.66,616.15,335.57,581.25,0.11,0.55,0.3,0.15,21746.399999999998,2302.63,0.10588557186476844,0.050000000000000044,0.8500000000000001,591,0.9009146341463414,0.642809880329296,6.530898876404494,951.72,688.8000000000001,33.15,3.5101067073170733,0,Cluster 0,53.72,Moderate Potential,Rebalance Channels,100.0,51.7,46.64,0.0,43.13,-2.0856016941004354,-0.7221217716792304,1
25985,Greek House,Kebabs/Mediterranean,Ghost Kitchen,West Auckland,1.04,34.05,1044,86,527,287,144,2928.3,17944.35,9772.35,4903.2,0.270674161799252,0.240603015443776,0.28,18,5.31,764.64,1431.13,3745.4,2039.71,1631.67,0.09,0.55,0.3,0.15,35548.2,8847.91,0.24889895972229256,0.040000000000000036,0.8500000000000001,958,0.9176245210727969,0.511277177243028,11.331041666666668,5785.110000000001,1085.76,34.05,8.47500957854406,0,Cluster 0,62.02,High Potential,Rebalance Channels,83.33,77.67,66.92,0.0,55.92,-2.830493873093943,0.5922267092120548,1
25583,Greek House,Kebabs/Mediterranean,Full-service,West Auckland,1.04,33.6,963,173,435,237,118,5812.8,14616.0,7963.2,3964.8,0.371883250121027,0.545719661866315,0.31,7,2.07,244.26,478.96,-3326.64,-1812.45,82.43,0.22,0.55,0.3,0.15,32356.8,-4577.7,-0.1414756712653909,0.040000000000000036,0.8500000000000001,790,0.8203530633437176,0.9176029119873421,0.6985593220338984,-5139.09,1001.52,33.6,-4.753582554517134,1,Cluster 1,16.29,Low Potential,Optimize,83.33,7.22,22.61,0.0,27.54,0.21390747044714045,-3.528133049983638,0
25489,Mediterranean House,Kebabs/Mediterranean,Cafe,West Auckland,1.04,38.23,1011,108,497,271,135,4128.84,19000.31,10360.33,5161.05,0.257329107895494,0.440343453921378,0.31,14,4.13,557.55,1248.26,-145.78,-79.49,1002.78,0.12,0.55,0.3,0.15,38650.530000000006,2025.77,0.05241247662063107,0.040000000000000036,0.8500000000000001,903,0.8931750741839762,0.697672561816872,7.428,-225.26999999999998,1051.44,38.230000000000004,2.003728981206726,0,Cluster 0,47.24,Moderate Potential,Rebalance Channels,83.33,42.46,44.86,0.0,45.48,-1.535141130566504,-1.2515503611941863,1
26622,Souvlaki Bistro,Kebabs/Mediterranean,QSR,South Auckland,1.05,41.47,1412,116,713,389,194,4810.52,29568.11,16131.83,8045.18,0.205360204614699,0.447295912401751,0.32,11,3.25,630.5,1670.9,808.51,441.11,2163.94,0.09,0.55,0.3,0.15,58555.64000000001,5084.46,0.08683125997768959,0.050000000000000044,0.8500000000000001,1296,0.9178470254957507,0.65265611701645,11.154329896907218,1249.62,1482.6000000000001,41.470000000000006,3.6008923512747875,0,Cluster 0,56.52,Moderate Potential,Rebalance Channels,100.0,49.26,56.77,0.0,52.37,-1.758502473864528,-0.6883542622502966,1
26623,Souvlaki Grill,Kebabs/Mediterranean,QSR,West Auckland,1.04,36.11,1464,133,732,399,200,4802.63,26432.52,14407.89,7222.0,0.202095478307456,0.434590043663047,0.31,10,2.95,590.0,1744.87,1409.24,768.15,2033.86,0.1,0.55,0.3,0.15,52865.04,5956.12,0.11266651836449948,0.040000000000000036,0.8500000000000001,1331,0.9091530054644809,0.636685521970503,10.1693,2177.39,1522.56,36.11,4.068387978142076,0,Cluster 0,54.06,Moderate Potential,Rebalance Channels,83.33,53.37,60.93,0.0,51.33,-1.800292953985351,-0.5598095376593334,1
25208,Mediterranean Corner,Kebabs/Mediterranean,QSR,North Shore,1.03,35.47,1588,182,773,422,211,6455.54,27418.31,14968.34,7484.17,0.269747045896947,0.405974163813516,0.29,11,3.25,685.75,2093.39,939.87,513.1,1741.21,0.13,0.55,0.3,0.15,56326.36,5287.57,0.09387380970472795,0.030000000000000027,0.8500000000000001,1406,0.8853904282115869,0.675721209710463,8.25218009478673,1452.97,1635.64,35.47,3.3297040302267003,0,Cluster 0,48.37,Moderate Potential,Rebalance Channels,66.67,49.84,53.22,0.0,57.3,-1.3862459331921513,-0.9964288156069181,1
25143,Souvlaki Kitchen,Kebabs/Mediterranean,QSR,West Auckland,1.04,39.69,520,38,265,145,72,1508.22,10517.85,5755.05,2857.68,0.275556911025196,0.428960547875613,0.32,15,4.43,318.96,445.65,-257.87,-141.1,525.43,0.08,0.55,0.3,0.15,20638.8,572.1099999999999,0.02772011938678605,0.040000000000000036,0.8500000000000001,482,0.926923076923077,0.704517458900809,7.297638888888888,-398.97,540.8000000000001,39.69,1.1002115384615383,0,Cluster 0,43.44,Moderate Potential,Rebalance Channels,83.33,37.92,42.11,0.0,31.36,-1.8486322030119673,-1.3594664048834475,1
25331,Souvlaki Grill,Kebabs/Mediterranean,Full-service,North Shore,1.03,39.06,579,88,270,147,74,3437.28,10546.2,5741.82,2890.44,0.384023830154911,0.486284907977097,0.3,18,5.31,392.94,445.79,-1796.11,-977.88,-18.08,0.18,0.55,0.3,0.15,22615.74,-2346.2799999999997,-0.10374544454437483,0.030000000000000027,0.8500000000000001,491,0.8480138169257341,0.870308738132008,-0.2443243243243243,-2773.99,596.37,39.06,-4.052297063903281,1,Cluster 1,13.32,Low Potential,Optimize,66.67,13.25,11.57,0.0,40.15,-0.3865244701336962,-3.141407489291367,0
26254,Spice Cafe,Kebabs/Mediterranean,QSR,West Auckland,1.04,34.29,608,74,294,160,80,2537.46,10081.26,5486.4,2743.2,0.237473687045276,0.368509922153316,0.27,18,5.31,424.8,999.8,1250.24,680.4,656.07,0.14,0.55,0.3,0.15,20848.320000000003,3586.51,0.1720287294132093,0.040000000000000036,0.8500000000000001,534,0.8782894736842105,0.605983609198592,8.200875,1930.6399999999999,632.32,34.290000000000006,5.8988651315789475,0,Cluster 0,53.45,Moderate Potential,Rebalance Channels,83.33,63.84,52.32,0.0,41.31,-2.3007357148420993,-0.2682122998586008,1
26424,Ottoman Bistro,Kebabs/Mediterranean,Ghost Kitchen,CBD,0.99,32.39,796,45,413,225,113,1457.55,13377.07,7287.75,3660.07,0.27839814517647,0.340822783473413,0.3,5,1.48,167.24,555.0,1080.59,588.7,1226.44,0.06,0.55,0.3,0.15,25782.44,3450.73,0.13384031922502293,-0.010000000000000009,0.8500000000000001,751,0.9434673366834171,0.619220928649883,10.853451327433628,1669.29,788.04,32.39,4.335087939698492,0,Cluster 0,30.93,Low Potential,Rebalance Channels,0.0,56.58,71.94,0.0,15.99,-2.3942062564652624,-0.43312752897641454,1
25577,Ottoman Kitchen,Kebabs/Mediterranean,Cafe,CBD,0.99,31.07,1652,215,790,431,216,6680.05,24545.3,13391.17,6711.12,0.217699735164642,0.435264082648791,0.31,8,2.36,509.76,2318.22,909.06,495.96,1819.24,0.15,0.55,0.3,0.15,51327.64,5542.48,0.10798236583641874,-0.010000000000000009,0.8500000000000001,1437,0.8698547215496368,0.652963817813433,8.422407407407407,1405.02,1635.48,31.07,3.35501210653753,0,Cluster 0,32.84,Low Potential,Rebalance Channels,0.0,51.77,61.76,0.0,50.3,-1.4088214574717823,-0.8572823703145913,1
25088,Ottoman Cafe,Kebabs/Mediterranean,Ghost Kitchen,West Auckland,1.04,46.15,565,26,296,162,81,1199.9,13660.4,7476.3,3738.15,0.280667682609055,0.34339370484231,0.27,14,4.13,334.53,451.09,1447.16,792.03,1070.78,0.05,0.55,0.3,0.15,26074.75,3761.0599999999995,0.14424145964966106,0.040000000000000036,0.8500000000000001,539,0.9539823008849557,0.624061387451365,13.219506172839505,2239.19,587.6,46.15,6.6567433628318575,0,Cluster 0,51.93,Moderate Potential,Rebalance Channels,83.33,61.12,56.2,0.0,30.53,-2.5839171631619977,-0.24891998781423394,1
25660,Mediterranean Grill,Kebabs/Mediterranean,Cafe,West Auckland,1.04,36.99,1507,111,768,419,209,4105.89,28408.32,15498.81,7730.91,0.205301464088261,0.408271908969618,0.28,17,5.02,1049.18,1586.63,3023.4,1649.49,1938.25,0.08,0.55,0.3,0.15,55743.92999999999,8197.77,0.14706121366039318,0.040000000000000036,0.8500000000000001,1396,0.9263437292634373,0.613573373057879,9.273923444976077,4672.89,1567.28,36.989999999999995,5.439794293297943,0,Cluster 0,56.72,Moderate Potential,Rebalance Channels,83.33,59.85,52.79,0.0,69.1,-1.9992123853480277,-0.3387508271892454,1
25893,Greek Cafe,Kebabs/Mediterranean,Full-service,West Auckland,1.04,41.6,1471,255,669,365,182,10608.0,27830.4,15184.0,7571.2,0.376654151978437,0.451380671747029,0.33,11,3.25,591.5,1824.21,-4398.17,-2399.6,710.48,0.21,0.55,0.3,0.15,61193.6,-4263.08,-0.06966545521100245,0.040000000000000036,0.8500000000000001,1216,0.8266485384092455,0.828034823725466,3.903736263736264,-6797.77,1529.8400000000001,41.6,-2.898082936777702,1,Cluster 1,24.71,Low Potential,Optimize,83.33,19.4,29.74,0.0,53.89,-0.1223734644335797,-2.6751449835524137,0
25516,Greek Bistro,Kebabs/Mediterranean,QSR,West Auckland,1.04,36.17,673,66,334,182,91,2387.22,12080.78,6582.94,3291.47,0.253818253427744,0.432756472099572,0.3,9,2.66,242.06,748.22,162.19,88.38,789.57,0.11,0.55,0.3,0.15,24342.41,1788.3600000000001,0.07346684243671847,0.040000000000000036,0.8500000000000001,607,0.9019316493313522,0.686574725527316,8.676593406593406,250.57,699.9200000000001,36.17,2.657295690936107,0,Cluster 0,46.73,Moderate Potential,Rebalance Channels,83.33,46.18,54.88,0.0,22.48,-1.8594243854612615,-1.0217965710584969,1
25864,Spice Diner,Kebabs/Mediterranean,Cafe,West Auckland,1.04,41.04,1337,153,651,355,178,6279.12,26717.04,14569.2,7305.12,0.218600019551814,0.442531745252199,0.29,17,5.02,893.56,2127.79,1305.61,711.97,1581.91,0.13,0.55,0.3,0.15,54870.48,5727.28,0.1043781647253678,0.040000000000000036,0.8500000000000001,1184,0.8855646970830217,0.661131764804013,8.887134831460674,2017.58,1390.48,41.04,4.283679880329095,0,Cluster 0,52.57,Moderate Potential,Rebalance Channels,83.33,52.54,45.46,0.0,63.4,-1.6145474505148756,-0.7946101279346781,1
25704,Spice Bistro,Kebabs/Mediterranean,Full-service,West Auckland,1.04,38.81,1556,237,725,396,198,9197.97,28137.25,15368.76,7684.38,0.395055399031844,0.50886247237213,0.27,6,1.77,350.46,883.76,-4893.57,-2672.9,387.87,0.18,0.55,0.3,0.15,60388.36,-6294.839999999999,-0.10423929379767888,0.040000000000000036,0.8500000000000001,1319,0.8476863753213367,0.903917871403974,1.958939393939394,-7566.469999999999,1618.24,38.81,-4.045526992287917,1,Cluster 1,21.18,Low Potential,Optimize,83.33,13.19,26.42,0.0,45.08,0.20058906929951448,-3.20832602999726,0
25060,Greek House,Kebabs/Mediterranean,Cafe,South Auckland,1.05,40.41,721,88,348,190,95,3556.08,14062.68,7677.9,3838.95,0.239993479251862,0.380987292970531,0.33,4,1.18,112.1,1347.82,689.34,376.36,1342.94,0.14,0.55,0.3,0.15,29135.610000000004,3756.46,0.12893019916178172,0.050000000000000044,0.8500000000000001,633,0.8779472954230236,0.620980772222393,14.13621052631579,1065.7,757.0500000000001,40.410000000000004,5.2100693481276,0,Cluster 0,55.85,Moderate Potential,Rebalance Channels,100.0,57.1,73.36,0.0,12.66,-2.1785709152256088,-0.28370872370462846,1
26517,Greek Kitchen,Kebabs/Mediterranean,QSR,North Shore,1.03,43.4,1185,145,572,312,156,6293.0,24824.8,13540.8,6770.4,0.279472619239241,0.418630881235003,0.33,3,0.89,138.84,1899.83,-697.66,-380.54,1905.12,0.14,0.55,0.3,0.15,51429.0,2726.75,0.05301969705808007,0.030000000000000027,0.8500000000000001,1040,0.8776371308016878,0.698103500474244,12.212307692307691,-1078.2,1220.55,43.4,2.301054852320675,0,Cluster 0,43.82,Moderate Potential,Rebalance Channels,66.67,42.95,63.12,0.0,25.26,-1.4420839144551134,-1.1014393117396077,1
26626,Ottoman Bistro,Kebabs/Mediterranean,Full-service,CBD,0.99,35.08,1486,247,681,372,186,8664.76,23889.48,13049.76,6524.88,0.372619958070572,0.481398151279427,0.3,8,2.36,438.96,1264.9,-3679.41,-2009.9,513.55,0.2,0.55,0.3,0.15,52128.88,-3910.8599999999997,-0.07502290476987036,-0.010000000000000009,0.8500000000000001,1239,0.8337819650067295,0.854018109349999,2.761021505376344,-5689.3099999999995,1471.14,35.08,-2.6318034993270523,1,Cluster 1,2.66,Low Potential,Optimize,0.0,19.04,30.77,0.0,45.0,-0.007670348565470278,-2.949383079901871,0
26681,Souvlaki Corner,Kebabs/Mediterranean,QSR,North Shore,1.03,37.43,924,106,450,245,123,3967.58,16843.5,9170.35,4603.89,0.207171428818256,0.405437179538421,0.3,4,1.18,145.14,1537.01,1471.98,801.41,1638.37,0.13,0.55,0.3,0.15,34585.32,5448.7699999999995,0.15754574484203124,0.030000000000000027,0.8500000000000001,818,0.8852813852813853,0.6126086083566771,13.320081300813007,2273.39,951.72,37.43,5.896937229437229,0,Cluster 0,49.91,Moderate Potential,Rebalance Channels,66.67,61.88,74.66,0.0,18.93,-2.205817665897855,-0.13828294136548552,1
26422,Greek Kitchen,Kebabs/Mediterranean,Cafe,South Auckland,1.05,44.39,682,62,341,186,93,2752.18,15136.99,8256.54,4128.27,0.275345340315253,0.3684627242852,0.28,6,1.77,164.61,980.3,1153.32,629.08,1305.85,0.1,0.55,0.3,0.15,30273.98,4068.5499999999997,0.1343909852619312,0.050000000000000044,0.8500000000000001,620,0.9090909090909091,0.6438080646004529,14.041397849462365,1782.4,716.1,44.39,5.965615835777125,0,Cluster 0,55.42,Moderate Potential,Rebalance Channels,100.0,58.86,66.51,0.0,16.01,-2.265185494141641,-0.34826831379899953,1
25671,Spice Corner,Kebabs/Mediterranean,QSR,West Auckland,1.04,44.33,923,76,466,254,127,3369.08,20657.78,11259.82,5629.91,0.225593500826508,0.384164906456135,0.33,9,2.66,337.82,1314.76,1244.46,678.31,1859.21,0.09,0.55,0.3,0.15,40916.59,5096.74,0.12456414378617574,0.040000000000000036,0.8500000000000001,847,0.9176598049837487,0.609758407282643,14.639448818897637,1922.77,959.9200000000001,44.33,5.52192849404117,0,Cluster 0,53.04,Moderate Potential,Rebalance Channels,83.33,56.93,66.72,0.0,30.86,-2.2953617904280486,-0.22585723931823726,1
25470,Greek House,Kebabs/Mediterranean,Full-service,South Auckland,1.05,38.28,1920,371,852,465,232,14201.88,32614.56,17800.2,8880.96,0.399825813563075,0.504695398081094,0.3,16,4.72,1095.04,1355.98,-6670.37,-3640.52,-247.1,0.24,0.55,0.3,0.15,73497.6,-9202.01,-0.12520150317833506,0.050000000000000044,0.8500000000000001,1549,0.8067708333333333,0.904521211644169,-1.0650862068965516,-10310.89,2016.0,38.28,-4.792713541666667,1,Cluster 1,26.45,Low Potential,Optimize,100.0,9.36,9.64,0.0,81.22,0.7184612760225413,-3.5158648019417407,0
25429,Souvlaki Tavern,Kebabs/Mediterranean,QSR,North Shore,1.03,45.07,1131,130,551,300,150,5859.1,24833.57,13521.0,6760.5,0.269425453692675,0.449281737883575,0.27,9,2.66,399.0,1648.12,280.44,152.69,1502.68,0.13,0.55,0.3,0.15,50974.17,3583.9300000000003,0.07030874656713391,0.030000000000000027,0.8500000000000001,1001,0.8850574712643678,0.71870719157625,10.017866666666666,433.13,1164.93,45.07,3.1688152077807255,0,Cluster 0,43.88,Moderate Potential,Rebalance Channels,66.67,46.45,49.93,0.0,37.47,-1.4428246688003339,-1.1608989064321835,1
25834,Mediterranean House,Kebabs/Mediterranean,Full-service,South Auckland,1.05,40.78,657,151,278,152,76,6157.78,11336.84,6198.56,3099.28,0.397486199683044,0.493230695067905,0.32,10,2.95,224.2,672.94,-2388.86,-1306.14,114.5,0.3,0.55,0.3,0.15,26792.46,-2907.5600000000004,-0.10852157659281755,0.050000000000000044,0.8500000000000001,506,0.7701674277016742,0.890716894750949,1.506578947368421,-3695.0,689.85,40.78,-4.425509893455099,1,Cluster 1,21.05,Low Potential,Optimize,100.0,12.1,21.78,0.0,24.49,0.15242364113758763,-3.238411302772838,0
25903,Souvlaki Kitchen,Kebabs/Mediterranean,Full-service,South Auckland,1.05,32.9,714,128,322,176,88,4211.2,10593.8,5790.4,2895.2,0.390908956748899,0.513051022286527,0.28,16,4.72,415.36,404.44,-1948.84,-1065.2,-137.3,0.22,0.55,0.3,0.15,23490.600000000002,-2746.9,-0.11693613615659029,0.050000000000000044,0.8500000000000001,586,0.8207282913165266,0.903959979035426,-1.5602272727272728,-3014.04,749.7,32.900000000000006,-3.847198879551821,1,Cluster 1,20.95,Low Potential,Optimize,100.0,11.75,9.72,0.0,40.42,0.02239377359849057,-3.4559297759074945,0
26014,Mediterranean House,Kebabs/Mediterranean,Cafe,North Shore,1.03,35.99,1590,117,810,442,221,4210.83,29151.9,15907.58,7953.79,0.233368135225028,0.403894891683012,0.31,7,2.07,457.47,1527.42,1537.38,838.92,2427.66,0.08,0.55,0.3,0.15,57224.100000000006,6331.38,0.11064184495693247,0.030000000000000027,0.8500000000000001,1473,0.9264150943396227,0.63726302690804,10.984886877828053,2376.3,1637.7,35.99,3.982,0,Cluster 0,50.28,Moderate Potential,Rebalance Channels,66.67,52.98,65.82,0.0,48.04,-1.806994914505897,-0.5698518040323789,1
26649,Greek House,Kebabs/Mediterranean,Cafe,CBD,0.99,41.86,689,56,348,190,95,2344.16,14567.28,7953.4,3976.7,0.238853206820786,0.439306590589695,0.28,10,2.95,280.25,754.44,609.5,332.77,999.61,0.09,0.55,0.3,0.15,28841.540000000005,2696.32,0.0934873796614189,-0.010000000000000009,0.8500000000000001,633,0.918722786647315,0.678159797410481,10.52221052631579,942.27,682.11,41.86000000000001,3.913381712626996,0,Cluster 0,27.19,Low Potential,Rebalance Channels,0.0,50.58,54.54,0.0,24.24,-2.0268461212087097,-0.863073977967227,1
26123,Mediterranean Cafe,Kebabs/Mediterranean,Full-service,North Shore,1.03,34.34,1845,332,832,454,227,11400.88,28570.88,15590.36,7795.18,0.369473967689555,0.489278899366036,0.32,13,3.84,871.68,1610.34,-5107.13,-2786.82,229.37,0.22,0.55,0.3,0.15,63357.3,-6054.240000000001,-0.09555710233864133,0.030000000000000027,0.8500000000000001,1513,0.8200542005420054,0.8587528670555911,1.0104405286343612,-7893.950000000001,1900.3500000000001,34.34,-3.2814308943089436,1,Cluster 1,20.42,Low Potential,Optimize,66.67,15.39,21.67,0.0,70.5,0.34196288041396716,-3.1215145334825882,0
25719,Souvlaki Tavern,Kebabs/Mediterranean,Ghost Kitchen,West Auckland,1.04,46.01,753,49,387,211,106,2254.49,17805.87,9708.11,4877.06,0.293303401372395,0.298239881719928,0.32,9,2.66,281.96,920.86,1575.05,858.75,1710.11,0.07,0.55,0.3,0.15,34645.53,5064.7699999999995,0.14618826728873824,0.040000000000000036,0.8500000000000001,704,0.9349269588313412,0.5915432830923231,16.13311320754717,2433.8,783.12,46.01,6.726122177954847,0,Cluster 0,53.88,Moderate Potential,Rebalance Channels,83.33,61.47,69.53,0.0,25.17,-2.5737409990583466,-0.04408502187531185,1
26205,Ottoman Corner,Kebabs/Mediterranean,Cafe,CBD,0.99,41.95,570,47,288,157,78,1971.65,12081.6,6586.15,3272.1,0.277430752050132,0.375839569745585,0.28,13,3.84,299.52,683.63,806.2,439.49,835.01,0.09,0.55,0.3,0.15,23911.5,2764.33,0.11560671643351525,-0.010000000000000009,0.8500000000000001,523,0.9175438596491228,0.653270321795717,10.70525641025641,1245.69,564.3,41.95,4.849701754385965,0,Cluster 0,28.49,Low Potential,Rebalance Channels,0.0,54.82,53.34,0.0,27.45,-2.2183824157461305,-0.6961820612796386,1
25667,Ottoman Eatery,Kebabs/Mediterranean,Ghost Kitchen,CBD,0.99,33.69,881,65,449,245,122,2189.85,15126.81,8254.05,4110.18,0.261999705433846,0.219413871702272,0.28,15,4.43,540.46,1135.63,3609.05,1969.3,1591.02,0.08,0.55,0.3,0.15,29680.89,8305.0,0.2798096687801478,-0.010000000000000009,0.8500000000000001,816,0.9262202043132803,0.481413577136118,13.041147540983607,5578.35,872.1899999999999,33.69,9.426787741203178,0,Cluster 0,42.38,Moderate Potential,Rebalance Channels,0.0,83.12,76.5,0.0,42.04,-3.1571839684079777,0.8831767690669732,1
26668,Spice Bistro,Kebabs/Mediterranean,Cafe,CBD,0.99,33.93,468,61,224,122,61,2069.73,7600.32,4139.46,2069.73,0.268982095532119,0.400547484937124,0.3,14,4.13,251.93,683.98,231.58,126.13,432.05,0.15,0.55,0.3,0.15,15879.239999999998,1473.74,0.09280922764565559,-0.010000000000000009,0.8500000000000001,407,0.8696581196581197,0.6695295804692429,7.082786885245902,357.71000000000004,463.32,33.92999999999999,3.149017094017094,0,Cluster 0,26.18,Low Potential,Rebalance Channels,0.0,49.45,49.2,0.0,26.53,-1.882798401681009,-1.0532091609496155,1
26235,Mediterranean Cafe,Kebabs/Mediterranean,QSR,West Auckland,1.04,39.26,1112,101,556,303,152,3965.26,21828.56,11895.78,5967.52,0.233601733949035,0.360939597059041,0.32,4,1.18,179.36,1607.75,1865.44,1016.6,2240.22,0.1,0.55,0.3,0.15,43657.119999999995,6730.01,0.15415606892987904,0.040000000000000036,0.8500000000000001,1011,0.9091726618705036,0.594541331008076,14.73828947368421,2882.04,1156.48,39.26,6.052167266187051,0,Cluster 0,55.56,Moderate Potential,Rebalance Channels,83.33,61.64,77.44,0.0,25.53,-2.2921255755766494,-0.02871221646614879,1
25401,Spice Eatery,Kebabs/Mediterranean,Ghost Kitchen,South Auckland,1.05,31.67,1368,77,710,387,194,2438.59,22485.7,12256.29,6143.98,0.298004610615317,0.265996309404727,0.32,4,1.18,228.92,1063.22,2608.32,1421.72,2449.85,0.06,0.55,0.3,0.15,43324.56,7543.110000000001,0.1741070192057346,0.050000000000000044,0.8500000000000001,1291,0.9437134502923976,0.564000920020044,12.628092783505155,4030.04,1436.4,31.669999999999998,5.513969298245614,0,Cluster 0,62.51,High Potential,Rebalance Channels,100.0,63.6,82.15,0.0,34.55,-2.431757469762834,0.10309452200827174,1
25725,Greek Bistro,Kebabs/Mediterranean,Cafe,North Shore,1.03,35.06,1266,145,617,336,168,5083.7,21632.02,11780.16,5890.08,0.246398248225451,0.40864784498699,0.32,14,4.13,693.84,1753.64,539.8,293.96,1337.97,0.13,0.55,0.3,0.15,44385.96000000001,3925.37,0.0884371995108363,0.030000000000000027,0.8500000000000001,1121,0.8854660347551343,0.655046093212441,7.964107142857143,833.76,1303.98,35.06,3.1006082148499208,0,Cluster 0,47.19,Moderate Potential,Rebalance Channels,66.67,48.8,51.43,0.0,53.62,-1.615740137367437,-0.9196902864973042,1
25603,Ottoman House,Kebabs/Mediterranean,QSR,CBD,0.99,30.94,675,55,341,186,93,1701.7,10550.54,5754.84,2877.42,0.249525798000395,0.410928148590028,0.3,12,3.54,329.22,577.81,417.23,227.58,647.8,0.09,0.55,0.3,0.15,20884.5,1870.4199999999998,0.08956020014843544,-0.010000000000000009,0.8500000000000001,620,0.9185185185185185,0.660453946590423,6.965591397849462,644.8100000000001,668.25,30.94,2.7709925925925925,0,Cluster 0,27.18,Low Potential,Rebalance Channels,0.0,48.5,53.93,0.0,28.46,-2.0335993902324097,-0.9698949934072764,1
26334,Ottoman Bistro,Kebabs/Mediterranean,Full-service,West Auckland,1.04,37.32,1299,179,616,336,168,6680.28,22989.12,12539.52,6269.76,0.397531598329078,0.52718163842801,0.32,17,5.02,843.36,502.94,-5625.74,-3068.59,-371.33,0.16,0.55,0.3,0.15,48478.68,-8562.720000000001,-0.17662857157001802,0.040000000000000036,0.8500000000000001,1120,0.8622016936104696,0.924713236757088,-2.210297619047619,-8694.33,1350.96,37.32,-6.591778290993073,1,Cluster 1,16.12,Low Potential,Optimize,83.33,0.0,4.83,0.0,62.13,0.31477698448750696,-3.8089970971955758,0
26411,Spice Bistro,Kebabs/Mediterranean,Full-service,North Shore,1.03,31.34,748,124,343,187,94,3886.16,10749.62,5860.58,2945.96,0.391423791169655,0.479758920124732,0.29,12,3.54,332.76,500.6,-1732.65,-944.62,46.73,0.2,0.55,0.3,0.15,23442.32,-2129.94,-0.09085875459425517,0.030000000000000027,0.8500000000000001,624,0.8342245989304813,0.871182711294387,0.49712765957446803,-2677.27,770.44,31.34,-2.8475133689839573,1,Cluster 1,14.87,Low Potential,Optimize,66.67,16.61,21.45,0.0,31.76,-0.2425694285134304,-3.1392019004433775,0
25849,Spice Bistro,Kebabs/Mediterranean,QSR,West Auckland,1.04,38.94,613,55,307,167,84,2141.7,11954.58,6502.98,3270.96,0.252865558993071,0.398101906129159,0.28,4,1.18,99.12,747.52,825.25,448.92,1042.55,0.1,0.55,0.3,0.15,23870.219999999998,3064.24,0.1283708319403843,0.040000000000000036,0.8500000000000001,558,0.9102773246329527,0.65096746512223,12.411309523809523,1274.17,637.52,38.94,4.998760195758564,0,Cluster 0,50.09,Moderate Potential,Rebalance Channels,83.33,56.74,68.74,0.0,8.81,-2.2452152954447158,-0.45030094656326913,1
25084,Spice Bistro,Kebabs/Mediterranean,Full-service,West Auckland,1.04,32.92,1840,391,797,435,217,12871.72,26237.24,14320.2,7143.64,0.373599658056628,0.513019679486752,0.32,14,4.13,896.21,1459.4,-5421.12,-2958.83,-86.26,0.27,0.55,0.3,0.15,60572.8,-7006.8099999999995,-0.11567584790533043,0.040000000000000036,0.8500000000000001,1449,0.7875,0.88661933754338,-0.3975115207373272,-8379.95,1913.6000000000001,32.92,-3.808048913043478,1,Cluster 1,22.96,Low Potential,Optimize,83.33,11.97,15.73,0.0,73.26,0.7022903409606158,-3.4319469887062524,0
26054,Greek Diner,Kebabs/Mediterranean,Cafe,North Shore,1.03,42.88,1646,163,816,445,222,6989.44,34990.08,19081.6,9519.36,0.242294241636992,0.367491170321591,0.32,7,2.07,459.54,2727.38,2456.81,1339.81,3255.05,0.11,0.55,0.3,0.15,70580.48000000001,9779.05,0.1385517638871257,0.030000000000000027,0.8500000000000001,1483,0.9009720534629405,0.609785411958583,14.662387387387389,3796.62,1695.38,42.88000000000001,5.941099635479951,0,Cluster 0,53.01,Moderate Potential,Rebalance Channels,66.67,59.38,70.06,0.0,49.89,-1.876682593609373,-0.2372067112790352,1
25609,Greek Tavern,Kebabs/Mediterranean,Cafe,North Shore,1.03,43.86,1517,186,732,399,200,8157.96,32105.52,17500.14,8772.0,0.257820842377841,0.380446418491192,0.29,13,3.84,768.0,2951.0,2303.02,1255.33,2405.12,0.14,0.55,0.3,0.15,66535.62,8914.470000000001,0.13398041530235988,0.030000000000000027,0.8500000000000001,1331,0.8773895847066578,0.638267260869033,12.025599999999999,3558.35,1562.51,43.86,5.8763810151615035,0,Cluster 0,51.41,Moderate Potential,Rebalance Channels,66.67,58.68,55.66,0.0,59.61,-1.6702073472798233,-0.5128474115800551,1
25450,Spice Eatery,Kebabs/Mediterranean,Full-service,North Shore,1.03,37.3,1827,410,779,425,213,15293.0,29056.7,15852.5,7944.9,0.354963585932273,0.480075407074764,0.31,7,2.07,440.91,2522.75,-4214.35,-2299.23,869.69,0.29,0.55,0.3,0.15,68147.09999999999,-3121.1400000000003,-0.04580004138107125,0.030000000000000027,0.8500000000000001,1417,0.7755883962780514,0.835038993007037,4.083051643192489,-6513.58,1881.81,37.3,-1.7083415435139575,1,Cluster 1,23.17,Low Potential,Optimize,66.67,24.22,35.34,0.0,55.9,0.3295470007940612,-2.6826939957302787,0
26016,Greek Bistro,Kebabs/Mediterranean,Full-service,CBD,0.99,36.31,1353,253,605,330,165,9186.43,21967.55,11982.3,5991.15,0.374968182994053,0.519868462905288,0.31,6,1.77,292.05,966.08,-4499.76,-2454.41,338.0,0.23,0.55,0.3,0.15,49127.43,-5650.09,-0.11500886571921226,-0.010000000000000009,0.8500000000000001,1100,0.8130081300813008,0.894836645899341,2.0484848484848484,-6954.17,1339.47,36.31,-4.175971914264597,1,Cluster 1,0.0,Low Potential,Optimize,0.0,11.56,27.82,0.0,36.09,0.2862697422074855,-3.339589917173143,0
25911,Souvlaki Bistro,Kebabs/Mediterranean,QSR,West Auckland,1.04,37.78,1467,133,734,400,200,5024.74,27730.52,15112.0,7556.0,0.251077002063394,0.444886948587373,0.31,10,2.95,590.0,1527.7,-165.38,-90.13,1707.3,0.1,0.55,0.3,0.15,55423.26,2979.49,0.053758836993709855,0.040000000000000036,0.8500000000000001,1334,0.9093387866394002,0.695963950650767,8.5365,-255.51,1525.68,37.78,2.0310088616223583,0,Cluster 0,49.58,Moderate Potential,Rebalance Channels,83.33,42.68,51.8,0.0,51.43,-1.4054294744272813,-1.186896360037088,1
25644,Souvlaki Tavern,Kebabs/Mediterranean,Cafe,West Auckland,1.04,38.67,1014,100,503,274,137,3867.0,19451.01,10595.58,5297.79,0.273716123327613,0.442389308963902,0.31,7,2.07,283.59,1097.82,-507.78,-276.6,1220.42,0.11,0.55,0.3,0.15,39211.38,1533.8600000000001,0.03911772551743908,0.040000000000000036,0.8500000000000001,914,0.9013806706114399,0.716105432291515,8.908175182481752,-784.38,1054.56,38.669999999999995,1.512682445759369,0,Cluster 0,45.96,Moderate Potential,Rebalance Channels,83.33,40.01,53.67,0.0,29.25,-1.495265336307568,-1.3223814562289473,1
26680,Greek Eatery,Kebabs/Mediterranean,QSR,CBD,0.99,33.11,1363,112,688,375,188,3708.32,22779.68,12416.25,6224.68,0.27217332419008,0.400781290768646,0.28,17,5.02,943.76,1212.79,1071.68,584.13,1091.99,0.09,0.55,0.3,0.15,45128.93,3960.59,0.08776166419190529,-0.010000000000000009,0.8500000000000001,1251,0.9178283198826119,0.672954614958726,5.808457446808511,1655.81,1349.37,33.11,2.905788701393984,0,Cluster 0,30.15,Low Potential,Rebalance Channels,0.0,48.44,43.63,0.0,62.08,-1.600886271054126,-1.1394192429106218,1
26437,Souvlaki Eatery,Kebabs/Mediterranean,Full-service,CBD,0.99,44.03,1489,316,645,352,176,13913.48,28399.35,15498.56,7749.28,0.390991957182996,0.452206422062591,0.31,13,3.84,675.84,2181.66,-4350.73,-2374.35,539.26,0.27,0.55,0.3,0.15,65560.67,-4004.16,-0.06107564184441678,-0.010000000000000009,0.8500000000000001,1173,0.7877770315648086,0.843198379245587,3.0639772727272727,-6725.08,1474.11,44.03,-2.6891605104096707,1,Cluster 1,3.54,Low Potential,Optimize,0.0,20.84,24.07,0.0,56.76,0.16611135322748444,-2.8550106987540658,0
26507,Mediterranean Bistro,Kebabs/Mediterranean,Cafe,North Shore,1.03,33.64,962,118,464,253,127,3969.52,15608.96,8510.92,4272.28,0.259540246576071,0.399806735711172,0.3,13,3.84,487.68,1352.23,634.55,345.99,967.69,0.14,0.55,0.3,0.15,32361.68,3300.46,0.10198667065492274,0.030000000000000027,0.8500000000000001,844,0.8773388773388774,0.659346982287243,7.619606299212599,980.54,990.86,33.64,3.430831600831601,0,Cluster 0,46.09,Moderate Potential,Rebalance Channels,66.67,51.07,52.41,0.0,41.19,-1.7432129822638012,-0.8890421102153429,1
25063,Greek House,Kebabs/Mediterranean,Cafe,CBD,0.99,41.39,1198,137,584,318,159,5670.43,24171.76,13162.02,6581.01,0.235803328771144,0.364087493950501,0.29,3,0.89,141.51,2268.79,2661.53,1449.26,2491.61,0.13,0.55,0.3,0.15,49585.22,8871.19,0.17890794877989855,-0.010000000000000009,0.8500000000000001,1061,0.8856427378964942,0.599890822721645,15.67050314465409,4110.79,1186.02,41.39,7.405,0,Cluster 0,35.97,Low Potential,Rebalance Channels,0.0,66.8,78.26,0.0,24.15,-2.177165435150401,-0.006406783338324687,1
26549,Greek Diner,Kebabs/Mediterranean,Full-service,North Shore,1.03,40.97,1475,322,634,346,173,13192.34,25974.98,14175.62,7087.81,0.388467159692664,0.459206325793639,0.3,16,4.72,816.56,2009.54,-3835.82,-2093.36,263.1,0.28,0.55,0.3,0.15,60430.75,-3656.5400000000004,-0.06050793677060107,0.030000000000000027,0.8500000000000001,1153,0.7816949152542373,0.8476734854863031,1.5208092485549134,-5929.18,1519.25,40.97,-2.479010169491526,1,Cluster 1,20.43,Low Potential,Optimize,66.67,21.2,18.4,0.0,65.22,0.23576322010461864,-2.8992534898319673,0
26672,Ottoman Kitchen,Kebabs/Mediterranean,Cafe,South Auckland,1.05,36.54,497,53,244,133,67,1936.62,8915.76,4859.82,2448.18,0.237105827983469,0.373191292746924,0.29,17,5.02,336.34,754.71,888.93,484.54,617.72,0.12,0.55,0.3,0.15,18160.38,2745.8999999999996,0.15120278320167307,0.050000000000000044,0.8500000000000001,444,0.8933601609657947,0.610297120730393,9.219701492537315,1373.47,521.85,36.54,5.524949698189134,0,Cluster 0,56.1,Moderate Potential,Rebalance Channels,100.0,60.53,53.29,0.0,35.41,-2.3832293493336265,-0.310204672944295,1
25883,Greek Cafe,Kebabs/Mediterranean,Full-service,West Auckland,1.04,33.35,513,89,233,127,64,2968.15,7770.55,4235.45,2134.4,0.368076554767322,0.464466112712398,0.27,5,1.48,94.72,497.04,-796.81,-434.31,262.7,0.21,0.55,0.3,0.15,17108.550000000003,-471.37999999999994,-0.027552305718485777,0.040000000000000036,0.8500000000000001,424,0.8265107212475633,0.83254266747972,4.1046875,-1231.12,533.52,33.35000000000001,-0.9188693957115008,1,Cluster 1,21.75,Low Potential,Optimize,83.33,27.74,39.06,0.0,7.79,-0.6907532903293293,-2.4655614819489124,0
25703,Souvlaki Cafe,Kebabs/Mediterranean,QSR,South Auckland,1.05,36.98,1086,89,548,299,150,3291.22,20265.04,11057.02,5547.0,0.251631429791451,0.399161982000805,0.31,3,0.89,133.5,1149.32,794.52,433.51,1803.55,0.09,0.55,0.3,0.15,40160.28,4180.9,0.10410534986309856,0.050000000000000044,0.8500000000000001,997,0.91804788213628,0.650793411792256,12.023666666666667,1228.03,1140.3,36.98,3.8498158379373844,0,Cluster 0,55.46,Moderate Potential,Rebalance Channels,100.0,51.92,70.41,0.0,22.67,-1.9800927861698885,-0.5782060074819725,1
26041,Greek Tavern,Kebabs/Mediterranean,Full-service,CBD,0.99,36.6,1297,283,558,304,152,10357.8,20422.8,11126.4,5563.2,0.383930154866539,0.525889388471842,0.29,7,2.07,314.64,934.07,-4080.87,-2223.27,187.05,0.28,0.55,0.3,0.15,47470.2,-5183.0199999999995,-0.10918470956515877,-0.010000000000000009,0.8500000000000001,1014,0.781804163454125,0.9098195433383809,1.2305921052631579,-6304.139999999999,1284.03,36.599999999999994,-3.996160370084811,1,Cluster 1,0.0,Low Potential,Optimize,0.0,12.59,23.81,0.0,36.64,0.4994809851372834,-3.4506062954545866,0
25947,Spice Tavern,Kebabs/Mediterranean,Cafe,North Shore,1.03,42.02,1115,128,543,296,148,5378.56,22816.86,12437.92,6218.96,0.201845737956464,0.396769915008917,0.33,12,3.54,523.92,2158.87,1628.77,887.87,1972.27,0.13,0.55,0.3,0.15,46852.3,6647.780000000001,0.14188801830433084,0.030000000000000027,0.8500000000000001,987,0.885201793721973,0.598615652965381,13.32614864864865,2516.64,1148.45,42.02,5.962134529147983,0,Cluster 0,50.92,Moderate Potential,Rebalance Channels,66.67,59.86,63.46,0.0,43.94,-2.112173372830598,-0.1908479064192867,1
25463,Mediterranean Diner,Kebabs/Mediterranean,Cafe,North Shore,1.03,36.44,1068,105,530,289,144,3826.2,19313.2,10531.16,5247.36,0.218603148069233,0.404059751145542,0.3,9,2.66,383.04,1443.77,1493.63,814.45,1596.98,0.11,0.55,0.3,0.15,38917.92,5348.83,0.13743874287217817,0.030000000000000027,0.8500000000000001,963,0.901685393258427,0.622662899214775,11.09013888888889,2308.08,1100.04,36.44,5.008267790262172,0,Cluster 0,49.41,Moderate Potential,Rebalance Channels,66.67,57.97,64.73,0.0,35.38,-2.0840106437668777,-0.3693151910665401,1
26340,Souvlaki Kitchen,Kebabs/Mediterranean,Cafe,West Auckland,1.04,45.57,1443,143,715,390,195,6516.51,32582.55,17772.3,8886.15,0.235606228038669,0.44064777395688,0.31,14,4.13,805.35,2109.69,447.88,244.3,2071.51,0.11,0.55,0.3,0.15,65757.51,4873.380000000001,0.07411138286714326,0.040000000000000036,0.8500000000000001,1300,0.9009009009009009,0.676254001995549,10.623128205128205,692.1800000000001,1500.72,45.56999999999999,3.377255717255718,0,Cluster 0,51.27,Moderate Potential,Rebalance Channels,83.33,47.24,48.16,0.0,59.95,-1.532333584891723,-0.9263573074769522,1
25466,Ottoman Tavern,Kebabs/Mediterranean,QSR,West Auckland,1.04,32.89,1160,124,570,311,155,4078.36,18747.3,10228.79,5097.95,0.209953659679741,0.361114417947829,0.3,11,3.25,503.75,1749.34,2417.13,1318.82,1682.92,0.12,0.55,0.3,0.15,38152.399999999994,7168.21,0.18788359316845077,0.040000000000000036,0.8500000000000001,1036,0.8931034482758621,0.5710680776275701,10.857548387096775,3735.95,1206.4,32.88999999999999,6.1794913793103445,0,Cluster 0,57.81,Moderate Potential,Rebalance Channels,83.33,66.35,69.35,0.0,43.47,-2.3110738413167007,0.08554917549700446,1
25560,Mediterranean House,Kebabs/Mediterranean,QSR,South Auckland,1.05,32.09,530,39,270,147,74,1251.51,8664.3,4717.23,2374.66,0.218899107780308,0.449125871900469,0.31,17,5.02,371.48,415.47,190.4,103.66,416.85,0.08,0.55,0.3,0.15,17007.699999999997,1126.38,0.06622764982919503,0.050000000000000044,0.8500000000000001,491,0.9264150943396227,0.668024979680777,5.633108108108108,294.06,556.5,32.089999999999996,2.125245283018868,0,Cluster 0,50.48,Moderate Potential,Rebalance Channels,100.0,44.49,44.39,0.0,36.53,-2.0591882236084857,-1.0336891664465837,1
26329,Ottoman Grill,Kebabs/Mediterranean,QSR,West Auckland,1.04,34.47,1703,209,822,448,224,7204.23,28334.34,15442.56,7721.28,0.262141120154411,0.415714754699729,0.28,13,3.84,860.16,2320.8,1194.13,650.81,1627.2,0.14,0.55,0.3,0.15,58702.409999999996,5792.94,0.09868317161084188,0.040000000000000036,0.8500000000000001,1494,0.8772753963593658,0.67785587485414,7.264285714285714,1844.94,1771.1200000000001,34.47,3.401608925425719,0,Cluster 0,53.34,Moderate Potential,Rebalance Channels,83.33,50.58,49.55,0.0,66.33,-1.2809903961732,-1.0153887810627829,1
25065,Souvlaki Tavern,Kebabs/Mediterranean,Full-service,South Auckland,1.05,41.52,641,140,276,150,75,5812.8,11459.52,6228.0,3114.0,0.384166609868407,0.464036545413546,0.29,5,1.48,111.0,882.36,-1583.74,-860.73,361.7,0.28,0.55,0.3,0.15,26614.32,-1200.41,-0.045103913983148926,0.050000000000000044,0.8500000000000001,501,0.781591263650546,0.848203155281953,4.822666666666667,-2444.4700000000003,673.0500000000001,41.519999999999996,-1.8727145085803434,1,Cluster 1,25.19,Low Potential,Optimize,100.0,24.09,36.64,0.0,12.29,-0.29197761641420433,-2.595888542094828,0
25279,Spice Kitchen,Kebabs/Mediterranean,QSR,North Shore,1.03,33.8,613,70,299,163,81,2366.0,10106.2,5509.4,2737.8,0.262751853913069,0.429612299380824,0.3,9,2.66,215.46,727.87,77.17,42.07,626.79,0.13,0.55,0.3,0.15,20719.399999999998,1473.9,0.07113622981360465,0.030000000000000027,0.8500000000000001,543,0.8858075040783034,0.692364153293893,7.738148148148148,119.24000000000001,631.39,33.8,2.404404567699837,0,Cluster 0,41.89,Moderate Potential,Rebalance Channels,66.67,45.53,53.99,0.0,20.28,-1.7697595263734638,-1.1348673390660073,1
25469,Mediterranean Diner,Kebabs/Mediterranean,QSR,West Auckland,1.04,32.62,735,66,368,201,100,2152.92,12004.16,6556.62,3262.0,0.247296022735536,0.392234466527589,0.31,13,3.84,384.0,776.06,605.84,330.91,791.85,0.1,0.55,0.3,0.15,23975.7,2504.6600000000003,0.10446660577167717,0.040000000000000036,0.8500000000000001,669,0.9102040816326531,0.639530489263125,7.9185,936.75,764.4,32.62,3.4077006802721095,0,Cluster 0,49.85,Moderate Potential,Rebalance Channels,83.33,51.37,55.46,0.0,33.9,-2.1000557893062,-0.7101484888530131,1
26670,Spice House,Kebabs/Mediterranean,QSR,West Auckland,1.04,32.25,872,79,436,238,119,2547.75,14061.0,7675.5,3837.75,0.239035085570067,0.432449588412419,0.33,5,1.48,176.12,836.97,-20.88,-11.4,1084.64,0.1,0.55,0.3,0.15,28122.0,1889.3300000000002,0.0671833440011379,0.040000000000000036,0.8500000000000001,793,0.9094036697247706,0.671484673982486,9.114621848739496,-32.28,906.88,32.25,2.1666628440366975,0,Cluster 0,47.75,Moderate Potential,Rebalance Channels,83.33,44.67,63.88,0.0,19.82,-1.8482484089546172,-0.9577581239126788,1
25471,Ottoman House,Kebabs/Mediterranean,QSR,North Shore,1.03,31.09,987,89,494,269,135,2767.01,15358.46,8363.21,4197.15,0.203626888114959,0.438051883736625,0.28,8,2.36,318.6,991.48,1202.89,655.02,1185.33,0.1,0.55,0.3,0.15,30685.83,4034.72,0.13148479281805314,0.030000000000000027,0.8500000000000001,898,0.9098277608915907,0.641678771851584,8.780222222222221,1857.91,1016.61,31.090000000000003,4.087862208713273,0,Cluster 0,47.9,Moderate Potential,Rebalance Channels,66.67,55.93,63.5,0.0,30.36,-2.0534383872225326,-0.5274346795732884,1
25433,Mediterranean Tavern,Kebabs/Mediterranean,Cafe,CBD,0.99,43.23,1091,108,541,295,147,4668.84,23387.43,12752.85,6354.81,0.23483701614663,0.434873548895121,0.31,8,2.36,346.92,1542.07,474.52,258.75,1752.01,0.11,0.55,0.3,0.15,47163.93,4027.3500000000004,0.08539046682496561,-0.010000000000000009,0.8500000000000001,983,0.9010082493125573,0.669710565041751,11.91843537414966,733.27,1080.09,43.23,3.6914298808432635,0,Cluster 0,28.99,Low Potential,Rebalance Channels,0.0,49.18,59.18,0.0,32.4,-1.77859918813561,-0.847671866446704,1
25447,Souvlaki Tavern,Kebabs/Mediterranean,Full-service,North Shore,1.03,37.88,1683,303,759,414,207,11477.64,28750.92,15682.32,7841.16,0.367748347355518,0.525368609069847,0.33,18,5.31,1099.17,1226.77,-6414.82,-3498.99,-261.08,0.22,0.55,0.3,0.15,63752.03999999999,-8948.119999999999,-0.1403581752050601,0.030000000000000027,0.8500000000000001,1380,0.8199643493761141,0.8931169564253649,-1.2612560386473428,-9913.81,1733.49,37.879999999999995,-5.316767676767676,1,Cluster 1,16.45,Low Potential,Optimize,66.67,6.61,8.06,0.0,76.79,0.5159525923543149,-3.5309361394283565,0
25811,Greek Grill,Kebabs/Mediterranean,QSR,West Auckland,1.04,44.79,827,88,406,222,111,3941.52,18184.74,9943.38,4971.69,0.2520226345025,0.415092546655796,0.33,5,1.48,164.28,1312.07,52.46,28.68,1490.72,0.12,0.55,0.3,0.15,37041.33,2883.9300000000003,0.07785708558520982,0.040000000000000036,0.8500000000000001,739,0.8935912938331319,0.667115181158296,13.42990990990991,81.14,860.08,44.79,3.487218863361548,0,Cluster 0,48.47,Moderate Potential,Rebalance Channels,83.33,47.89,64.56,0.0,18.31,-1.8965200650630085,-0.745804703584403,1
25638,Souvlaki Bistro,Kebabs/Mediterranean,Full-service,South Auckland,1.05,41.18,1305,244,584,318,159,10047.92,24049.12,13095.24,6547.62,0.385848688555416,0.517105757305399,0.31,9,2.66,422.94,975.11,-5121.37,-2788.69,212.48,0.23,0.55,0.3,0.15,53739.9,-6722.470000000001,-0.12509271509623204,0.050000000000000044,0.8500000000000001,1061,0.8130268199233717,0.902954445860815,1.3363522012578615,-7910.0599999999995,1370.25,41.18,-5.151318007662836,1,Cluster 1,23.14,Low Potential,Optimize,100.0,8.89,21.53,0.0,44.08,0.3038114525042508,-3.322089796177854,0
26193,Greek Tavern,Kebabs/Mediterranean,Cafe,North Shore,1.03,44.29,1048,95,524,286,143,4207.55,23207.96,12666.94,6333.47,0.250680610146374,0.44484563623555,0.33,17,5.02,717.86,1281.09,-592.41,-323.34,1210.52,0.1,0.55,0.3,0.15,46415.92,1575.86,0.03395085134583134,0.030000000000000027,0.8500000000000001,953,0.9093511450381679,0.6955262463819241,8.465174825174826,-915.75,1079.44,44.29,1.5036832061068701,0,Cluster 0,42.53,Moderate Potential,Rebalance Channels,66.67,39.3,40.15,0.0,53.38,-1.5707385328703354,-1.2827435965575804,1
26420,Souvlaki Kitchen,Kebabs/Mediterranean,Cafe,North Shore,1.03,33.61,714,76,351,191,96,2554.36,11797.11,6419.51,3226.56,0.278361918777227,0.36048933903221,0.28,10,2.95,283.2,922.5,957.32,520.94,882.07,0.12,0.55,0.3,0.15,23997.540000000005,3282.8300000000004,0.13679860519036532,0.030000000000000027,0.8500000000000001,638,0.8935574229691877,0.638851257809437,9.188229166666668,1478.2600000000002,735.4200000000001,33.61000000000001,4.59780112044818,0,Cluster 0,47.01,Moderate Potential,Rebalance Channels,66.67,57.33,60.6,0.0,25.96,-2.1235714874413705,-0.5602326439047909,1
25384,Spice Grill,Kebabs/Mediterranean,Full-service,West Auckland,1.04,40.74,1142,228,503,274,137,9288.72,20492.22,11162.76,5581.38,0.352449277031701,0.531841292907484,0.28,16,4.72,646.64,1074.79,-3366.68,-1833.94,-0.82,0.25,0.55,0.3,0.15,46525.08,-4126.65,-0.08869732196054256,0.040000000000000036,0.8500000000000001,914,0.8003502626970228,0.884290569939185,-0.005985401459854014,-5200.62,1187.68,40.74,-3.613528896672504,1,Cluster 1,20.53,Low Potential,Optimize,83.33,15.87,12.76,0.0,54.53,0.15972033047031386,-3.1363024840183096,0
25506,Mediterranean Tavern,Kebabs/Mediterranean,QSR,North Shore,1.03,35.5,1534,200,734,400,200,7100.0,26057.0,14200.0,7100.0,0.257337637785822,0.367578424094245,0.32,16,4.72,944.0,2663.1,1435.32,782.19,1719.1,0.15,0.55,0.3,0.15,54457.0,6599.710000000001,0.12119121508713299,0.030000000000000027,0.8500000000000001,1334,0.8696219035202086,0.6249160618800671,8.5955,2217.51,1580.02,35.5,4.302288135593221,0,Cluster 0,51.0,Moderate Potential,Rebalance Channels,66.67,54.83,52.74,0.0,67.18,-1.594460575807353,-0.6648177909674714,1
26614,Spice Bistro,Kebabs/Mediterranean,Ghost Kitchen,South Auckland,1.05,46.63,479,13,256,140,70,606.19,11937.28,6528.2,3264.1,0.27543445203919,0.213018913206179,0.31,15,4.43,310.1,310.09,2405.92,1315.74,1359.64,0.03,0.55,0.3,0.15,22335.77,5391.39,0.24137918683797335,0.050000000000000044,0.8500000000000001,466,0.9728601252609603,0.488453365245369,19.423428571428573,3721.66,502.95000000000005,46.63,11.255511482254699,0,Cluster 0,64.71,High Potential,Rebalance Channels,100.0,80.41,75.41,0.0,30.14,-3.5012532877767497,0.9755189896534674,1
25695,Mediterranean Corner,Kebabs/Mediterranean,QSR,South Auckland,1.05,40.68,714,52,364,199,99,2115.36,14807.52,8095.32,4027.32,0.245256641600281,0.387817745283246,0.33,17,5.02,496.98,776.18,546.78,298.92,980.75,0.08,0.55,0.3,0.15,29045.52,2602.63,0.08960521278324506,0.050000000000000044,0.8500000000000001,662,0.927170868347339,0.6330743868835269,9.906565656565656,845.7,749.7,40.68,3.645140056022409,0,Cluster 0,53.79,Moderate Potential,Rebalance Channels,100.0,49.69,49.78,0.0,42.76,-2.198860527011452,-0.6583621941564443,1
26292,Souvlaki House,Kebabs/Mediterranean,Cafe,North Shore,1.03,33.25,955,86,478,261,130,2859.5,15893.5,8678.25,4322.5,0.224801994282752,0.420380583149381,0.32,12,3.54,460.2,1014.6,553.37,302.15,1073.5,0.1,0.55,0.3,0.15,31753.75,2943.62,0.0927014919497697,0.030000000000000027,0.8500000000000001,869,0.9099476439790576,0.6451825774321329,8.257692307692308,855.52,983.65,33.25,3.0823246073298427,0,Cluster 0,46.05,Moderate Potential,Rebalance Channels,66.67,49.35,56.29,0.0,38.63,-1.9481244951832055,-0.7794154959319585,1
26641,Greek Eatery,Kebabs/Mediterranean,QSR,North Shore,1.03,35.78,1539,165,756,412,206,5903.7,27049.68,14741.36,7370.68,0.253460129015148,0.411339162755758,0.29,15,4.43,912.58,1978.92,1222.66,666.32,1558.08,0.12,0.55,0.3,0.15,55065.42,5425.98,0.098536976563513,0.030000000000000027,0.8500000000000001,1374,0.8927875243664717,0.664799291770906,7.563495145631068,1888.98,1585.17,35.78,3.525653021442495,0,Cluster 0,48.75,Moderate Potential,Rebalance Channels,66.67,50.73,48.23,0.0,65.01,-1.4919281270027185,-0.9371162608479955,1
25611,Souvlaki Corner,Kebabs/Mediterranean,Full-service,West Auckland,1.04,35.8,771,144,345,188,94,5155.2,12351.0,6730.4,3365.2,0.378435775113758,0.509364750841632,0.29,16,4.72,443.68,578.41,-2196.01,-1196.67,-66.11,0.23,0.55,0.3,0.15,27601.8,-2880.3800000000006,-0.10435478845582537,0.040000000000000036,0.8500000000000001,627,0.8132295719844358,0.88780052595539,-0.7032978723404255,-3392.6800000000003,801.84,35.8,-3.735901426718548,1,Cluster 1,17.99,Low Potential,Optimize,83.33,13.59,12.21,0.0,42.1,-0.023459963467028354,-3.2863543754866846,0
26338,Greek Diner,Kebabs/Mediterranean,Full-service,CBD,0.99,34.18,1498,309,654,357,178,10561.62,22353.72,12202.26,6084.04,0.360528337280266,0.53881488875486,0.3,14,4.13,735.14,1063.1,-4456.06,-2432.44,-122.74,0.26,0.55,0.3,0.15,51201.64000000001,-5948.14,-0.1161708882762349,-0.010000000000000009,0.8500000000000001,1189,0.7937249666221629,0.8993432260351261,-0.6895505617977528,-6888.5,1483.02,34.18000000000001,-3.9707209612817094,1,Cluster 1,0.0,Low Potential,Optimize,0.0,11.68,13.77,0.0,59.38,0.5412053679442521,-3.5229229604681684,0
26415,Spice House,Kebabs/Mediterranean,QSR,CBD,0.99,36.99,1429,105,728,397,199,3883.95,26928.72,14685.03,7361.01,0.207761437240988,0.384028044389561,0.27,10,2.95,587.05,1585.47,3721.83,2029.63,2417.79,0.08,0.55,0.3,0.15,52858.71000000001,9754.720000000001,0.1845432852977305,-0.010000000000000009,0.8500000000000001,1324,0.9265220433869839,0.591789481630549,12.149698492462312,5751.46,1414.71,36.99,6.826256123163052,0,Cluster 0,37.44,Low Potential,Rebalance Channels,0.0,66.78,67.85,0.0,47.85,-2.2447132122132762,-0.02491075248481733,1
25716,Souvlaki Cafe,Kebabs/Mediterranean,Cafe,CBD,0.99,34.7,1218,100,615,335,168,3470.0,21340.5,11624.5,5829.6,0.254000046662986,0.421319737914018,0.28,11,3.25,546.0,1126.64,953.5,519.39,1346.76,0.09,0.55,0.3,0.15,42264.6,3946.29,0.09337104811118525,-0.010000000000000009,0.8500000000000001,1118,0.9178981937602627,0.675319784577004,8.016428571428571,1472.8899999999999,1205.82,34.699999999999996,3.239975369458128,0,Cluster 0,29.59,Low Potential,Rebalance Channels,0.0,49.65,53.28,0.0,43.45,-1.7218099556547641,-0.9984413722463584,1
25074,Souvlaki Diner,Kebabs/Mediterranean,QSR,South Auckland,1.05,42.51,1358,100,692,377,189,4251.0,29416.92,16026.27,8034.39,0.272697974964976,0.440672687697224,0.3,4,1.18,223.02,1218.46,-393.32,-214.28,2079.87,0.08,0.55,0.3,0.15,57728.58,2690.73,0.04661001535114843,0.050000000000000044,0.8500000000000001,1258,0.9263622974963182,0.7133706626622001,11.004603174603174,-607.6,1425.9,42.51,1.9813917525773197,0,Cluster 0,52.37,Moderate Potential,Rebalance Channels,100.0,41.65,59.12,0.0,34.21,-1.4956265572629246,-1.153650295831078,1
25692,Greek Grill,Kebabs/Mediterranean,Full-service,North Shore,1.03,38.68,1742,381,749,408,204,14737.08,28971.32,15781.44,7890.72,0.389718009717762,0.534242850425653,0.3,12,3.54,722.16,1120.59,-6488.44,-3534.42,-122.16,0.28,0.55,0.3,0.15,67380.56,-9024.43,-0.133932249895222,0.030000000000000027,0.8500000000000001,1361,0.7812858783008036,0.923960860143415,-0.5988235294117646,-10022.86,1794.26,38.68,-5.180499425947187,1,Cluster 1,15.96,Low Potential,Optimize,66.67,7.66,13.31,0.0,64.75,0.8568431227273275,-3.6505490419149895,0
25303,Ottoman Tavern,Kebabs/Mediterranean,Full-service,CBD,0.99,37.81,1046,159,488,266,133,6011.79,18451.28,10057.46,5028.73,0.370080332399812,0.466449171002023,0.3,6,1.77,235.41,982.75,-2519.14,-1373.14,586.64,0.18,0.55,0.3,0.15,39549.259999999995,-2322.89,-0.05873409515121143,-0.010000000000000009,0.8500000000000001,887,0.8479923518164436,0.836529503401835,4.410827067669173,-3892.2799999999997,1035.54,37.809999999999995,-2.220736137667304,1,Cluster 1,1.75,Low Potential,Optimize,0.0,21.78,36.8,0.0,26.3,-0.44516280676600056,-2.672537054353523,0
26569,Souvlaki Kitchen,Kebabs/Mediterranean,QSR,South Auckland,1.05,46.38,900,89,446,243,122,4127.82,20685.48,11270.34,5658.36,0.207854159921408,0.440306167863309,0.29,4,1.18,143.96,1452.33,1279.18,696.95,1846.88,0.11,0.55,0.3,0.15,41742.0,5275.34,0.1263796655646591,0.050000000000000044,0.8500000000000001,811,0.9011111111111111,0.648160327784717,15.138360655737706,1976.13,945.0,46.38,5.861488888888889,0,Cluster 0,56.05,Moderate Potential,Rebalance Channels,100.0,57.64,69.18,0.0,18.72,-2.1177424456108027,-0.3088236801650023,1
26693,Greek House,Kebabs/Mediterranean,QSR,South Auckland,1.05,36.8,1216,110,608,332,166,4048.0,22374.4,12217.6,6108.8,0.226574461422861,0.353757500462234,0.32,18,5.31,881.46,1698.82,2230.01,1217.7,1682.21,0.1,0.55,0.3,0.15,44748.8,6828.74,0.15260163401029747,0.050000000000000044,0.8500000000000001,1106,0.9095394736842105,0.580331961885095,10.133795180722892,3447.71,1276.8,36.800000000000004,5.6157401315789475,0,Cluster 0,60.77,High Potential,Rebalance Channels,100.0,60.84,56.27,0.0,62.07,-2.215886557760872,-0.16226641846157097,1
26435,Greek House,Kebabs/Mediterranean,Cafe,South Auckland,1.05,42.64,1467,108,747,408,204,4605.12,31852.08,17397.12,8698.56,0.209985647685826,0.44281000609044,0.33,4,1.18,240.72,1598.92,547.99,299.31,2779.46,0.08,0.55,0.3,0.15,62552.880000000005,5225.68,0.08354019830901471,0.050000000000000044,0.8500000000000001,1359,0.9263803680981595,0.652795653776266,13.624803921568628,847.3,1540.3500000000001,42.64,3.5621540558963876,0,Cluster 0,56.57,Moderate Potential,Rebalance Channels,100.0,48.76,68.46,0.0,37.9,-1.7992441718732772,-0.594744996059396,1
26032,Spice Eatery,Kebabs/Mediterranean,Cafe,North Shore,1.03,45.93,1535,164,754,411,206,7532.52,34631.22,18877.23,9461.58,0.213373685609549,0.426120710535906,0.29,9,2.66,547.96,2715.52,2441.7,1330.95,2862.99,0.12,0.55,0.3,0.15,70502.55,9351.16,0.13263576991186843,0.030000000000000027,0.8500000000000001,1371,0.8931596091205212,0.639494396145455,13.898009708737863,3772.6499999999996,1581.05,45.93,6.091960912052117,0,Cluster 0,51.42,Moderate Potential,Rebalance Channels,66.67,58.79,62.14,0.0,50.88,-1.7711014176260649,-0.3828390508351428,1
26692,Greek Cafe,Kebabs/Mediterranean,QSR,North Shore,1.03,32.39,1305,139,641,350,175,4502.21,20761.99,11336.5,5668.25,0.215522291325033,0.394629188580438,0.28,9,2.66,465.5,1755.18,2280.67,1245.3,1744.26,0.12,0.55,0.3,0.15,42268.95,7025.410000000001,0.166207346054255,0.030000000000000027,0.8500000000000001,1166,0.8934865900383142,0.610151479905471,9.9672,3525.9700000000003,1344.15,32.39,5.383455938697319,0,Cluster 0,52.07,Moderate Potential,Rebalance Channels,66.67,62.36,66.66,0.0,43.24,-2.0259106360917967,-0.23438327644942386,1
25188,Ottoman Eatery,Kebabs/Mediterranean,Cafe,CBD,0.99,39.88,1076,123,524,286,143,4905.24,20897.12,11405.68,5702.84,0.219640405401587,0.369246097211726,0.28,18,5.31,759.33,2016.61,2739.89,1495.44,1585.18,0.13,0.55,0.3,0.15,42910.880000000005,7837.120000000001,0.1826371307230241,-0.010000000000000009,0.8500000000000001,953,0.8856877323420075,0.588886502613313,11.085174825174825,4235.33,1065.24,39.88,7.283568773234202,0,Cluster 0,36.06,Low Potential,Rebalance Channels,0.0,67.14,54.95,0.0,55.26,-2.216555031153487,-0.12704706796295837,1
26431,Spice Corner,Kebabs/Mediterranean,Full-service,West Auckland,1.04,34.12,1357,197,638,348,174,6721.64,21768.56,11873.76,5936.88,0.385203610151075,0.470712219574489,0.3,8,2.36,410.64,968.48,-3394.06,-1851.31,444.77,0.17,0.55,0.3,0.15,46300.84,-3832.1199999999994,-0.08276566904617713,0.040000000000000036,0.8500000000000001,1160,0.8548268238761975,0.855915829725564,2.556149425287356,-5245.37,1411.28,34.12,-2.8239646278555632,1,Cluster 1,22.82,Low Potential,Optimize,83.33,17.73,30.48,0.0,43.07,-0.16087412096831916,-2.9109588991144646,0
25031,Spice Cafe,Kebabs/Mediterranean,Ghost Kitchen,West Auckland,1.04,34.63,488,31,251,137,69,1073.53,8692.13,4744.31,2389.47,0.259661736420821,0.349253115220927,0.27,18,5.31,366.39,419.84,1052.49,574.47,568.1,0.07,0.55,0.3,0.15,16899.440000000002,2614.9,0.15473293789616696,0.040000000000000036,0.8500000000000001,457,0.9364754098360656,0.608914851641748,8.233333333333334,1626.96,507.52000000000004,34.63,5.358401639344263,0,Cluster 0,51.99,Moderate Potential,Rebalance Channels,83.33,60.78,51.87,0.0,37.29,-2.5676863661524822,-0.31622743450139945,1
25675,Souvlaki House,Kebabs/Mediterranean,Cafe,CBD,0.99,32.2,980,120,473,258,129,3864.0,15230.6,8307.6,4153.8,0.27029560610652,0.429420872707851,0.27,6,1.77,228.33,1160.3,461.24,251.58,1018.99,0.14,0.55,0.3,0.15,31555.999999999996,2892.1099999999997,0.09165008239320573,-0.010000000000000009,0.8500000000000001,860,0.8775510204081632,0.699716478814371,7.899147286821705,712.82,970.2,32.199999999999996,2.951132653061224,0,Cluster 0,27.46,Low Potential,Rebalance Channels,0.0,49.03,57.89,0.0,24.19,-1.5588889305238487,-1.1520509356832345,1
25826,Ottoman Bistro,Kebabs/Mediterranean,QSR,CBD,0.99,38.14,570,70,275,150,75,2669.8,10488.5,5721.0,2860.5,0.250799133498222,0.372224805108272,0.29,9,2.66,199.5,1006.45,912.25,497.59,878.84,0.14,0.55,0.3,0.15,21739.8,3295.13,0.15157131160360263,-0.010000000000000009,0.8500000000000001,500,0.8771929824561403,0.623023938606494,11.717866666666668,1409.84,564.3,38.14,5.780929824561404,0,Cluster 0,30.88,Low Potential,Rebalance Channels,0.0,60.92,64.68,0.0,18.12,-2.2515970196569115,-0.37739621217101565,1
26516,Souvlaki House,Kebabs/Mediterranean,Cafe,CBD,0.99,36.82,1405,161,684,373,187,5928.02,25184.88,13733.86,6885.34,0.203489521797746,0.444077751017176,0.32,15,4.43,828.41,2089.23,816.81,445.43,1598.21,0.13,0.55,0.3,0.15,51732.100000000006,4949.68,0.09567908513282855,-0.010000000000000009,0.8500000000000001,1244,0.8854092526690391,0.647567272814922,8.546577540106952,1262.24,1390.95,36.82000000000001,3.5229039145907475,0,Cluster 0,31.58,Low Potential,Rebalance Channels,0.0,50.34,50.88,0.0,58.75,-1.6014001488584053,-0.860997946424095,1
26552,Ottoman Bistro,Kebabs/Mediterranean,QSR,CBD,0.99,38.09,574,47,290,158,79,1790.23,11046.1,6018.22,3009.11,0.248063210938126,0.365854865894653,0.27,5,1.48,116.92,691.18,1282.25,698.61,1044.84,0.09,0.55,0.3,0.15,21863.66,3716.88,0.17000264365618567,-0.010000000000000009,0.8500000000000001,527,0.9181184668989547,0.613918076832779,13.225822784810125,1980.8600000000001,568.26,38.089999999999996,6.475400696864112,0,Cluster 0,31.97,Low Potential,Rebalance Channels,0.0,64.34,72.76,0.0,8.91,-2.539638296789117,-0.13891931700160437,1
25718,Mediterranean Grill,Kebabs/Mediterranean,QSR,West Auckland,1.04,31.23,1671,205,806,440,220,6402.15,25171.38,13741.2,6870.6,0.200967224538326,0.431224536173977,0.31,6,1.77,389.4,2354.76,1455.11,794.35,2137.66,0.14,0.55,0.3,0.15,52185.329999999994,6741.88,0.1291910964249915,0.040000000000000036,0.8500000000000001,1466,0.8773189706762418,0.632191760712303,9.716636363636363,2249.46,1737.8400000000001,31.229999999999997,4.034637941352484,0,Cluster 0,55.72,Moderate Potential,Rebalance Channels,83.33,55.55,68.3,0.0,48.93,-1.5978444420220057,-0.5127698037883158,1
25568,Greek Corner,Kebabs/Mediterranean,Full-service,West Auckland,1.04,31.98,1032,172,473,258,129,5500.56,15126.54,8250.84,4125.42,0.356301359925419,0.467378633026965,0.29,10,2.95,380.55,969.86,-1719.58,-937.96,346.84,0.2,0.55,0.3,0.15,33003.36,-1340.84,-0.04062737854569959,0.040000000000000036,0.8500000000000001,860,0.8333333333333334,0.8236799929523839,2.6886821705426356,-2657.54,1073.28,31.98,-1.2992635658914728,1,Cluster 1,24.15,Low Potential,Optimize,83.33,25.47,32.11,0.0,36.85,-0.4384596391938754,-2.5721437839307013,0
25880,Spice Diner,Kebabs/Mediterranean,Full-service,West Auckland,1.04,35.91,1569,343,674,368,184,12317.13,24203.34,13214.88,6607.44,0.351554542139638,0.533320125006139,0.29,10,2.95,542.8,1418.01,-4232.55,-2310.95,217.88,0.28,0.55,0.3,0.15,56342.79,-4907.61,-0.08710271536074092,0.040000000000000036,0.8500000000000001,1226,0.781389420012747,0.884874667145777,1.1841304347826087,-6543.5,1631.76,35.910000000000004,-3.127858508604206,1,Cluster 1,22.78,Low Potential,Optimize,83.33,16.74,22.68,0.0,54.84,0.4836044618546284,-3.163248223205334,0
26250,Souvlaki Cafe,Kebabs/Mediterranean,Full-service,North Shore,1.03,46.15,1328,282,575,314,157,13014.3,26536.25,14491.1,7245.55,0.396782761567738,0.455687405145727,0.31,5,1.48,232.36,1920.0,-4311.35,-2354.37,836.57,0.27,0.55,0.3,0.15,61287.200000000004,-3909.15,-0.06378411805401454,0.030000000000000027,0.8500000000000001,1046,0.7876506024096386,0.852470166713465,5.328471337579618,-6665.72,1367.8400000000001,46.150000000000006,-2.943637048192771,1,Cluster 1,19.1,Low Potential,Optimize,66.67,20.13,35.99,0.0,34.67,0.07193238715148062,-2.7177510331746477,0
26047,Souvlaki Bistro,Kebabs/Mediterranean,Cafe,West Auckland,1.04,39.38,955,109,465,254,127,4292.42,18311.7,10002.52,5001.26,0.207481613606215,0.44197449288331,0.32,18,5.31,674.37,1504.68,559.31,305.52,1078.79,0.13,0.55,0.3,0.15,37607.9,3448.2999999999997,0.09169084155190797,0.040000000000000036,0.8500000000000001,846,0.8858638743455497,0.649456106489525,8.494409448818898,864.8299999999999,993.2,39.38,3.610785340314136,0,Cluster 0,50.38,Moderate Potential,Rebalance Channels,83.33,49.92,45.62,0.0,52.94,-1.8206980440493454,-0.7999950289545469,1
25360,Ottoman Kitchen,Kebabs/Mediterranean,Full-service,CBD,0.99,35.42,1344,251,601,328,164,8890.42,21287.42,11617.76,5808.88,0.356388753640931,0.497181930672377,0.27,11,3.25,533.0,1301.82,-2630.5,-1435.61,317.59,0.23,0.55,0.3,0.15,47604.479999999996,-2446.7,-0.051396423193783444,-0.010000000000000009,0.8500000000000001,1093,0.8132440476190477,0.853570684313308,1.9365243902439022,-4066.1099999999997,1330.56,35.419999999999995,-1.8204613095238094,1,Cluster 1,3.11,Low Potential,Optimize,0.0,23.31,25.81,0.0,47.47,-0.01779675812113286,-2.870334103098914,0
26295,Ottoman Diner,Kebabs/Mediterranean,Cafe,South Auckland,1.05,36.84,1234,151,596,325,162,5562.84,21956.64,11973.0,5968.08,0.246793070137501,0.430129933496937,0.28,15,4.43,717.66,1797.23,945.83,515.76,1210.49,0.14,0.55,0.3,0.15,45460.56,4469.3099999999995,0.09831181138111804,0.050000000000000044,0.8500000000000001,1083,0.8776337115072933,0.676923003634438,7.47216049382716,1461.5900000000001,1295.7,36.839999999999996,3.621807131280389,0,Cluster 0,55.33,Moderate Potential,Rebalance Channels,100.0,50.83,46.36,0.0,55.68,-1.5333090920299843,-0.9530369741993627,1
26319,Mediterranean Eatery,Kebabs/Mediterranean,Cafe,West Auckland,1.04,45.02,1223,150,590,322,161,6753.0,26561.8,14496.44,7248.22,0.215267715398222,0.423388046748005,0.31,13,3.84,618.24,2440.16,1363.8,744.31,2000.86,0.14,0.55,0.3,0.15,55059.46000000001,6549.13,0.11894649893042902,0.040000000000000036,0.8500000000000001,1073,0.8773507767784138,0.638655762146227,12.427701863354036,2108.1099999999997,1271.92,45.02,5.354971381847915,0,Cluster 0,53.48,Moderate Potential,Rebalance Channels,83.33,55.95,55.6,0.0,50.25,-1.804385833868456,-0.49966191561877227,1
25043,Spice Bistro,Kebabs/Mediterranean,Cafe,South Auckland,1.05,39.49,1499,160,736,402,201,6318.4,29064.64,15874.98,7937.49,0.276171390805393,0.366074593015946,0.28,12,3.54,711.54,2260.43,2259.89,1234.34,2128.13,0.12,0.55,0.3,0.15,59195.51,7882.79,0.13316533635743658,0.050000000000000044,0.8500000000000001,1339,0.8932621747831888,0.642245983821339,10.58771144278607,3494.2299999999996,1573.95,39.49,5.25869913275517,0,Cluster 0,59.43,Moderate Potential,Rebalance Channels,100.0,57.74,56.74,0.0,57.65,-1.7182931015211929,-0.5503490964068131,1
25558,Spice Cafe,Kebabs/Mediterranean,Cafe,North Shore,1.03,31.21,1210,139,589,321,161,4338.19,18382.69,10018.41,5024.81,0.260982005298138,0.377487498149276,0.33,12,3.54,569.94,1568.39,579.62,315.89,1246.68,0.13,0.55,0.3,0.15,37764.1,3710.58,0.09825681003916419,0.030000000000000027,0.8500000000000001,1071,0.8851239669421488,0.6384695034474139,7.743354037267081,895.51,1246.3,31.209999999999997,3.066595041322314,0,Cluster 0,47.71,Moderate Potential,Rebalance Channels,66.67,50.07,57.32,0.0,47.09,-1.7244866337821094,-0.8208870293202174,1
25475,Ottoman Eatery,Kebabs/Mediterranean,Full-service,South Auckland,1.05,32.63,556,96,253,138,69,3132.48,8255.39,4502.94,2251.47,0.357650327438023,0.46010667392984,0.29,13,3.84,264.96,570.87,-889.58,-485.22,145.35,0.21,0.55,0.3,0.15,18142.28,-658.58,-0.03630083980624266,0.050000000000000044,0.8500000000000001,460,0.8273381294964028,0.817757001367863,2.1065217391304345,-1374.8000000000002,583.8000000000001,32.629999999999995,-1.1844964028776979,1,Cluster 1,26.36,Low Potential,Optimize,100.0,26.21,27.99,0.0,28.08,-0.6707689294357901,-2.5222616621325646,0
25344,Spice Grill,Kebabs/Mediterranean,QSR,North Shore,1.03,31.78,992,121,479,261,131,3845.38,15222.62,8294.58,4163.18,0.259586884006858,0.444023559708148,0.28,6,1.77,231.87,1139.73,249.49,135.94,1002.05,0.14,0.55,0.3,0.15,31525.760000000002,2527.21,0.08016333309648997,0.030000000000000027,0.8500000000000001,871,0.8780241935483871,0.7036104437150059,7.649236641221374,385.43,1021.76,31.78,2.547590725806452,0,Cluster 0,43.74,Moderate Potential,Rebalance Channels,66.67,46.94,57.29,0.0,25.86,-1.5173143563523523,-1.1615530422124871,1
26112,Lucky Pizza Grill,Pizza,Full-service,South Auckland,1.05,38.94,1136,352,274,157,353,13706.88,10669.56,6113.58,13745.82,0.395483180938754,0.512464524642564,0.3,12,3.54,1249.62,1261.75,-2218.71,-1271.3,15.71,0.45,0.35,0.2,0.45,44235.84,-2212.55,-0.05001713542683942,0.050000000000000044,0.55,784,0.6901408450704225,0.907947705581318,0.0445042492917847,-3490.01,1192.8,38.94,-1.947667253521127,1,Cluster 1,40.79,Moderate Potential,Optimize,100.0,23.33,15.78,100.0,45.37,4.553785748376541,-0.019695300484052474,0
25380,Top Pizza Bistro,Pizza,Ghost Kitchen,West Auckland,1.04,44.93,1280,105,411,235,529,4717.65,18466.23,10558.55,23767.97,0.288379963859916,0.343913668871392,0.31,16,4.72,2496.88,1734.71,1065.62,609.3,6242.75,0.09,0.35,0.2,0.45,57510.399999999994,9652.380000000001,0.1678371216336524,0.040000000000000036,0.55,1175,0.91796875,0.632293632731308,11.801039697542533,1674.9199999999998,1331.2,44.92999999999999,7.540921875,0,Cluster 0,71.4,High Potential,Hold / Stabilize,83.33,65.49,51.6,100.0,59.16,1.5771671561506404,2.928438910257139,0
25774,Urban Pizza Grill,Pizza,Full-service,North Shore,1.03,36.86,1156,385,270,154,347,14191.1,9952.2,5676.44,12790.42,0.35236691699829,0.470903452159837,0.29,4,1.18,409.46,2507.99,-1127.29,-642.97,1850.99,0.5,0.35,0.2,0.45,42610.16,2588.72,0.06075358552983607,0.030000000000000027,0.55,771,0.666955017301038,0.8232703691581269,5.334265129682997,-1770.26,1190.68,36.86000000000001,2.239377162629758,1,Cluster 1,55.07,Moderate Potential,Hold / Stabilize,66.67,43.9,42.18,100.0,26.63,4.096964882654163,1.010991222079396,0
26463,King Pizza Bistro,Pizza,Full-service,South Auckland,1.05,43.67,1315,395,322,184,414,17249.65,14061.74,8035.28,18079.38,0.365248476399574,0.474028118723072,0.28,4,1.18,488.52,2772.42,-1677.24,-958.42,2417.26,0.43,0.35,0.2,0.45,57426.05,2554.0200000000004,0.04447493776779006,0.050000000000000044,0.55,920,0.6996197718631179,0.839276595122646,5.8387922705314015,-2635.66,1380.75,43.67,1.942220532319392,1,Cluster 1,63.18,High Potential,Hold / Stabilize,100.0,41.31,39.72,100.0,32.76,3.990206361251652,1.0104662876738675,0
25086,Urban Pizza Eatery,Pizza,Cafe,CBD,0.99,37.54,1551,481,374,214,482,18056.74,14039.96,8033.56,18094.28,0.221766426768154,0.386539075057954,0.31,5,1.48,713.36,7072.73,1146.99,656.3,6374.07,0.45,0.35,0.2,0.45,58224.54,15250.089999999998,0.2619185999580245,-0.010000000000000009,0.55,1070,0.6898774983881367,0.608305501826108,13.22421161825726,1803.29,1535.49,37.54,9.832424242424242,0,Cluster 0,56.05,Moderate Potential,Hold / Stabilize,0.0,81.26,73.62,100.0,40.08,2.7126900408186825,3.212606489578075,0
25882,Classic Pizza Grill,Pizza,Ghost Kitchen,West Auckland,1.04,42.19,1058,69,346,198,445,2911.11,14597.74,8353.62,18774.55,0.253875967266504,0.27200572937727,0.27,9,2.66,1183.7,1380.21,2979.67,1705.13,7717.66,0.07,0.35,0.2,0.45,44637.020000000004,13782.67,0.3087721805801552,0.040000000000000036,0.55,989,0.9347826086956522,0.525881696643774,17.34305617977528,4684.8,1100.32,42.190000000000005,13.027098298676748,0,Cluster 0,80.04,Very High Potential,Expand,83.33,91.89,79.65,100.0,35.39,0.5781168593304653,4.296745592518736,0
25780,Lucky Pizza Eatery,Pizza,Full-service,West Auckland,1.04,32.31,1698,602,384,219,493,19450.62,12407.04,7075.89,15928.83,0.37472741433885,0.536548694083467,0.31,12,3.54,1745.22,1725.73,-2745.38,-1565.73,-331.95,0.55,0.35,0.2,0.45,54862.380000000005,-2917.33,-0.053175418200960285,0.040000000000000036,0.55,1096,0.6454652532391049,0.9112761084223169,-0.6733265720081135,-4311.110000000001,1765.92,32.31,-1.7180977620730271,1,Cluster 1,39.27,Low Potential,Optimize,83.33,23.21,15.27,100.0,63.83,5.2650538914703775,-0.2517134834525587,0
25449,King Pizza Tavern,Pizza,Cafe,CBD,0.99,33.24,1773,469,456,261,587,15589.56,15157.44,8675.64,19511.88,0.212204296216369,0.350974699202925,0.32,9,2.66,1561.42,6809.85,1770.71,1013.5,6961.78,0.36,0.35,0.2,0.45,58934.520000000004,16555.84,0.28091923035938865,-0.010000000000000009,0.55,1304,0.7354765933446137,0.5631789954192941,11.859931856899488,2784.21,1755.27,33.24,9.33775521714608,0,Cluster 0,59.04,Moderate Potential,Hold / Stabilize,0.0,83.15,73.9,100.0,56.49,2.2948368564899977,3.512379689051769,0
25373,Top Pizza Tavern,Pizza,Full-service,CBD,0.99,37.38,1251,422,290,166,373,15774.36,10840.2,6205.08,13942.74,0.391263067803811,0.527080510440283,0.28,13,3.84,1432.32,1288.08,-2150.08,-1230.74,-293.81,0.51,0.35,0.2,0.45,46762.38,-2386.5499999999997,-0.051035682957112104,-0.010000000000000009,0.55,829,0.662669864108713,0.9183435782440941,-0.7876943699731903,-3380.8199999999997,1238.49,37.379999999999995,-1.9077138289368503,1,Cluster 1,15.68,Low Potential,Optimize,0.0,23.24,12.48,100.0,49.17,4.90145679744621,-0.25956408779842577,0
25038,King Pizza Grill,Pizza,QSR,West Auckland,1.04,37.49,578,100,167,96,215,3749.0,6260.83,3599.04,8060.35,0.274961324650794,0.424550715275109,0.32,15,4.43,952.45,1126.53,-122.16,-70.22,1469.59,0.21,0.35,0.2,0.45,21669.22,2403.74,0.11092877362452362,0.040000000000000036,0.55,478,0.8269896193771626,0.6995120399259029,6.835302325581395,-192.38,601.12,37.49,4.158719723183391,0,Cluster 0,62.72,High Potential,Hold / Stabilize,83.33,53.26,42.88,100.0,33.3,2.106825648488598,2.1521561240164524,0
25006,Lucky Pizza Cafe,Pizza,QSR,West Auckland,1.04,36.59,617,111,177,101,228,4061.49,6476.43,3695.59,8342.52,0.206805597655475,0.410740737128071,0.28,5,1.48,337.44,1553.33,663.53,378.63,2853.19,0.22,0.35,0.2,0.45,22576.03,5448.68,0.2413480138004778,0.040000000000000036,0.55,506,0.820097244732577,0.617546334783546,12.513991228070175,1042.1599999999999,641.6800000000001,36.589999999999996,8.830923824959482,0,Cluster 0,71.25,High Potential,Hold / Stabilize,83.33,77.13,72.2,100.0,11.28,1.4494305086847366,3.397692950027025,0
26142,Top Pizza Eatery,Pizza,Cafe,CBD,0.99,35.99,893,178,250,143,322,6406.22,8997.5,5146.57,11588.78,0.241009941715747,0.441597330896184,0.29,12,3.54,1139.88,2033.29,246.47,140.98,2538.31,0.25,0.35,0.2,0.45,32139.07,4959.049999999999,0.15429973549327966,-0.010000000000000009,0.55,715,0.8006718924972005,0.682607272611931,7.882950310559006,387.45,884.0699999999999,35.99,5.553247480403135,0,Cluster 0,45.66,Moderate Potential,Hold / Stabilize,0.0,60.98,50.52,100.0,35.42,2.235151501526971,2.378765480401268,0
25392,Urban Pizza Corner,Pizza,QSR,South Auckland,1.05,46.88,1499,270,430,246,553,12657.6,20158.4,11532.48,25924.64,0.279234420564026,0.354903346952051,0.3,5,1.48,818.44,4630.94,1327.68,759.55,8666.41,0.22,0.35,0.2,0.45,70273.12,15384.58,0.21892552942006846,0.050000000000000044,0.55,1229,0.8198799199466311,0.634137767516077,15.671627486437613,2087.23,1573.95,46.879999999999995,10.263228819212808,0,Cluster 0,79.14,High Potential,Hold / Stabilize,100.0,76.05,69.64,100.0,41.31,1.9984007032421052,3.2338341035685274,0
26564,Urban Pizza House,Pizza,QSR,CBD,0.99,35.24,1210,264,331,189,426,9303.36,11664.44,6660.36,15012.24,0.240514187514782,0.418890317482874,0.3,11,3.25,1384.5,3168.68,473.52,270.38,3728.6,0.28,0.35,0.2,0.45,42640.4,7641.18,0.179200476543372,-0.010000000000000009,0.55,946,0.7818181818181819,0.659404504997656,8.752582159624414,743.9,1197.9,35.24,6.31502479338843,0,Cluster 0,48.97,Moderate Potential,Hold / Stabilize,0.0,65.36,55.73,100.0,43.2,2.35458370987599,2.582470537247617,0
25025,Top Pizza Grill,Pizza,Full-service,North Shore,1.03,31.92,1930,510,497,284,639,16279.2,15864.24,9065.28,20396.88,0.390945377526805,0.534093063115142,0.3,12,3.54,2262.06,1220.31,-3570.06,-2040.04,-733.08,0.36,0.35,0.2,0.45,61605.600000000006,-5122.87,-0.08315591439739244,0.030000000000000027,0.55,1420,0.7357512953367875,0.9250384406419471,-1.147230046948357,-5610.1,1987.9,31.92,-2.654336787564767,1,Cluster 1,34.42,Low Potential,Optimize,66.67,17.91,13.15,100.0,70.99,4.811719565723431,-0.3491146120929917,0
25106,Urban Pizza Diner,Pizza,Ghost Kitchen,West Auckland,1.04,34.66,648,30,216,124,278,1039.8,7486.56,4297.84,9635.48,0.292292550276034,0.295013707689941,0.28,13,3.84,1067.52,429.12,993.42,570.3,2908.98,0.05,0.35,0.2,0.45,22459.68,4901.82,0.21824977025496353,0.040000000000000036,0.55,618,0.9537037037037037,0.587306257965975,10.463956834532373,1563.7199999999998,673.9200000000001,34.660000000000004,7.564537037037036,0,Cluster 0,71.26,High Potential,Hold / Stabilize,83.33,72.31,63.51,100.0,30.98,0.8266288282875174,3.3811467414166154,0
25139,Urban Pizza Grill,Pizza,Ghost Kitchen,South Auckland,1.05,32.66,744,35,248,142,319,1143.1,8099.68,4637.72,10418.54,0.251355279691052,0.216788948315661,0.32,15,4.43,1413.17,607.96,1715.96,982.53,4127.99,0.05,0.35,0.2,0.45,24299.04,7434.44,0.30595612007717177,0.050000000000000044,0.55,709,0.9529569892473119,0.46814422800671296,12.940407523510972,2698.49,781.2,32.660000000000004,9.99252688172043,0,Cluster 0,83.43,Very High Potential,Expand,100.0,87.41,78.54,100.0,39.1,0.17704590372003037,4.435016513491646,0
26257,Classic Pizza Eatery,Pizza,QSR,West Auckland,1.04,35.1,1333,275,370,212,476,9652.5,12987.0,7441.2,16707.6,0.269191359058023,0.41315082681831,0.31,8,2.36,1123.36,3066.19,99.45,56.98,4183.94,0.26,0.35,0.2,0.45,46788.3,7406.5599999999995,0.15829940391080674,0.040000000000000036,0.55,1058,0.7936984246061516,0.682342185876333,8.789789915966386,156.43,1386.32,35.1,5.556309077269317,0,Cluster 0,69.0,High Potential,Hold / Stabilize,83.33,61.52,57.23,100.0,42.27,2.4763864408420275,2.456641164874011,0
25369,Lucky Pizza Bistro,Pizza,Cafe,South Auckland,1.05,38.81,1624,355,444,254,571,13777.55,17231.64,9857.74,22160.51,0.213594257980585,0.397822910523973,0.33,10,2.95,1684.45,5353.72,1009.48,577.49,6926.74,0.28,0.35,0.2,0.45,63027.44,13867.43,0.22002210465790772,0.050000000000000044,0.55,1269,0.7814039408866995,0.611417168504558,12.130893169877409,1586.97,1705.2,38.81,8.539057881773399,0,Cluster 0,80.01,Very High Potential,Expand,100.0,73.87,64.83,100.0,57.21,2.234252300163507,3.192087660532409,0
26111,Urban Pizza Kitchen,Pizza,QSR,North Shore,1.03,42.32,1855,346,528,302,679,14642.72,22344.96,12780.64,28735.28,0.226639509219676,0.395567658729851,0.27,3,0.89,604.31,5531.91,2408.63,1377.66,10251.67,0.23,0.35,0.2,0.45,78503.6,19569.870000000003,0.24928627476956472,0.030000000000000027,0.55,1509,0.813477088948787,0.622207167949527,15.09818851251841,3786.29,1910.65,42.32,10.54979514824798,0,Cluster 0,73.89,High Potential,Hold / Stabilize,66.67,80.53,74.82,100.0,47.5,2.0957713490595333,3.407944685496025,0
25492,Lucky Pizza Tavern,Pizza,QSR,South Auckland,1.05,36.23,1746,303,505,289,649,10977.69,18296.15,10470.47,23513.27,0.259713232722133,0.429588017426431,0.32,7,2.07,1343.43,3410.75,-170.18,-97.39,5962.11,0.21,0.35,0.2,0.45,63257.58,9105.29,0.14393990411900046,0.050000000000000044,0.55,1443,0.8264604810996563,0.689301250148564,9.186610169491525,-267.57,1833.3000000000002,36.230000000000004,5.214942726231387,0,Cluster 0,74.49,High Potential,Hold / Stabilize,100.0,59.13,57.8,100.0,54.34,2.5520588971234672,2.4263482708090556,0
25682,Top Pizza House,Pizza,Full-service,North Shore,1.03,46.34,1569,543,359,205,462,25162.62,16636.06,9499.7,21409.08,0.373308735329192,0.462983097415417,0.28,15,4.43,2046.66,4119.33,-1934.64,-1104.74,1458.18,0.53,0.35,0.2,0.45,72707.46,2538.1299999999997,0.034908797529166875,0.030000000000000027,0.55,1026,0.6539196940726577,0.8362918327446089,3.1562337662337665,-3039.38,1616.07,46.34,1.6176736775015932,1,Cluster 1,55.82,Moderate Potential,Hold / Stabilize,66.67,39.58,21.79,100.0,66.01,4.549182154175258,0.7301274891907267,0
26103,King Pizza Bistro,Pizza,QSR,North Shore,1.03,39.15,1914,383,536,306,689,14994.45,20984.4,11979.9,26974.35,0.222852778360248,0.388389316829853,0.31,11,3.25,2239.25,5829.21,1652.69,943.51,8247.24,0.25,0.35,0.2,0.45,74933.1,16672.65,0.2225004704196143,0.030000000000000027,0.55,1531,0.7998955067920586,0.611242095190101,11.96986937590711,2596.2,1971.42,39.150000000000006,8.7108934169279,0,Cluster 0,73.13,High Potential,Hold / Stabilize,66.67,74.43,63.16,100.0,68.12,2.272460708073229,3.169817992336982,0
26574,Urban Pizza Tavern,Pizza,Cafe,West Auckland,1.04,44.39,2103,545,545,312,701,24192.55,24192.55,13849.68,31117.39,0.227275923360139,0.405208936799318,0.3,10,2.95,2067.95,8891.13,1633.36,935.06,9368.16,0.35,0.35,0.2,0.45,93352.17,20827.71,0.2231090075356577,0.040000000000000036,0.55,1558,0.7408464098906324,0.632484860159457,13.363994293865906,2568.42,2187.12,44.39,9.903808844507845,0,Cluster 0,78.09,High Potential,Hold / Stabilize,83.33,76.13,61.58,100.0,72.74,2.799935184676185,3.0560760871918258,0
25092,Top Pizza Grill,Pizza,Full-service,CBD,0.99,38.56,1452,392,371,212,477,15115.52,14305.76,8174.72,18393.12,0.368413513898849,0.490756772225723,0.3,12,3.54,1688.58,2128.71,-2277.05,-1301.17,901.72,0.37,0.35,0.2,0.45,55989.119999999995,-547.7900000000002,-0.009783865150943616,-0.010000000000000009,0.55,1060,0.7300275482093664,0.859170286124572,1.8903983228511532,-3578.2200000000003,1437.48,38.559999999999995,-0.3772658402203858,1,Cluster 1,20.37,Low Potential,Optimize,0.0,30.87,23.3,100.0,53.25,4.123612466059796,0.417664393659416,0
26346,King Pizza Diner,Pizza,Ghost Kitchen,South Auckland,1.05,34.82,1559,74,520,297,668,2576.68,18106.4,10341.54,23259.76,0.251541353319772,0.346690253505949,0.32,10,2.95,1970.6,1035.23,1480.53,845.61,7374.44,0.05,0.35,0.2,0.45,54284.380000000005,10735.81,0.19776978202569503,0.050000000000000044,0.55,1485,0.9525336754329699,0.598231606825721,11.039580838323353,2326.14,1636.95,34.82,6.886343810134702,0,Cluster 0,78.78,High Potential,Hold / Stabilize,100.0,68.64,66.86,100.0,55.01,1.3656670744056665,3.2735162192152005,0
25094,Urban Pizza Tavern,Pizza,Full-service,CBD,0.99,35.58,1372,457,320,183,412,16260.06,11385.6,6511.14,14658.96,0.392297586519271,0.478353368979879,0.31,11,3.25,1339.0,2103.22,-2056.82,-1176.24,557.12,0.5,0.35,0.2,0.45,48815.76,-572.7200000000004,-0.0117322766254177,-0.010000000000000009,0.55,915,0.6669096209912536,0.87065095549915,1.3522330097087378,-3233.0600000000004,1358.28,35.58,-0.4174344023323618,1,Cluster 1,19.53,Low Potential,Optimize,0.0,30.55,23.17,100.0,48.37,4.637040279105466,0.1847711477533316,0
25420,Lucky Pizza Corner,Pizza,QSR,South Auckland,1.05,38.11,1361,236,394,225,506,8993.96,15015.34,8574.75,19283.66,0.217586544938386,0.420943735772744,0.3,14,4.13,2089.78,3251.04,922.99,527.09,4880.68,0.21,0.35,0.2,0.45,51867.71,9581.8,0.18473535847254485,0.050000000000000044,0.55,1125,0.8265980896399706,0.63853028071113,9.645612648221345,1450.08,1429.05,38.11,7.040264511388684,0,Cluster 0,76.21,High Potential,Hold / Stabilize,100.0,67.09,53.97,100.0,57.65,2.0535927778448606,2.8903941628851384,0
26460,King Pizza Diner,Pizza,QSR,CBD,0.99,42.77,594,103,172,98,221,4405.31,7356.44,4191.46,9452.17,0.211001245379448,0.424304420920089,0.29,5,1.48,327.08,1606.59,549.48,313.08,3120.07,0.21,0.35,0.2,0.45,25405.379999999997,5589.219999999999,0.2200014327673902,-0.010000000000000009,0.55,491,0.8265993265993266,0.635305666299537,14.117963800904977,862.56,588.06,42.769999999999996,9.409461279461278,0,Cluster 0,49.08,Moderate Potential,Hold / Stabilize,0.0,75.04,69.46,100.0,9.55,1.5060976802846016,3.2088470526880735,0
25772,King Pizza Diner,Pizza,Full-service,West Auckland,1.04,44.69,1130,381,262,150,337,17026.89,11708.78,6703.5,15060.53,0.354959928162862,0.479285536636598,0.32,16,4.72,1590.64,2822.28,-1806.03,-1033.98,905.71,0.51,0.35,0.2,0.45,50499.7,887.9800000000002,0.01758386683485249,0.040000000000000036,0.55,749,0.6628318584070797,0.8342454647994599,2.687566765578635,-2840.01,1175.2,44.69,0.7858230088495577,1,Cluster 1,57.08,Moderate Potential,Hold / Stabilize,83.33,36.13,20.47,100.0,54.13,4.290496289366594,0.6920521171101156,0
25745,Lucky Pizza House,Pizza,Cafe,North Shore,1.03,38.54,2039,561,517,296,665,21620.94,19925.18,11407.84,25629.1,0.253008397165686,0.351952241081744,0.32,9,2.66,1768.9,8541.12,1495.17,856.04,8355.6,0.38,0.35,0.2,0.45,78583.06,19247.93,0.2449373949041944,0.030000000000000027,0.55,1478,0.7248651299656694,0.60496063824743,12.564812030075188,2351.21,2100.17,38.54,9.43988719960765,0,Cluster 0,74.91,High Potential,Hold / Stabilize,66.67,78.44,67.46,100.0,67.6,2.7464813238341748,3.1765108825142043,0
25786,King Pizza Corner,Pizza,Cafe,South Auckland,1.05,32.3,1390,312,377,216,485,10077.6,12177.1,6976.8,15665.5,0.224799485262483,0.363931142981164,0.3,6,1.77,858.45,4144.61,1354.94,776.3,5584.29,0.29,0.35,0.2,0.45,44897.0,11860.14,0.26416330712519764,0.050000000000000044,0.55,1078,0.7755395683453238,0.5887306282436471,11.514,2131.24,1459.5,32.3,8.532474820143884,0,Cluster 0,80.94,Very High Potential,Expand,100.0,79.8,75.0,100.0,39.96,1.9648933111066231,3.4863853311924737,0
25962,Urban Pizza Cafe,Pizza,Cafe,South Auckland,1.05,42.26,869,252,216,123,278,10649.52,9128.16,5197.98,11748.28,0.256736692748964,0.449217923730612,0.28,4,1.18,328.04,3131.44,128.21,73.01,3126.49,0.41,0.35,0.2,0.45,36723.94,6459.15,0.17588390570292836,0.050000000000000044,0.55,617,0.7100115074798619,0.705954616479576,11.246366906474819,201.22000000000003,912.45,42.260000000000005,7.432853855005753,0,Cluster 0,71.31,High Potential,Hold / Stabilize,100.0,66.43,60.27,100.0,17.67,2.792958143085322,2.48450767973216,0
26610,King Pizza Bistro,Pizza,Cafe,CBD,0.99,42.19,1103,309,278,159,357,13036.71,11728.82,6708.21,15061.83,0.241353793535382,0.448946317541413,0.31,3,0.89,317.73,4037.47,-3.52,-2.01,4346.92,0.39,0.35,0.2,0.45,46535.57,8378.86,0.18005280691737527,-0.010000000000000009,0.55,794,0.7198549410698096,0.690300111076795,12.17624649859944,-5.529999999999999,1091.97,42.19,7.596427923844062,0,Cluster 0,47.83,Moderate Potential,Hold / Stabilize,0.0,67.21,64.32,100.0,21.12,2.768368817852276,2.524940654024598,0
26491,Lucky Pizza Bistro,Pizza,QSR,South Auckland,1.05,42.76,1276,271,352,201,452,11587.96,15051.52,8594.76,19327.52,0.210227783732116,0.438780712056905,0.3,18,5.31,2400.12,4067.28,767.5,438.26,4383.68,0.27,0.35,0.2,0.45,54561.759999999995,9656.720000000001,0.1769869593649472,0.050000000000000044,0.55,1005,0.7876175548589341,0.649008495789021,9.69840707964602,1205.76,1339.8,42.76,7.567962382445142,0,Cluster 0,75.44,High Potential,Hold / Stabilize,100.0,66.76,45.68,100.0,64.1,2.2911193728316834,2.764206368831089,0
26505,Classic Pizza Cafe,Pizza,Full-service,South Auckland,1.05,40.96,1414,418,349,199,448,17121.28,14295.04,8151.04,18350.08,0.369314089196268,0.513505963794887,0.27,8,2.36,1057.28,2006.27,-2184.57,-1245.64,1092.98,0.42,0.35,0.2,0.45,57917.44,-330.96000000000026,-0.005714340965346539,0.050000000000000044,0.55,996,0.7043847241867044,0.882820052991155,2.4396875000000002,-3430.21,1484.7,40.96,-0.23405940594059424,1,Cluster 1,44.98,Moderate Potential,Optimize,100.0,31.61,26.33,100.0,45.44,4.336580448243493,0.4491254073142985,0
25292,Lucky Pizza Grill,Pizza,QSR,West Auckland,1.04,34.98,1162,217,331,189,425,7590.66,11578.38,6611.22,14866.5,0.236099762544036,0.438484684517607,0.28,18,5.31,2256.75,2470.12,525.84,300.25,2581.04,0.23,0.35,0.2,0.45,40646.76,5877.25,0.14459332059923102,0.040000000000000036,0.55,945,0.8132530120481928,0.674584447061643,6.073035294117647,826.09,1208.48,34.980000000000004,5.057874354561101,0,Cluster 0,67.91,High Potential,Hold / Stabilize,83.33,59.01,41.74,100.0,59.87,2.308898068861409,2.3715248912630873,0
25186,King Pizza Bistro,Pizza,Cafe,North Shore,1.03,44.93,1146,250,314,179,403,11232.5,14108.02,8042.47,18106.79,0.21141081430018,0.359518893412314,0.33,9,2.66,1071.98,4819.53,1397.69,796.77,6697.11,0.28,0.35,0.2,0.45,51489.78,13711.099999999999,0.2662877953644393,0.030000000000000027,0.55,896,0.7818499127399651,0.570929707712494,16.618138957816377,2194.46,1180.38,44.93,11.964310645724257,0,Cluster 0,73.09,High Potential,Hold / Stabilize,66.67,84.73,72.71,100.0,37.97,1.678567328052438,3.719133213799602,0
26114,King Pizza Eatery,Pizza,Cafe,South Auckland,1.05,40.25,942,228,250,143,321,9177.0,10062.5,5755.75,12920.25,0.275714058354497,0.384198272461072,0.32,11,3.25,1043.25,3120.98,202.13,115.62,3350.77,0.32,0.35,0.2,0.45,37915.5,6789.5,0.17906924608669278,0.050000000000000044,0.55,714,0.7579617834394905,0.659912330815569,10.438535825545172,317.75,989.1,40.25,7.207537154989384,0,Cluster 0,73.24,High Potential,Hold / Stabilize,100.0,66.55,55.66,100.0,36.47,2.346712799572575,2.678843314435353,0
25876,Classic Pizza Diner,Pizza,Full-service,West Auckland,1.04,40.51,1837,612,429,245,551,24792.12,17378.79,9924.95,22321.01,0.376616796280723,0.496469203196466,0.28,9,2.66,1465.66,3146.47,-2660.45,-1519.37,1367.19,0.5,0.35,0.2,0.45,74416.87,333.84000000000015,0.004486079567710926,0.040000000000000036,0.55,1225,0.6668481219379423,0.8730859994771889,2.4812885662431943,-4179.82,1910.48,40.51,0.1817310832879696,1,Cluster 1,58.67,Moderate Potential,Hold / Stabilize,83.33,33.55,26.13,100.0,61.49,4.799557838582225,0.41525820839002436,0
25390,Classic Pizza Diner,Pizza,QSR,West Auckland,1.04,34.08,958,209,262,150,337,7122.72,8928.96,5112.0,11484.96,0.251370042897761,0.351589107490145,0.31,13,3.84,1294.08,2828.01,777.18,444.95,3265.92,0.28,0.35,0.2,0.45,32648.64,7316.0599999999995,0.22408467856547776,0.040000000000000036,0.55,749,0.7818371607515657,0.6029591503879059,9.691157270029674,1222.1299999999999,996.32,34.08,7.636805845511482,0,Cluster 0,72.56,High Potential,Hold / Stabilize,83.33,73.2,61.1,100.0,41.37,1.8923624418627418,3.136436687179415,0
25244,Urban Pizza Cafe,Pizza,Full-service,North Shore,1.03,35.17,761,221,189,108,243,7772.57,6647.13,3798.36,8546.31,0.38773919926025,0.496896873624064,0.28,9,2.66,646.38,896.67,-1094.36,-625.35,339.56,0.41,0.35,0.2,0.45,26764.370000000003,-483.47999999999996,-0.018064314609310808,0.030000000000000027,0.55,540,0.709592641261498,0.884636072884314,1.397366255144033,-1719.71,783.83,35.17,-0.6353219448094611,1,Cluster 1,32.67,Low Potential,Optimize,66.67,29.4,24.35,100.0,25.19,4.041338368760073,0.28071407260345693,0
26149,Classic Pizza Bistro,Pizza,Cafe,West Auckland,1.04,39.35,1881,575,457,261,588,22626.25,17982.95,10270.35,23137.8,0.249205620121211,0.392973104561679,0.32,13,3.84,2257.92,8096.15,680.14,388.44,6021.28,0.44,0.35,0.2,0.45,74017.34999999999,15186.009999999998,0.20516824771489386,0.040000000000000036,0.55,1306,0.6943115364167995,0.6421787246828901,10.240272108843538,1068.58,1956.24,39.349999999999994,8.073370547581073,0,Cluster 0,75.5,High Potential,Hold / Stabilize,83.33,71.24,55.05,100.0,72.3,3.15036785199549,2.719112309207999,0
25448,Urban Pizza Tavern,Pizza,QSR,West Auckland,1.04,44.34,754,160,208,119,267,7094.4,9222.72,5276.46,11838.78,0.203992223143578,0.406685894890688,0.28,4,1.18,315.06,2762.01,1008.25,576.83,4294.04,0.27,0.35,0.2,0.45,33432.36,8641.130000000001,0.25846604906144827,0.040000000000000036,0.55,594,0.7877984084880637,0.610678118034266,16.0825468164794,1585.08,784.1600000000001,44.34,11.460384615384617,0,Cluster 0,73.6,High Potential,Hold / Stabilize,83.33,82.99,74.95,100.0,13.53,1.594788769378767,3.5843241694280445,0
25032,Urban Pizza House,Pizza,Ghost Kitchen,South Auckland,1.05,41.06,949,45,316,181,407,1847.7,12974.96,7431.86,16711.42,0.282779273379128,0.280021977855358,0.32,12,3.54,1440.78,807.81,1520.65,871.0,5865.43,0.05,0.35,0.2,0.45,38965.94,9064.89,0.23263624591117266,0.050000000000000044,0.55,904,0.9525816649104321,0.562801251234486,14.411375921375923,2391.65,996.45,41.06,9.55204425711275,0,Cluster 0,78.89,High Potential,Hold / Stabilize,100.0,76.94,68.98,100.0,39.04,0.8099098221595146,3.6847596501181776,0
25045,King Pizza Diner,Pizza,QSR,South Auckland,1.05,46.66,1516,322,418,239,537,15024.52,19503.88,11151.74,25056.42,0.210184778869152,0.444766892120242,0.32,8,2.36,1267.32,5184.19,488.54,279.33,7378.36,0.27,0.35,0.2,0.45,70736.56,13330.419999999998,0.18845162953923683,0.050000000000000044,0.55,1194,0.787598944591029,0.654951670989394,13.73996275605214,767.87,1591.8,46.66,8.79315303430079,0,Cluster 0,77.11,High Potential,Hold / Stabilize,100.0,69.96,61.45,100.0,48.89,2.349458989282086,2.9568140343805505,0
26259,Classic Pizza House,Pizza,Ghost Kitchen,South Auckland,1.05,45.51,551,36,180,103,232,1638.36,8191.8,4687.53,10558.32,0.264104922662955,0.221715733525343,0.28,10,2.95,684.4,842.41,1918.35,1097.72,4744.47,0.07,0.35,0.2,0.45,25076.01,8602.95,0.34307491502834786,0.050000000000000044,0.55,515,0.9346642468239564,0.48582065618829795,20.450301724137933,3016.0699999999997,578.5500000000001,45.51,15.61333938294011,0,Cluster 0,84.97,Very High Potential,Expand,100.0,100.0,84.19,100.0,20.91,0.059073532014967685,4.735677297824406,0
25411,Top Pizza Cafe,Pizza,QSR,CBD,0.99,33.7,921,190,256,146,329,6403.0,8627.2,4920.2,11087.3,0.213650381229818,0.382427730807103,0.32,14,4.13,1358.77,2586.31,724.01,412.91,3119.63,0.26,0.35,0.2,0.45,31037.7,6842.86,0.22046930023809752,-0.010000000000000009,0.55,731,0.7937024972855592,0.596078112036921,9.482158054711247,1136.92,911.79,33.7,7.429815418023887,0,Cluster 0,51.36,Moderate Potential,Hold / Stabilize,0.0,72.43,60.52,100.0,40.98,1.7829506087700138,3.1166162104430795,0
25156,Urban Pizza Corner,Pizza,Cafe,CBD,0.99,31.97,796,219,202,115,260,7001.43,6457.94,3676.55,8312.2,0.26826592143625,0.427995915315114,0.31,10,2.95,767.0,2126.6,-40.44,-23.02,1757.73,0.38,0.35,0.2,0.45,25448.12,3820.87,0.15014350765400353,-0.010000000000000009,0.55,577,0.7248743718592965,0.696261836751364,6.7605,-63.459999999999994,788.04,31.97,4.800087939698492,0,Cluster 0,44.35,Moderate Potential,Hold / Stabilize,0.0,59.4,51.75,100.0,27.66,2.756926539587754,2.1192716765293658,0
25521,Urban Pizza Bistro,Pizza,QSR,South Auckland,1.05,39.54,1492,278,425,243,546,10992.12,16804.5,9608.22,21588.84,0.207473446819931,0.400803267979063,0.33,5,1.48,808.08,4305.87,1037.23,593.05,7648.77,0.23,0.35,0.2,0.45,58993.68000000001,13584.920000000002,0.23027754837467335,0.050000000000000044,0.55,1214,0.8136729222520107,0.608276714798994,14.008736263736264,1630.28,1566.6000000000001,39.540000000000006,9.105174262734586,0,Cluster 0,79.89,High Potential,Hold / Stabilize,100.0,76.01,73.63,100.0,41.08,1.9139015419485415,3.390432378337077,0
26007,Classic Pizza Tavern,Pizza,Full-service,North Shore,1.03,34.82,2201,672,535,306,688,23399.04,18628.7,10654.92,23956.16,0.353792431158945,0.525969896628521,0.31,18,5.31,3653.28,2813.45,-3535.03,-2021.9,-772.85,0.44,0.35,0.2,0.45,76638.82,-3516.3300000000004,-0.04588183899491146,0.030000000000000027,0.55,1529,0.6946842344388914,0.879762327787466,-1.123328488372093,-5556.93,2267.03,34.82,-1.597605633802817,1,Cluster 1,38.88,Low Potential,Optimize,66.67,24.36,10.12,100.0,93.98,4.976876196100009,-0.01672123550100299,0
26061,Lucky Pizza Cafe,Pizza,Full-service,North Shore,1.03,44.18,614,172,155,88,199,7598.96,6847.9,3887.84,8791.82,0.355922215222381,0.542598887695931,0.32,11,3.25,646.75,771.13,-1496.41,-849.58,245.43,0.39,0.35,0.2,0.45,27126.52,-1329.43,-0.04900849795698085,0.030000000000000027,0.55,442,0.7198697068403909,0.898521102918312,1.233316582914573,-2345.9900000000002,632.4200000000001,44.18,-2.165195439739414,1,Cluster 1,29.98,Low Potential,Optimize,66.67,23.17,18.88,100.0,24.98,3.9837712947212003,0.20331674091244525,0
25052,Top Pizza Corner,Pizza,Cafe,North Shore,1.03,38.47,1560,350,424,242,544,13464.5,16311.28,9309.74,20927.68,0.262573087029159,0.402647344418801,0.28,18,5.31,2888.64,4507.64,893.52,509.98,4117.52,0.29,0.35,0.2,0.45,60013.2,10028.66,0.16710756966800638,0.030000000000000027,0.55,1210,0.7756410256410257,0.66522043144796,7.568970588235295,1403.5,1606.8,38.47,6.428628205128205,0,Cluster 0,67.18,High Potential,Hold / Stabilize,66.67,63.89,43.19,100.0,72.71,2.6399252070350334,2.4598755749265075,0
25134,Classic Pizza Diner,Pizza,Full-service,CBD,0.99,36.51,789,229,196,112,252,8360.79,7155.96,4089.12,9200.52,0.388490514829755,0.496481690066867,0.29,13,3.84,967.68,961.72,-1252.09,-715.48,90.64,0.41,0.35,0.2,0.45,28806.39,-915.2099999999999,-0.03177107579255852,-0.010000000000000009,0.55,560,0.7097591888466414,0.884972204896622,0.35968253968253966,-1967.57,781.11,36.51,-1.1599619771863117,1,Cluster 1,15.4,Low Potential,Optimize,0.0,26.85,17.63,100.0,34.43,4.109830899870478,0.11249851301322669,0
25500,Classic Pizza House,Pizza,Full-service,North Shore,1.03,40.3,655,206,157,90,202,8301.8,6327.1,3627.0,8140.6,0.389053661760408,0.484122679312713,0.32,17,5.02,1014.04,1052.86,-1222.25,-700.65,18.38,0.46,0.35,0.2,0.45,26396.5,-851.6600000000001,-0.03226412592578562,0.030000000000000027,0.55,449,0.6854961832061068,0.873176341073121,0.09099009900990099,-1922.9,674.65,40.3,-1.3002442748091605,1,Cluster 1,31.92,Low Potential,Optimize,66.67,26.59,12.77,100.0,40.34,4.176576900852276,0.19125904568509786,0
25002,Top Pizza Bistro,Pizza,Full-service,South Auckland,1.05,44.02,1092,317,271,155,349,13954.34,11929.42,6823.1,15362.98,0.38263408173807,0.492995391390286,0.32,13,3.84,1340.16,1735.51,-2333.75,-1334.8,570.54,0.41,0.35,0.2,0.45,48069.84,-1362.5,-0.028344175890745633,0.050000000000000044,0.55,775,0.7097069597069597,0.875629473128356,1.6347851002865328,-3668.55,1146.6000000000001,44.019999999999996,-1.2477106227106227,1,Cluster 1,42.54,Moderate Potential,Optimize,100.0,27.19,19.07,100.0,46.21,4.174862045506636,0.35890667059114423,0
25137,Classic Pizza Diner,Pizza,Full-service,CBD,0.99,36.9,1554,474,378,216,486,17490.6,13948.2,7970.4,17933.4,0.396293201216031,0.549098631180823,0.31,9,2.66,1292.76,955.13,-3562.26,-2035.58,-313.45,0.44,0.35,0.2,0.45,57342.6,-4956.16,-0.08643068155263277,-0.010000000000000009,0.55,1080,0.694980694980695,0.945391832396854,-0.6449588477366255,-5597.84,1538.46,36.9,-3.1892921492921493,1,Cluster 1,14.61,Low Potential,Optimize,0.0,16.75,14.99,100.0,49.5,4.981900934326614,-0.4894970637085361,0
25569,King Pizza House,Pizza,Cafe,West Auckland,1.04,40.68,1638,378,441,252,567,15377.04,17939.88,10251.36,23065.56,0.254423635620624,0.409830391569994,0.29,9,2.66,1508.22,5162.78,820.68,468.96,6235.95,0.3,0.35,0.2,0.45,66633.84,12688.369999999999,0.19041931246945995,0.040000000000000036,0.55,1260,0.7692307692307693,0.664254027190618,10.998148148148148,1289.6399999999999,1703.52,40.68,7.746257631257631,0,Cluster 0,72.92,High Potential,Hold / Stabilize,83.33,68.81,58.32,100.0,54.82,2.603647188226644,2.7343884774127067,0
26190,Top Pizza Eatery,Pizza,Cafe,North Shore,1.03,41.48,633,153,168,96,216,6346.44,6968.64,3982.08,8959.68,0.27351445902139,0.38731206075754,0.29,6,1.77,382.32,2152.54,342.67,195.81,2656.57,0.32,0.35,0.2,0.45,26256.84,5347.59,0.20366464509819157,0.030000000000000027,0.55,480,0.7582938388625592,0.66082651977893,12.298935185185186,538.48,651.99,41.48,8.448009478672986,0,Cluster 0,64.42,High Potential,Hold / Stabilize,66.67,71.54,63.89,100.0,13.94,2.104072056360982,2.863919345531296,0
25059,Urban Pizza Eatery,Pizza,Ghost Kitchen,North Shore,1.03,45.97,664,19,226,129,290,873.43,10389.22,5930.13,13331.3,0.298367746442091,0.202721908153035,0.28,4,1.18,342.2,435.76,2274.31,1298.17,6308.92,0.03,0.35,0.2,0.45,30524.079999999998,10317.16,0.3380006866709824,0.030000000000000027,0.55,645,0.9713855421686747,0.501089654595126,21.754896551724137,3572.48,683.9200000000001,45.97,15.53789156626506,0,Cluster 0,76.38,High Potential,Hold / Stabilize,66.67,99.21,91.85,100.0,10.3,0.027329433437936725,4.678705643599843,0
26354,King Pizza Diner,Pizza,QSR,CBD,0.99,33.25,1797,359,503,288,647,11936.75,16724.75,9576.0,21512.75,0.264598916620016,0.418979843868874,0.29,12,3.54,2290.38,3777.04,441.89,253.01,4516.71,0.25,0.35,0.2,0.45,59750.25,8988.650000000001,0.15043702746013618,-0.010000000000000009,0.55,1438,0.800222593210907,0.68357876048889,6.981004636785162,694.9,1779.03,33.25,5.002031163049528,0,Cluster 0,49.64,Moderate Potential,Hold / Stabilize,0.0,59.72,50.37,100.0,64.26,2.733860475893518,2.2501162448167835,0
25021,Top Pizza Corner,Pizza,Ghost Kitchen,West Auckland,1.04,44.06,1311,108,421,241,541,4758.48,18549.26,10618.46,23836.46,0.277915946999565,0.264987401163671,0.3,13,3.84,2077.44,2175.09,2914.03,1668.12,8818.13,0.09,0.35,0.2,0.45,57762.659999999996,15575.369999999999,0.26964426499749145,0.040000000000000036,0.55,1203,0.9176201372997712,0.5429033481632359,16.299685767097966,4582.15,1363.44,44.059999999999995,11.880526315789472,0,Cluster 0,79.15,High Potential,Hold / Stabilize,83.33,85.07,70.35,100.0,53.2,0.9655333221408232,3.9325067919092507,0
25089,King Pizza House,Pizza,Ghost Kitchen,North Shore,1.03,38.54,1361,112,437,250,562,4316.48,16841.98,9635.0,21659.48,0.256606098311022,0.271410880971234,0.32,10,2.95,1657.9,2037.31,2559.69,1464.36,8565.01,0.09,0.35,0.2,0.45,52452.94,14626.369999999999,0.2788474773768639,0.030000000000000027,0.55,1249,0.9177075679647319,0.528016979282256,15.240231316725978,4024.05,1401.83,38.54,10.746781778104335,0,Cluster 0,75.51,High Potential,Hold / Stabilize,66.67,84.77,77.68,100.0,47.44,0.9163628122174879,4.024513080112339,0
25818,Classic Pizza Grill,Pizza,QSR,West Auckland,1.04,33.74,638,147,172,98,221,4959.78,5803.28,3306.52,7456.54,0.219004604425281,0.355166189209558,0.31,4,1.18,260.78,2112.02,672.19,382.99,2914.43,0.3,0.35,0.2,0.45,21526.12,6081.629999999999,0.28252327869583554,0.040000000000000036,0.55,491,0.7695924764890282,0.574170793634839,13.187466063348415,1055.18,663.52,33.739999999999995,9.532335423197491,0,Cluster 0,74.3,High Potential,Hold / Stabilize,83.33,83.63,80.58,100.0,9.65,1.4955078444146297,3.7153007146899544,0
25022,Lucky Pizza Diner,Pizza,Full-service,West Auckland,1.04,46.04,1706,512,418,239,537,23572.48,19244.72,11003.56,24723.48,0.375633057544474,0.536289412644692,0.31,15,4.43,2378.91,2076.21,-4270.84,-2441.94,-201.33,0.43,0.35,0.2,0.45,78544.23999999999,-4837.9,-0.06159458669407203,0.040000000000000036,0.55,1194,0.6998827667057445,0.911922470189166,-0.37491620111731844,-6712.780000000001,1774.24,46.03999999999999,-2.835814771395076,1,Cluster 1,38.67,Low Potential,Optimize,83.33,20.57,10.14,100.0,71.1,4.794897081665586,-0.049936493124379304,0
25590,Lucky Pizza Bistro,Pizza,Cafe,CBD,0.99,35.03,1115,237,307,176,395,8302.11,10754.21,6165.28,13836.85,0.213621605206281,0.41267359952908,0.32,8,2.36,932.2,3102.54,577.55,331.11,4238.7,0.27,0.35,0.2,0.45,39058.45,8249.9,0.21121933922109046,-0.010000000000000009,0.55,878,0.7874439461883408,0.626295204735361,10.730886075949366,908.66,1103.85,35.029999999999994,7.399013452914798,0,Cluster 0,50.93,Moderate Potential,Hold / Stabilize,0.0,71.14,65.87,100.0,33.17,2.0355981818044953,2.988405016863401,0
25309,Lucky Pizza Kitchen,Pizza,Cafe,CBD,0.99,32.37,950,230,252,144,324,7445.1,8157.24,4661.28,10487.88,0.239426184501499,0.350427772384137,0.28,7,2.07,670.68,3053.58,1061.63,606.65,3630.88,0.32,0.35,0.2,0.45,30751.5,8352.74,0.2716205713542429,-0.010000000000000009,0.55,720,0.7578947368421053,0.589853956885636,11.20641975308642,1668.2800000000002,940.5,32.37,8.792357894736842,0,Cluster 0,53.75,Moderate Potential,Hold / Stabilize,0.0,81.16,73.13,100.0,25.57,1.8540012735824565,3.3930568591290187,0
25066,Lucky Pizza Tavern,Pizza,Cafe,West Auckland,1.04,31.86,684,181,176,101,226,5766.66,5607.36,3217.86,7200.36,0.201453050412238,0.406799666606821,0.3,7,2.07,467.82,2259.07,514.46,295.23,2352.9,0.36,0.35,0.2,0.45,21792.24,5421.66,0.24878855959736124,0.040000000000000036,0.55,503,0.7353801169590644,0.608252717019059,10.411061946902656,809.69,711.36,31.860000000000003,7.92640350877193,0,Cluster 0,71.85,High Potential,Hold / Stabilize,83.33,76.92,70.29,100.0,18.19,1.9814258266705242,3.270718641465225,0
26632,King Pizza Corner,Pizza,Cafe,South Auckland,1.05,33.51,1650,504,401,229,516,16889.04,13437.51,7673.79,17291.16,0.265817190427333,0.389184284466319,0.28,5,1.48,763.68,5826.69,873.42,498.79,5201.74,0.44,0.35,0.2,0.45,55291.5,12400.64,0.2242775110098297,0.050000000000000044,0.55,1146,0.6945454545454546,0.6550014748936519,10.080891472868217,1372.21,1732.5,33.51,7.5155393939393935,0,Cluster 0,78.51,High Potential,Hold / Stabilize,100.0,73.06,66.42,100.0,46.42,3.0292502840951063,2.7853738273934203,0
26566,Top Pizza Cafe,Pizza,QSR,CBD,0.99,30.47,791,173,216,124,278,5271.31,6581.52,3778.28,8470.66,0.22002185055986,0.377670614188537,0.3,6,1.77,492.06,2120.69,673.34,386.55,2915.75,0.28,0.35,0.2,0.45,24101.770000000004,6096.33,0.2529411740299571,-0.010000000000000009,0.55,618,0.7812895069532237,0.597692464748397,10.488309352517986,1059.89,783.09,30.470000000000006,7.707117572692794,0,Cluster 0,51.74,Moderate Potential,Hold / Stabilize,0.0,77.18,73.62,100.0,18.16,1.7003308334771583,3.310400518560873,0
25542,Lucky Pizza Cafe,Pizza,QSR,CBD,0.99,33.2,1461,292,409,234,526,9694.4,13578.8,7768.8,17463.2,0.219637143891305,0.350006533670239,0.29,5,1.48,778.48,4172.05,1905.87,1090.4,6736.92,0.25,0.35,0.2,0.45,48505.2,13905.24,0.28667524306672276,-0.010000000000000009,0.55,1169,0.8001368925393566,0.569643677561544,12.807832699619771,2996.27,1446.39,33.199999999999996,9.517618069815194,0,Cluster 0,57.54,Moderate Potential,Hold / Stabilize,0.0,84.17,79.58,100.0,37.2,1.7185512814335588,3.665769726305801,0
26607,Classic Pizza Cafe,Pizza,Ghost Kitchen,West Auckland,1.04,43.15,759,49,248,142,320,2114.35,10701.2,6127.3,13808.0,0.271425134467427,0.310912664898206,0.28,10,2.95,944.0,883.08,1473.15,843.5,4823.08,0.07,0.35,0.2,0.45,32750.850000000002,8022.8099999999995,0.244964939841256,0.040000000000000036,0.55,710,0.9354413702239789,0.582337799365633,15.072125,2316.65,789.36,43.150000000000006,10.570237154150197,0,Cluster 0,73.84,High Potential,Hold / Stabilize,83.33,79.97,69.31,100.0,27.7,0.8165366876869856,3.684685453096279,0
25394,Lucky Pizza Eatery,Pizza,Full-service,West Auckland,1.04,32.33,691,182,178,102,229,5884.06,5754.74,3297.66,7403.57,0.365765922877472,0.462057028990239,0.31,10,2.95,675.55,1013.1,-793.14,-454.49,599.17,0.36,0.35,0.2,0.45,22340.03,364.64,0.016322269934283883,0.040000000000000036,0.55,509,0.7366136034732272,0.8278229518677109,2.61646288209607,-1247.63,718.64,32.33,0.527698986975398,1,Cluster 1,54.84,Moderate Potential,Hold / Stabilize,83.33,35.61,31.47,100.0,25.42,3.5125132975857247,0.7809881150718229,0
26003,King Pizza Cafe,Pizza,QSR,West Auckland,1.04,45.3,1799,348,508,290,653,15764.4,23012.4,13137.0,29580.9,0.249556164797395,0.367794939898886,0.29,10,2.95,1926.35,6032.23,2132.07,1217.13,9392.75,0.24,0.35,0.2,0.45,81494.70000000001,18774.18,0.2303730181226509,0.040000000000000036,0.55,1451,0.8065591995553085,0.617351104696281,14.383996937212864,3349.2000000000003,1870.96,45.300000000000004,10.435897720956087,0,Cluster 0,77.45,High Potential,Hold / Stabilize,83.33,77.83,63.91,100.0,62.55,2.153532959545683,3.2746129441122886,0
26166,Classic Pizza Grill,Pizza,QSR,West Auckland,1.04,39.37,807,156,228,130,293,6141.72,8976.36,5118.1,11535.41,0.216596500258893,0.412169995065779,0.32,6,1.77,518.61,2280.01,459.89,262.22,3763.72,0.24,0.35,0.2,0.45,31771.59,6765.84,0.2129525151243611,0.040000000000000036,0.55,651,0.8066914498141264,0.628766495324672,12.845460750853242,722.11,839.28,39.37,8.383940520446098,0,Cluster 0,70.77,High Potential,Hold / Stabilize,83.33,72.71,68.83,100.0,19.98,1.7336289217132739,3.183960417491325,0
25803,Classic Pizza Tavern,Pizza,QSR,North Shore,1.03,41.53,983,203,273,156,351,8430.59,11337.69,6478.68,14577.03,0.252052213139832,0.397934240568429,0.31,3,0.89,312.39,2950.82,453.66,259.23,4789.77,0.26,0.35,0.2,0.45,40823.99,8453.48,0.20707138131280162,0.030000000000000027,0.55,780,0.7934893184130214,0.649986453708261,13.646068376068378,712.8900000000001,1012.49,41.53,8.59967446592065,0,Cluster 0,66.61,High Potential,Hold / Stabilize,66.67,72.21,70.53,100.0,18.56,1.9888265722739435,3.0333870044673326,0
26358,Classic Pizza Cafe,Pizza,Full-service,North Shore,1.03,31.46,1389,431,335,192,431,13559.26,10539.1,6040.32,13559.26,0.352690543734934,0.524665215029381,0.32,7,2.07,892.17,1662.97,-2079.95,-1192.09,770.8,0.45,0.35,0.2,0.45,43697.94,-838.2699999999998,-0.0191832841548137,0.030000000000000027,0.55,958,0.6897048236141109,0.877355758764315,1.7883990719257539,-3272.04,1430.67,31.46,-0.603506119510439,1,Cluster 1,35.96,Low Potential,Optimize,66.67,29.3,28.81,100.0,41.36,4.488605629980309,0.25608002578609024,0
25117,Classic Pizza Grill,Pizza,Cafe,CBD,0.99,43.23,1519,441,377,216,485,19064.43,16297.71,9337.68,20966.55,0.263646086733788,0.417766972747631,0.3,16,4.72,2289.2,6073.68,302.92,173.56,4390.47,0.41,0.35,0.2,0.45,65666.37,10940.630000000001,0.16660933138225856,-0.010000000000000009,0.55,1078,0.7096774193548387,0.681413059481419,9.052515463917526,476.48,1503.81,43.23,7.202521395655037,0,Cluster 0,49.73,Moderate Potential,Hold / Stabilize,0.0,64.87,44.03,100.0,64.72,3.1136963978000813,2.290209619636873,0
26372,Urban Pizza House,Pizza,QSR,South Auckland,1.05,31.92,1973,431,540,308,694,13757.52,17236.8,9831.36,22152.48,0.275863948911428,0.423654155386612,0.31,8,2.36,1637.84,4133.89,-164.06,-93.58,5018.58,0.28,0.35,0.2,0.45,62978.16,8894.83,0.1412367398475916,0.050000000000000044,0.55,1542,0.7815509376583882,0.6995181042980401,7.231383285302593,-257.64,2071.65,31.92,4.508276735935124,0,Cluster 0,75.02,High Potential,Hold / Stabilize,100.0,57.81,54.58,100.0,64.35,3.0082230633714055,2.2003574032216133,0
26009,Classic Pizza Diner,Pizza,QSR,North Shore,1.03,31.87,1652,330,463,264,595,10517.1,14755.81,8413.68,18962.65,0.217166916113347,0.448875435185619,0.29,5,1.48,880.6,3512.27,648.63,369.85,5452.12,0.25,0.35,0.2,0.45,52649.24,9982.869999999999,0.18961090416499837,0.030000000000000027,0.55,1322,0.8002421307506054,0.666042351298966,9.163226890756302,1018.48,1701.56,31.869999999999997,6.042899515738498,0,Cluster 0,68.02,High Potential,Hold / Stabilize,66.67,66.4,64.72,100.0,45.43,2.4479988525298877,2.722748795823993,0
25809,Classic Pizza Cafe,Pizza,Full-service,West Auckland,1.04,42.7,999,285,250,143,321,12169.5,10675.0,6106.1,13706.7,0.383385897008702,0.492068280372769,0.28,4,1.18,378.78,1515.66,-1659.47,-949.22,1328.33,0.4,0.35,0.2,0.45,42657.3,235.29999999999995,0.005516054696382564,0.040000000000000036,0.55,714,0.7147147147147147,0.875454177381471,4.13809968847352,-2608.69,1038.96,42.7,0.2355355355355355,1,Cluster 1,54.36,Moderate Potential,Hold / Stabilize,83.33,33.76,34.14,100.0,21.74,3.9705796639911752,0.6255009443764729,0
25754,Lucky Pizza Kitchen,Pizza,QSR,South Auckland,1.05,46.67,1006,232,271,155,348,10827.44,12647.57,7233.85,16241.16,0.246417472716421,0.420369215472601,0.27,10,2.95,1026.6,3607.85,799.49,457.28,4385.17,0.3,0.35,0.2,0.45,46950.020000000004,9249.79,0.1970135475980628,0.050000000000000044,0.55,774,0.7693836978131213,0.666786688189022,12.601063218390804,1256.77,1056.3,46.67,9.194622266401591,0,Cluster 0,74.62,High Potential,Hold / Stabilize,100.0,71.65,56.29,100.0,36.3,2.2431365915911643,2.875902779730352,0
25769,Lucky Pizza Bistro,Pizza,Full-service,West Auckland,1.04,35.07,1328,437,312,178,401,15325.59,10941.84,6242.46,14063.07,0.371737948677037,0.460590566694736,0.29,6,1.77,709.77,2569.66,-1338.5,-763.63,1648.21,0.49,0.35,0.2,0.45,46572.96,2115.74,0.045428506154644235,0.040000000000000036,0.55,891,0.670933734939759,0.832328515371773,4.1102493765586035,-2102.13,1381.1200000000001,35.07,1.5931777108433733,1,Cluster 1,59.18,Moderate Potential,Hold / Stabilize,83.33,40.97,37.45,100.0,37.43,4.2442851500278085,0.8351859717777959,0
25407,King Pizza Kitchen,Pizza,Full-service,South Auckland,1.05,33.45,638,207,151,86,194,6924.15,5050.95,2876.7,6489.3,0.371235732606147,0.526855571987107,0.27,15,4.43,859.42,705.63,-849.02,-483.55,-198.1,0.48,0.35,0.2,0.45,21341.1,-825.0400000000001,-0.03865967546190216,0.050000000000000044,0.55,431,0.6755485893416928,0.8980913045932539,-1.0211340206185566,-1332.57,669.9,33.449999999999996,-1.293166144200627,1,Cluster 1,39.22,Low Potential,Optimize,100.0,25.74,12.27,100.0,35.52,4.369746706869658,0.0019641752354403338,0
25163,King Pizza Grill,Pizza,Full-service,CBD,0.99,32.14,1958,518,504,288,648,16648.52,16198.56,9256.32,20826.72,0.383340088708792,0.498660931340419,0.27,12,3.54,2293.92,1964.51,-2462.2,-1406.97,163.61,0.36,0.35,0.2,0.45,62930.12,-1741.0499999999997,-0.027666402034510654,-0.010000000000000009,0.55,1440,0.7354443309499489,0.882001020049211,0.2524845679012346,-3869.17,1938.42,32.14,-0.8891981613891725,1,Cluster 1,21.31,Low Potential,Optimize,0.0,27.77,19.78,100.0,69.39,4.515885756827295,0.09723086239595845,0
25570,Top Pizza Eatery,Pizza,Ghost Kitchen,South Auckland,1.05,40.57,1674,138,538,307,691,5598.66,21826.66,12454.99,28033.87,0.250997439259663,0.303737456654198,0.28,7,2.07,1430.37,2492.89,3607.19,2058.38,11052.13,0.09,0.35,0.2,0.45,67914.18,19210.59,0.2828656695847613,0.050000000000000044,0.55,1536,0.9175627240143369,0.5547348959138609,15.994399421128797,5665.57,1757.7,40.56999999999999,11.475860215053764,0,Cluster 0,85.07,Very High Potential,Expand,100.0,86.3,78.54,100.0,51.9,1.1491514238348137,3.992224908604686,0
25207,King Pizza Cafe,Pizza,Cafe,South Auckland,1.05,42.25,1507,365,400,228,514,15421.25,16900.0,9633.0,21716.5,0.212588602863252,0.365123184677213,0.28,12,3.54,1819.56,6512.21,2404.67,1370.66,7351.06,0.32,0.35,0.2,0.45,63670.75,17638.600000000002,0.27702830577620025,0.050000000000000044,0.55,1142,0.7577969475779694,0.577711787540465,14.301673151750974,3775.33,1582.3500000000001,42.25,11.70444591904446,0,Cluster 0,83.48,Very High Potential,Expand,100.0,85.82,66.69,100.0,57.92,2.0358635703497105,3.6416411208285284,0
26542,Classic Pizza Kitchen,Pizza,Full-service,South Auckland,1.05,35.4,758,216,190,108,244,7646.4,6726.0,3823.2,8637.6,0.379709643160459,0.538602243224159,0.32,16,4.72,1151.68,624.62,-1602.89,-911.11,-446.09,0.4,0.35,0.2,0.45,26833.199999999997,-2335.4700000000003,-0.08703658154823131,0.050000000000000044,0.55,542,0.7150395778364116,0.918311886384618,-1.8282377049180327,-2514.0,795.9,35.4,-3.081094986807388,1,Cluster 1,36.99,Low Potential,Optimize,100.0,16.81,7.51,100.0,41.91,4.33538684406099,-0.27528311727659743,0
25613,Top Pizza Kitchen,Pizza,QSR,West Auckland,1.04,35.79,601,127,166,95,213,4545.33,5941.14,3400.05,7623.27,0.273536871895194,0.379405077779666,0.29,3,0.89,189.57,1577.49,338.99,194.0,2456.15,0.27,0.35,0.2,0.45,21509.79,4566.63,0.21230472264024894,0.040000000000000036,0.55,474,0.7886855241264559,0.65294194967486,11.531220657276995,532.99,625.0400000000001,35.79,7.598386023294509,0,Cluster 0,68.65,High Potential,Hold / Stabilize,83.33,71.56,70.08,100.0,6.07,1.8595114254479699,2.972837903916679,0
25965,Urban Pizza Kitchen,Pizza,Ghost Kitchen,CBD,0.99,37.35,1243,113,396,226,508,4220.55,14790.6,8441.1,18973.8,0.261534472100902,0.329363200906664,0.29,16,4.72,2397.76,1726.64,1761.59,1005.35,5364.47,0.1,0.35,0.2,0.45,46426.05,9858.05,0.212338762397404,-0.010000000000000009,0.55,1130,0.9090909090909091,0.590897673007566,10.559980314960631,2766.94,1230.57,37.35,7.93085277554304,0,Cluster 0,52.99,Moderate Potential,Hold / Stabilize,0.0,72.01,57.98,100.0,55.92,1.3512714683345275,3.207753071244072,0
25251,Top Pizza Tavern,Pizza,QSR,West Auckland,1.04,39.53,850,196,229,131,294,7747.88,9052.37,5178.43,11621.82,0.210827452465892,0.443278017593548,0.28,16,4.72,1387.68,2679.95,596.5,341.23,2632.24,0.3,0.35,0.2,0.45,33600.5,6249.92,0.18600675585184745,0.040000000000000036,0.55,654,0.7694117647058824,0.65410547005944,8.953197278911563,937.73,884.0,39.53,7.35284705882353,0,Cluster 0,69.11,High Potential,Hold / Stabilize,83.33,67.68,48.24,100.0,44.75,2.1892325936957713,2.7447336265703117,0
26019,Top Pizza House,Pizza,Cafe,CBD,0.99,33.37,1573,473,385,220,495,15784.01,12847.45,7341.4,16518.15,0.205387951526791,0.375505004567094,0.32,4,1.18,584.1,6615.19,1273.27,727.58,6338.77,0.43,0.35,0.2,0.45,52491.01,14954.81,0.2849023099384066,-0.010000000000000009,0.55,1100,0.6993006993006993,0.580892956093885,12.80559595959596,2000.85,1557.27,33.370000000000005,9.507190082644629,0,Cluster 0,57.65,Moderate Potential,Hold / Stabilize,0.0,83.91,79.54,100.0,38.44,2.4921748633426875,3.4594345402833393,0
26305,Classic Pizza Eatery,Pizza,Full-service,West Auckland,1.04,42.95,1726,560,408,233,525,24052.0,17523.6,10007.35,22548.75,0.360291346011218,0.463856639107689,0.29,8,2.36,1239.0,4229.59,-2000.28,-1142.32,2726.24,0.48,0.35,0.2,0.45,74131.7,3813.2300000000005,0.05143858835019298,0.040000000000000036,0.55,1166,0.6755504055619931,0.824147985118907,5.192838095238095,-3142.6,1795.04,42.949999999999996,2.2092873696407884,1,Cluster 1,61.88,High Potential,Hold / Stabilize,83.33,42.61,35.37,100.0,55.44,4.332317097512512,0.9861316934392621,0
25173,Urban Pizza Kitchen,Pizza,Full-service,South Auckland,1.05,46.48,1243,414,290,166,373,19242.72,13479.2,7715.68,17337.04,0.374779671861324,0.510911426413804,0.31,11,3.25,1212.25,2199.61,-2637.76,-1509.89,769.53,0.5,0.35,0.2,0.45,57774.64000000001,-1178.5100000000002,-0.020398396251365653,0.050000000000000044,0.55,829,0.666934835076428,0.885691098275128,2.063083109919571,-4147.650000000001,1305.15,46.480000000000004,-0.9481174577634757,1,Cluster 1,43.34,Moderate Potential,Optimize,100.0,28.67,20.85,100.0,46.65,4.586990670917633,0.3245036982716942,0
25419,Urban Pizza Grill,Pizza,Cafe,North Shore,1.03,46.18,1408,402,352,201,453,18564.36,16255.36,9282.18,20919.54,0.241740224659443,0.350460662622936,0.28,3,0.89,403.17,7570.53,2077.42,1186.25,8127.8,0.4,0.35,0.2,0.45,65021.44,18962.0,0.291626884916729,0.030000000000000027,0.55,1006,0.7144886363636364,0.592200887282379,17.94216335540839,3263.67,1450.24,46.18,13.467329545454545,0,Cluster 0,75.0,High Potential,Hold / Stabilize,66.67,90.17,79.44,100.0,32.66,2.2600459843789955,3.6787445060740134,0
25701,Lucky Pizza Eatery,Pizza,Full-service,North Shore,1.03,39.54,1766,486,448,256,576,19216.44,17713.92,10122.24,22775.04,0.360499115020502,0.497611039830372,0.32,11,3.25,1872.0,2726.62,-3155.03,-1802.87,1359.55,0.38,0.35,0.2,0.45,69827.64,-871.7300000000002,-0.012484024950578314,0.030000000000000027,0.55,1280,0.72480181200453,0.858110154850874,2.360329861111111,-4957.9,1818.98,39.54,-0.4936183465458665,1,Cluster 1,38.76,Low Potential,Optimize,66.67,30.35,25.11,100.0,63.21,4.308327007797532,0.4800978855576583,0
25298,Classic Pizza Eatery,Pizza,QSR,South Auckland,1.05,46.82,1915,395,532,304,684,18493.9,24908.24,14233.28,32024.88,0.212524151783437,0.379625272634439,0.33,17,5.02,3433.68,7542.75,1939.12,1108.07,9627.69,0.26,0.35,0.2,0.45,89660.3,20217.629999999997,0.2254914382396668,0.050000000000000044,0.55,1520,0.793733681462141,0.592149424417876,14.075570175438598,3047.1899999999996,2010.75,46.82,10.5575091383812,0,Cluster 0,83.06,Very High Potential,Expand,100.0,77.33,56.09,100.0,83.39,2.2108606559691273,3.338799805698723,0
25825,Urban Pizza Tavern,Pizza,Full-service,North Shore,1.03,45.63,1933,562,480,274,617,25644.06,21902.4,12502.62,28153.71,0.388536868034862,0.507756361970678,0.29,11,3.25,2005.25,2659.46,-4080.27,-2329.15,914.48,0.41,0.35,0.2,0.45,88202.79000000001,-2835.48,-0.032147282415896365,0.030000000000000027,0.55,1371,0.7092602172788411,0.89629323000554,1.4821393841166937,-6409.42,1990.99,45.63,-1.4668804966373512,1,Cluster 1,37.42,Low Potential,Optimize,66.67,26.38,19.22,100.0,68.75,4.688865358037739,0.2022845954793542,0
26026,Top Pizza House,Pizza,QSR,South Auckland,1.05,38.89,1752,361,487,278,626,14039.29,18939.43,10811.42,24345.14,0.208394578658044,0.364359660004266,0.29,15,4.43,2773.18,5998.23,2599.36,1483.82,7628.18,0.26,0.35,0.2,0.45,68135.28,17709.59,0.259918063006419,0.050000000000000044,0.55,1391,0.7939497716894978,0.57275423866231,12.1855910543131,4083.1800000000003,1839.6000000000001,38.89,10.108213470319635,0,Cluster 0,83.8,Very High Potential,Expand,100.0,81.36,62.42,100.0,73.21,1.986961716860902,3.5461982454525423,0
25099,King Pizza Corner,Pizza,Cafe,West Auckland,1.04,44.19,1161,281,308,176,396,12417.39,13610.52,7777.44,17499.24,0.228979936819524,0.368020160286687,0.32,18,5.31,2102.76,5004.21,1129.67,645.53,4949.43,0.32,0.35,0.2,0.45,51304.59,11728.84,0.2286119039251654,0.040000000000000036,0.55,880,0.7579672695951766,0.597000097106211,12.498560606060607,1775.2,1207.44,44.19,10.102360034453058,0,Cluster 0,74.83,High Potential,Hold / Stabilize,83.33,77.14,53.7,100.0,59.84,2.081837310848043,3.2332833465149537,0
25827,King Pizza Cafe,Pizza,Cafe,North Shore,1.03,37.15,1367,307,371,212,477,11405.05,13782.65,7875.8,17720.55,0.261949094720185,0.413957369280979,0.29,12,3.54,1688.58,3696.3,469.9,268.51,4054.54,0.29,0.35,0.2,0.45,50784.05,8489.25,0.16716370592735316,0.030000000000000027,0.55,1060,0.77542062911485,0.675906464001164,8.500083857442348,738.41,1408.01,37.15,6.21013167520117,0,Cluster 0,65.72,High Potential,Hold / Stabilize,66.67,63.6,51.55,100.0,52.3,2.564414251768526,2.473730161082954,0
26031,Classic Pizza Grill,Pizza,QSR,South Auckland,1.05,38.06,1219,259,336,192,432,9857.54,12788.16,7307.52,16441.92,0.262302445080131,0.415148430038244,0.32,16,4.72,2039.04,3179.54,32.6,18.63,3264.29,0.27,0.35,0.2,0.45,46395.14,6495.0599999999995,0.13999440458634244,0.050000000000000044,0.55,960,0.7875307629204266,0.677450875118375,7.556226851851852,51.230000000000004,1279.95,38.06,5.328187038556194,0,Cluster 0,72.24,High Potential,Hold / Stabilize,100.0,58.75,44.64,100.0,57.51,2.4974245802908355,2.347197667042774,0
26462,Top Pizza Kitchen,Pizza,Full-service,South Auckland,1.05,34.28,959,336,218,125,280,11518.08,7473.04,4285.0,9598.4,0.354684280639049,0.46363368681632,0.31,14,4.13,1156.4,2092.63,-958.93,-549.84,587.46,0.54,0.35,0.2,0.45,32874.52,1171.3200000000002,0.0356300259288957,0.050000000000000044,0.55,623,0.6496350364963503,0.818317967455369,2.0980714285714286,-1508.77,1006.95,34.279999999999994,1.2213972888425444,1,Cluster 1,61.65,High Potential,Hold / Stabilize,100.0,39.15,26.26,100.0,44.04,4.24090356762472,0.7521996687658943,0
26156,Lucky Pizza Cafe,Pizza,Cafe,South Auckland,1.05,36.42,1480,314,408,233,525,11435.88,14859.36,8485.86,19120.5,0.22169165449217,0.404737669951282,0.3,11,3.25,1706.25,4272.11,1093.21,624.31,5436.61,0.27,0.35,0.2,0.45,53901.6,11426.239999999998,0.2119833177493803,0.050000000000000044,0.55,1166,0.7878378378378378,0.626429324443452,10.355447619047618,1717.52,1554.0,36.42,7.720432432432431,0,Cluster 0,78.28,High Potential,Hold / Stabilize,100.0,71.68,60.82,100.0,54.67,2.2197609728461227,3.039583514392502,0
25185,Lucky Pizza Eatery,Pizza,Cafe,South Auckland,1.05,44.86,1890,401,521,298,670,17988.86,23372.06,13368.28,30056.2,0.268234470058233,0.36376653232146,0.31,11,3.25,2177.5,6619.88,1355.56,775.35,8883.15,0.27,0.35,0.2,0.45,84785.4,17633.940000000002,0.20798321409110535,0.050000000000000044,0.55,1489,0.7878306878306879,0.6320010023796929,13.258432835820894,2130.91,1984.5,44.86,9.330126984126986,0,Cluster 0,80.6,Very High Potential,Expand,100.0,73.32,59.96,100.0,68.54,2.4389263209727465,3.0332596350343404,0
25306,Top Pizza Bistro,Pizza,Cafe,North Shore,1.03,32.49,1874,443,501,286,644,14393.07,16277.49,9292.14,20923.56,0.211561268102378,0.428478834335692,0.3,10,2.95,1899.8,5180.93,976.0,557.16,5631.84,0.31,0.35,0.2,0.45,60886.259999999995,12345.93,0.20277037873569506,0.030000000000000027,0.55,1431,0.763607257203842,0.64004010243807,8.745093167701864,1533.1599999999999,1930.22,32.489999999999995,6.588009605122732,0,Cluster 0,70.65,High Potential,Hold / Stabilize,66.67,68.91,60.42,100.0,64.46,2.66507983124081,2.8082293701197942,0
26683,Classic Pizza Kitchen,Pizza,Ghost Kitchen,North Shore,1.03,31.6,1152,75,377,215,485,2370.0,11913.2,6794.0,15326.0,0.277710302080959,0.246876524039544,0.31,16,4.72,2289.2,1126.73,1970.6,1123.82,4996.98,0.07,0.35,0.2,0.45,36403.2,9218.13,0.2532230683016878,0.030000000000000027,0.55,1077,0.9348958333333334,0.524586826120503,10.303051546391751,3094.42,1186.56,31.599999999999998,8.001848958333333,0,Cluster 0,72.89,High Potential,Hold / Stabilize,66.67,77.61,68.2,100.0,54.5,0.8425001172550677,3.758489747137491,0
26199,Urban Pizza House,Pizza,Ghost Kitchen,CBD,0.99,41.76,1550,114,503,287,646,4760.64,21005.28,11985.12,26976.96,0.251157670479733,0.283551557466853,0.32,12,3.54,2286.84,2215.08,3051.87,1741.33,10265.29,0.08,0.35,0.2,0.45,64728.0,17273.57,0.26686395377580024,-0.010000000000000009,0.55,1436,0.9264516129032258,0.5347092279465859,15.890541795665635,4793.2,1534.5,41.76,11.144238709677419,0,Cluster 0,59.04,Moderate Potential,Hold / Stabilize,0.0,83.7,73.31,100.0,56.38,1.0318667244483521,3.89010430217346,0
26685,Top Pizza Grill,Pizza,Cafe,South Auckland,1.05,32.52,1572,381,417,238,536,12390.12,13560.84,7739.76,17430.72,0.264908879436553,0.431599406059831,0.28,15,4.43,2374.48,3760.3,318.57,181.82,2915.6,0.32,0.35,0.2,0.45,51121.44,7176.290000000001,0.14037730549061217,0.050000000000000044,0.55,1191,0.7576335877862596,0.696508285496384,5.43955223880597,500.39,1650.6000000000001,32.52,4.565069974554708,0,Cluster 0,73.18,High Potential,Hold / Stabilize,100.0,57.77,43.34,100.0,67.12,2.9626626820026054,2.127387654749989,0
25878,Classic Pizza Cafe,Pizza,Full-service,South Auckland,1.05,43.16,1772,469,456,261,586,20242.04,19680.96,11264.76,25291.76,0.37272185847396,0.544081088365056,0.3,7,2.07,1213.02,1684.08,-4266.89,-2442.23,891.18,0.36,0.35,0.2,0.45,76479.52,-4133.860000000001,-0.054051855973991474,0.050000000000000044,0.55,1303,0.7353273137697517,0.916802946839016,1.5207849829351534,-6709.120000000001,1860.6000000000001,43.160000000000004,-2.332878103837472,1,Cluster 1,43.4,Moderate Potential,Optimize,100.0,22.26,22.73,100.0,55.22,4.542730517026641,0.10600836706784854,0
26040,Classic Pizza Eatery,Pizza,Cafe,West Auckland,1.04,45.41,645,167,167,96,215,7583.47,7583.47,4359.36,9763.15,0.23747000830248,0.351939670136198,0.33,8,2.36,507.4,3113.7,611.15,351.32,3501.25,0.35,0.35,0.2,0.45,29289.449999999997,7577.42,0.2587081696651866,0.040000000000000036,0.55,478,0.7410852713178294,0.589409678438678,16.28488372093023,962.47,670.8000000000001,45.41,11.747937984496124,0,Cluster 0,73.88,High Potential,Hold / Stabilize,83.33,83.41,71.56,100.0,19.21,1.7757166985841308,3.5559111417035307,0
26527,Lucky Pizza Grill,Pizza,QSR,West Auckland,1.04,40.03,1788,334,509,291,654,13370.02,20375.27,11648.73,26179.62,0.265336340069771,0.355893923784606,0.3,4,1.18,771.72,5064.16,1604.95,917.57,9144.33,0.23,0.35,0.2,0.45,71573.64,16731.01,0.2337593840413873,0.040000000000000036,0.55,1454,0.8131991051454138,0.621230263854377,13.982155963302752,2522.52,1859.52,40.03,9.357388143176733,0,Cluster 0,76.93,High Potential,Hold / Stabilize,83.33,76.82,73.33,100.0,48.18,2.1216271589141567,3.271813932299404,0
25476,King Pizza House,Pizza,Cafe,North Shore,1.03,33.94,1230,312,321,184,413,10589.28,10894.74,6244.96,14017.22,0.235909214038402,0.432622270612046,0.3,14,4.13,1705.69,3510.01,342.84,196.52,2940.58,0.34,0.35,0.2,0.45,41746.2,6989.950000000001,0.16743919207017646,0.030000000000000027,0.55,918,0.7463414634146341,0.668531484650448,7.120048426150121,539.36,1266.9,33.94,5.682886178861789,0,Cluster 0,65.13,High Potential,Hold / Stabilize,66.67,62.93,49.35,100.0,52.42,2.6661004356657645,2.4339149649954415,0
26447,Lucky Pizza Tavern,Pizza,QSR,CBD,0.99,37.78,510,105,142,81,182,3966.9,5364.76,3060.18,6875.96,0.219402919951826,0.387422295310535,0.29,11,3.25,591.5,1559.69,553.51,315.73,2111.95,0.26,0.35,0.2,0.45,19267.8,4540.879999999999,0.23567195009290107,-0.010000000000000009,0.55,405,0.7941176470588235,0.606825215262361,11.604120879120877,869.24,504.9,37.78,8.903686274509802,0,Cluster 0,50.02,Moderate Potential,Hold / Stabilize,0.0,76.47,63.84,100.0,20.87,1.5468621395075577,3.242860724299531,0
26204,Urban Pizza Grill,Pizza,Full-service,South Auckland,1.05,38.05,1440,480,336,192,432,18264.0,12784.8,7305.6,16437.6,0.354036158137023,0.469472704455256,0.31,14,4.13,1784.16,3223.43,-1706.88,-975.36,1116.93,0.5,0.35,0.2,0.45,54792.0,1658.12,0.030262082055774565,0.050000000000000044,0.55,960,0.6666666666666666,0.8235088625922791,2.5854861111111114,-2682.2400000000002,1512.0,38.05,1.1514722222222222,1,Cluster 1,63.72,High Potential,Hold / Stabilize,100.0,38.33,25.46,100.0,60.32,4.356633496776107,0.7602498345961218,0
25357,Classic Pizza Tavern,Pizza,Full-service,CBD,0.99,30.21,1163,314,297,170,382,9485.94,8972.37,5135.7,11540.22,0.397544511745218,0.521062245243229,0.28,12,3.54,1352.28,772.09,-1781.97,-1019.98,-412.98,0.37,0.35,0.2,0.45,35134.23,-2442.84,-0.06952877578361615,-0.010000000000000009,0.55,849,0.7300085984522786,0.918606756988447,-1.0810994764397905,-2801.95,1151.37,30.210000000000004,-2.100464316423044,1,Cluster 1,14.56,Low Potential,Optimize,0.0,20.49,14.14,100.0,44.03,4.409188988382755,-0.30933026751343223,0
26005,Top Pizza Cafe,Pizza,Full-service,South Auckland,1.05,43.39,729,243,170,97,219,10543.77,7376.3,4208.83,9502.41,0.372089598258026,0.50658833917696,0.28,10,2.95,646.05,1279.19,-1170.46,-667.85,506.8,0.5,0.35,0.2,0.45,31631.31,-52.31999999999999,-0.001654057324846805,0.050000000000000044,0.55,486,0.6666666666666666,0.878677937434986,2.3141552511415524,-1838.31,765.45,43.39,-0.07176954732510288,1,Cluster 1,41.86,Moderate Potential,Optimize,100.0,32.38,23.63,100.0,26.93,4.254239398726406,0.4561842892426561,0
26248,Lucky Pizza Bistro,Pizza,QSR,North Shore,1.03,34.53,610,110,175,100,225,3798.3,6042.75,3453.0,7769.25,0.205075883027166,0.422484085522592,0.29,14,4.13,929.25,1414.64,498.16,284.67,1964.33,0.22,0.35,0.2,0.45,21063.3,4161.8,0.19758537361192216,0.030000000000000027,0.55,500,0.819672131147541,0.6275599685497579,8.730355555555555,782.83,628.3000000000001,34.53,6.822622950819673,0,Cluster 0,64.71,High Potential,Hold / Stabilize,66.67,68.53,55.67,100.0,31.84,1.642856364381948,2.9747024046099138,0
26087,King Pizza Diner,Pizza,QSR,West Auckland,1.04,36.97,562,97,163,93,209,3586.09,6026.11,3438.21,7726.73,0.211319308709353,0.364706583460793,0.33,15,4.43,925.87,1520.41,566.3,323.1,2350.06,0.21,0.35,0.2,0.45,20777.14,4759.87,0.22909168441854846,0.040000000000000036,0.55,465,0.8274021352313167,0.576025892170146,11.244306220095693,889.4,584.48,36.97,8.469519572953736,0,Cluster 0,71.88,High Potential,Hold / Stabilize,83.33,75.0,61.91,100.0,32.77,1.2876585981971,3.4364410114507256,0
25927,Urban Pizza Diner,Pizza,Cafe,North Shore,1.03,36.69,1847,518,465,266,598,19005.42,17060.85,9759.54,21940.62,0.22458380041644,0.426185134565458,0.29,12,3.54,2116.92,6637.28,1010.53,578.07,5545.43,0.39,0.35,0.2,0.45,67766.43,13771.31,0.2032172861990812,0.030000000000000027,0.55,1329,0.7195452084461289,0.6507689349818979,9.273294314381271,1588.6,1902.41,36.69,7.456042230644288,0,Cluster 0,70.52,High Potential,Hold / Stabilize,66.67,70.14,55.42,100.0,68.23,2.9859671914387858,2.700658696221758,0
25646,Top Pizza Kitchen,Pizza,Full-service,West Auckland,1.04,39.04,956,287,234,134,301,11204.48,9135.36,5231.36,11751.04,0.357817518303636,0.527648157556541,0.3,5,1.48,445.48,1283.3,-1694.3,-970.24,900.42,0.43,0.35,0.2,0.45,37322.240000000005,-480.82000000000005,-0.012882935215035324,0.040000000000000036,0.55,669,0.6997907949790795,0.8854656758601771,2.991428571428571,-2664.54,994.24,39.040000000000006,-0.5029497907949791,1,Cluster 1,37.98,Low Potential,Optimize,83.33,30.28,30.9,100.0,22.64,4.1623476657223835,0.42134266777840734,0
25323,Lucky Pizza Cafe,Pizza,QSR,CBD,0.99,40.18,1324,238,380,217,489,9562.84,15268.4,8719.06,19648.02,0.226196177601814,0.421025983220898,0.28,9,2.66,1300.74,3373.56,1111.2,634.55,5630.65,0.22,0.35,0.2,0.45,53198.31999999999,10749.96,0.20207329855529274,-0.010000000000000009,0.55,1086,0.8202416918429003,0.647222160822712,11.514621676891615,1745.75,1310.76,40.17999999999999,8.119305135951661,0,Cluster 0,51.24,Moderate Potential,Hold / Stabilize,0.0,70.88,60.95,100.0,42.17,2.0461988091373056,2.912744330397741,0
26172,Top Pizza Cafe,Pizza,Cafe,South Auckland,1.05,36.39,1808,468,469,268,603,17030.52,17066.91,9752.52,21943.17,0.274704319536686,0.355725291324779,0.28,13,3.84,2315.52,6293.98,1528.69,873.54,5794.03,0.35,0.35,0.2,0.45,65793.12,14490.239999999998,0.2202394414491971,0.050000000000000044,0.55,1340,0.7411504424778761,0.630429610861465,9.608673300165837,2402.23,1898.4,36.39,8.014513274336283,0,Cluster 0,80.24,Very High Potential,Expand,100.0,73.19,56.86,100.0,70.44,2.707631263788562,2.892544517404598,0
25201,Lucky Pizza Kitchen,Pizza,QSR,West Auckland,1.04,41.26,893,195,244,140,314,8045.7,10067.44,5776.4,12955.64,0.2314166527614,0.404841993562877,0.33,18,5.31,1667.34,2926.55,339.69,194.9,3045.16,0.28,0.35,0.2,0.45,36845.18,6506.3,0.1765848341628403,0.040000000000000036,0.55,698,0.7816349384098544,0.636258646324277,9.69796178343949,534.59,928.72,41.26,7.2858902575587905,0,Cluster 0,69.57,High Potential,Hold / Stabilize,83.33,66.32,47.65,100.0,50.86,2.0962457951505535,2.7805925882815123,0
25687,Classic Pizza Corner,Pizza,Cafe,West Auckland,1.04,33.9,1465,403,372,212,478,13661.7,12610.8,7186.8,16204.2,0.278441960271448,0.387741360720247,0.29,6,1.77,846.06,4560.5,552.56,314.9,4563.17,0.38,0.35,0.2,0.45,49663.5,9991.13,0.20117651796591057,0.040000000000000036,0.55,1062,0.7249146757679181,0.666183320991695,9.546380753138076,867.4599999999999,1523.6000000000001,33.9,6.819883959044368,0,Cluster 0,72.0,High Potential,Hold / Stabilize,83.33,69.01,63.06,100.0,42.03,2.8207781964051586,2.6394124709195164,0
26378,King Pizza Cafe,Pizza,Ghost Kitchen,West Auckland,1.04,42.33,1544,73,515,294,662,3090.09,21799.95,12445.02,28022.46,0.266469525475986,0.296299077291042,0.3,9,2.66,1760.92,1351.08,2991.64,1707.85,10491.38,0.05,0.35,0.2,0.45,65357.52,16541.949999999997,0.25309941380884704,0.040000000000000036,0.55,1471,0.9527202072538861,0.562768602767028,15.84800604229607,4699.49,1605.76,42.33,10.713698186528495,0,Cluster 0,78.69,High Potential,Hold / Stabilize,83.33,81.26,73.97,100.0,51.67,1.0445008729209289,3.812313543551692,0
25530,Classic Pizza Corner,Pizza,QSR,North Shore,1.03,38.97,1767,364,491,281,631,14185.08,19134.27,10950.57,24590.07,0.201766975428909,0.403794487263076,0.31,5,1.48,933.88,5595.14,1615.67,924.65,8765.39,0.26,0.35,0.2,0.45,68859.98999999999,16900.85,0.24543788054572765,0.030000000000000027,0.55,1403,0.7940011318619129,0.605561462691985,13.891267828843105,2540.32,1820.01,38.96999999999999,9.564714204867006,0,Cluster 0,73.53,High Potential,Hold / Stabilize,66.67,78.68,74.04,100.0,49.24,2.1233319694977775,3.4066128262371453,0
26218,Lucky Pizza Bistro,Pizza,Full-service,South Auckland,1.05,37.0,1193,322,305,174,392,11914.0,11285.0,6438.0,14504.0,0.36528065224411,0.468981651915237,0.32,17,5.02,1967.84,1974.6,-1740.85,-993.14,436.02,0.37,0.35,0.2,0.45,44141.0,-323.37,-0.007325842187535398,0.050000000000000044,0.55,871,0.730092204526404,0.834262304159347,1.1122959183673469,-2733.99,1252.65,37.0,-0.27105616093880974,1,Cluster 1,45.43,Moderate Potential,Optimize,100.0,31.34,18.77,100.0,58.96,3.9010623069754673,0.5835290638898787,0
25989,Classic Pizza Grill,Pizza,QSR,CBD,0.99,43.26,1794,414,483,276,621,17909.64,20894.58,11939.76,26864.46,0.222421052791178,0.400567384716123,0.27,8,2.36,1465.56,6752.14,2235.96,1277.69,8662.65,0.3,0.35,0.2,0.45,77608.44,18928.440000000002,0.24389666897053983,-0.010000000000000009,0.55,1380,0.7692307692307693,0.622988437507301,13.94951690821256,3513.65,1776.06,43.26,10.550969899665553,0,Cluster 0,56.45,Moderate Potential,Hold / Stabilize,0.0,79.8,66.38,100.0,54.83,2.365710937178692,3.2077279364547926,0
25533,Urban Pizza Kitchen,Pizza,Cafe,West Auckland,1.04,39.97,1712,415,454,259,584,16587.55,18146.38,10352.23,23342.48,0.268391657341272,0.386257217801176,0.28,12,3.54,2067.36,5728.53,1185.89,676.53,5993.99,0.32,0.35,0.2,0.45,68428.64,13584.939999999999,0.19852710794778325,0.040000000000000036,0.55,1297,0.7575934579439252,0.654648875142448,10.263681506849315,1862.42,1780.48,39.97,7.935128504672896,0,Cluster 0,73.98,High Potential,Hold / Stabilize,83.33,70.16,54.83,100.0,64.3,2.6774361878294024,2.7414147270013576,0
25897,Top Pizza Grill,Pizza,QSR,CBD,0.99,40.49,734,137,209,119,269,5547.13,8462.41,4818.31,10891.81,0.250187468975782,0.406437873025425,0.32,5,1.48,398.12,1904.74,197.81,112.63,3341.85,0.23,0.35,0.2,0.45,29719.660000000003,5557.030000000001,0.18698161419074108,-0.010000000000000009,0.55,597,0.8133514986376021,0.6566253420012069,12.423234200743494,310.44,726.66,40.49,7.570885558583107,0,Cluster 0,47.36,Moderate Potential,Hold / Stabilize,0.0,68.11,66.17,100.0,14.01,1.8451089762228554,2.83876763122263,0
26059,King Pizza Corner,Pizza,QSR,CBD,0.99,41.01,1536,326,424,242,544,13369.26,17388.24,9924.42,22309.44,0.22324148543179,0.408812938630581,0.29,3,0.89,484.16,4919.16,1355.34,773.56,7724.5,0.27,0.35,0.2,0.45,62991.36,14772.56,0.23451724172965943,-0.010000000000000009,0.55,1210,0.7877604166666666,0.632054424062371,14.199448529411764,2128.8999999999996,1520.6399999999999,41.01,9.617552083333333,0,Cluster 0,54.22,Moderate Potential,Hold / Stabilize,0.0,77.28,73.3,100.0,34.93,2.1705506387990123,3.186629506683177,0
25656,Classic Pizza Cafe,Pizza,Full-service,CBD,0.99,33.55,1917,548,479,274,616,18385.4,16070.45,9192.7,20666.8,0.391183318814728,0.468937352532521,0.33,8,2.36,1453.76,2571.74,-3055.32,-1747.72,1437.1,0.4,0.35,0.2,0.45,64315.350000000006,-794.2000000000003,-0.01234852955009963,-0.010000000000000009,0.55,1369,0.7141366718831508,0.860120671347249,2.3329545454545455,-4803.04,1897.83,33.550000000000004,-0.41429316640584263,1,Cluster 1,22.4,Low Potential,Optimize,0.0,30.47,29.83,100.0,58.75,4.500104945644728,0.3107804583265762,0
25657,Top Pizza House,Pizza,Ghost Kitchen,West Auckland,1.04,44.67,1309,74,432,247,556,3305.58,19297.44,11033.49,24836.52,0.264117752609309,0.244468622235581,0.29,8,2.36,1312.16,1624.41,3886.77,2222.3,10892.84,0.06,0.35,0.2,0.45,58473.03,18626.32,0.3185454901174097,0.040000000000000036,0.55,1235,0.9434682964094728,0.50858637484489,19.591438848920863,6109.07,1361.3600000000001,44.67,14.22942704354469,0,Cluster 0,82.56,Very High Potential,Expand,83.33,94.83,84.02,100.0,41.46,0.5627876132507361,4.46611622042547,0
26185,Lucky Pizza Grill,Pizza,Full-service,West Auckland,1.04,41.54,1614,418,419,239,538,17363.72,17405.26,9928.06,22348.52,0.374863436969463,0.524074592022225,0.32,13,3.84,2065.92,1754.81,-3810.67,-2173.63,192.67,0.35,0.35,0.2,0.45,67045.56,-4036.8199999999997,-0.060210101906822765,0.040000000000000036,0.55,1196,0.7410161090458488,0.898938028991688,0.35812267657992564,-5984.3,1678.56,41.54,-2.5011276332094172,1,Cluster 1,38.73,Low Potential,Optimize,83.33,21.21,15.47,100.0,63.35,4.403841338528876,0.06804580484356769,0
25620,Urban Pizza Bistro,Pizza,QSR,South Auckland,1.05,43.51,1521,332,416,238,535,14445.32,18100.16,10355.38,23277.85,0.265463373530656,0.44839600706473,0.3,16,4.72,2525.2,4133.39,-250.86,-143.52,4135.54,0.28,0.35,0.2,0.45,66178.70999999999,7874.55,0.11898917340637194,0.050000000000000044,0.55,1189,0.7817225509533202,0.713859380595386,7.729981308411215,-394.38,1597.05,43.51,5.1772189349112425,0,Cluster 0,71.89,High Potential,Hold / Stabilize,100.0,55.72,39.03,100.0,67.73,2.866386888806446,2.0985819414636726,0
26025,Urban Pizza Grill,Pizza,Full-service,West Auckland,1.04,37.75,1344,410,327,187,420,15477.5,12344.25,7059.25,15855.0,0.398564619501121,0.466798003553413,0.27,17,5.02,2108.4,2083.85,-1670.95,-955.56,26.28,0.44,0.35,0.2,0.45,50736.0,-516.3800000000001,-0.0101777830337433,0.040000000000000036,0.55,934,0.6949404761904762,0.8653626230545339,0.06257142857142857,-2626.51,1397.76,37.75,-0.3842113095238096,1,Cluster 1,40.88,Moderate Potential,Optimize,83.33,30.81,13.98,100.0,63.64,4.379833925494441,0.3004598361878917,0
25863,King Pizza Tavern,Pizza,Full-service,CBD,0.99,33.33,970,296,236,135,303,9865.68,7865.88,4499.55,10098.99,0.37359734174097,0.482115125725977,0.31,7,2.07,627.21,1423.49,-1303.47,-745.63,829.95,0.44,0.35,0.2,0.45,32330.1,204.34000000000003,0.006320425857018693,-0.010000000000000009,0.55,674,0.6948453608247422,0.855712467466947,2.739108910891089,-2049.1,960.3,33.33,0.21065979381443303,1,Cluster 1,33.82,Low Potential,Hold / Stabilize,0.0,33.83,32.15,100.0,26.21,4.087750513092383,0.4660158286040672,0
26188,Classic Pizza Tavern,Pizza,Full-service,South Auckland,1.05,33.24,1755,600,404,231,520,19944.0,13428.96,7678.44,17284.8,0.380446089350153,0.461335604358464,0.31,4,1.18,613.6,3155.51,-2038.27,-1165.45,2121.17,0.52,0.35,0.2,0.45,58336.2,2072.96,0.03553471086563746,0.050000000000000044,0.55,1155,0.6581196581196581,0.841781693708617,4.079173076923077,-3203.7200000000003,1842.75,33.239999999999995,1.1811737891737892,1,Cluster 1,64.78,High Potential,Hold / Stabilize,100.0,39.08,39.33,100.0,47.64,4.641541078910962,0.6961540886915532,0
26271,Classic Pizza Bistro,Pizza,QSR,South Auckland,1.05,39.47,1174,234,329,188,423,9235.98,12985.63,7420.36,16695.81,0.27053945383057,0.412952751899138,0.28,17,5.02,2123.46,2923.26,474.08,270.9,3160.89,0.25,0.35,0.2,0.45,46337.78,6829.13,0.14737715099860202,0.050000000000000044,0.55,940,0.8006814310051107,0.6834922057297079,7.472553191489362,744.98,1232.7,39.47,5.816976149914821,0,Cluster 0,72.25,High Potential,Hold / Stabilize,100.0,60.41,42.01,100.0,58.32,2.4042315974210315,2.371497242513431,0
25504,Top Pizza Tavern,Pizza,QSR,West Auckland,1.04,32.61,1703,340,477,273,613,11087.4,15554.97,8902.53,19989.93,0.210267849005759,0.409942656871863,0.3,15,4.43,2715.59,4210.88,1241.12,710.33,4876.38,0.25,0.35,0.2,0.45,55534.83,11038.71,0.1987709334844457,0.040000000000000036,0.55,1363,0.8003523194362889,0.6202105058776219,7.954942903752039,1951.4499999999998,1771.1200000000001,32.61,6.481920140927774,0,Cluster 0,74.56,High Potential,Hold / Stabilize,83.33,68.23,55.1,100.0,71.0,2.2987380201352985,2.9095910459402488,0
25894,King Pizza Grill,Pizza,Cafe,CBD,0.99,36.87,1251,288,337,193,433,10618.56,12425.19,7115.91,15964.71,0.230757518429309,0.411095651169308,0.29,17,5.02,2173.66,3803.0,846.74,484.93,3544.05,0.3,0.35,0.2,0.45,46124.369999999995,8678.720000000001,0.18815910114327852,-0.010000000000000009,0.55,963,0.7697841726618705,0.641853169598617,8.18487297921478,1331.67,1238.49,36.87,6.937426059152679,0,Cluster 0,50.31,Moderate Potential,Hold / Stabilize,0.0,67.41,48.43,100.0,58.51,2.3717815762814216,2.653111983352625,0
26194,Classic Pizza Cafe,Pizza,Full-service,North Shore,1.03,39.04,1801,631,410,234,526,24634.24,16006.4,9135.36,20535.04,0.392636619391851,0.51446183193475,0.28,17,5.02,2640.52,2288.56,-2994.77,-1709.21,-732.78,0.54,0.35,0.2,0.45,70311.04000000001,-3148.2,-0.044775329734846755,0.030000000000000027,0.55,1170,0.6496390893947807,0.907098451326601,-1.3931178707224334,-4703.98,1855.03,39.040000000000006,-1.7480288728484175,1,Cluster 1,36.01,Low Potential,Optimize,66.67,24.3,7.54,100.0,78.37,5.23949189117908,-0.19317776817163132,0
26558,Top Pizza Kitchen,Pizza,QSR,South Auckland,1.05,35.55,1184,244,329,188,423,8674.2,11695.95,6683.4,15037.65,0.232291806284338,0.425341091142036,0.32,8,2.36,998.28,2969.76,261.6,149.49,4150.12,0.26,0.35,0.2,0.45,42091.200000000004,7530.97,0.17892029687915761,0.050000000000000044,0.55,940,0.793918918918919,0.657632897426374,9.811158392434988,411.09000000000003,1243.2,35.550000000000004,6.3606165540540545,0,Cluster 0,74.2,High Potential,Hold / Stabilize,100.0,65.39,61.04,100.0,37.66,2.2337769355777812,2.752916098572385,0
25427,Lucky Pizza Bistro,Pizza,QSR,North Shore,1.03,44.82,700,135,198,113,254,6050.7,8874.36,5064.66,11384.28,0.221595377549529,0.442231499240734,0.28,8,2.36,599.44,2034.08,498.5,284.5,3227.65,0.24,0.35,0.2,0.45,31374.0,6044.73,0.19266685790782176,0.030000000000000027,0.55,565,0.8071428571428572,0.663826876790263,12.70728346456693,783.0,721.0,44.82,8.635328571428571,0,Cluster 0,64.39,High Potential,Hold / Stabilize,66.67,70.31,60.09,100.0,20.83,1.8558917408415951,2.933922903153767,0
26357,Classic Pizza House,Pizza,QSR,CBD,0.99,38.57,1817,419,489,280,629,16160.83,18860.73,10799.6,24260.53,0.274983283169568,0.411861554463394,0.31,11,3.25,2044.25,5060.85,59.51,34.07,5553.06,0.3,0.35,0.2,0.45,70081.69,10707.490000000002,0.15278584177978585,-0.010000000000000009,0.55,1398,0.7694001100715465,0.686844837632962,8.828394276629572,93.58,1798.83,38.57,5.892949917446341,0,Cluster 0,49.99,Moderate Potential,Hold / Stabilize,0.0,61.24,51.5,100.0,62.56,2.9149229884977994,2.269025321864063,0
25791,Classic Pizza Bistro,Pizza,Ghost Kitchen,South Auckland,1.05,46.18,1554,45,528,302,679,2078.1,24383.04,13946.36,31356.22,0.260823890322354,0.285453697992489,0.31,5,1.48,1004.92,942.88,3504.39,2004.4,13222.1,0.03,0.35,0.2,0.45,71763.72,19673.77,0.27414646286452266,0.050000000000000044,0.55,1509,0.971042471042471,0.546277588314843,19.472901325478645,5508.79,1631.7,46.18,12.660083655083655,0,Cluster 0,84.79,Very High Potential,Expand,100.0,86.73,83.18,100.0,43.18,0.8169230097836387,4.142510605116903,0
25753,Urban Pizza Kitchen,Pizza,QSR,West Auckland,1.04,38.52,799,179,217,124,279,6895.08,8358.84,4776.48,10747.08,0.2278426746279,0.37117026054766,0.32,10,2.95,823.05,2764.84,676.96,386.83,3486.39,0.29,0.35,0.2,0.45,30777.480000000003,7315.02,0.23767442948545495,0.040000000000000036,0.55,620,0.7759699624530664,0.59901293517556,12.496021505376344,1063.79,830.96,38.52,9.155219023779726,0,Cluster 0,72.81,High Potential,Hold / Stabilize,83.33,77.08,66.74,100.0,29.04,1.7590450589977944,3.342505181360353,0
25147,King Pizza Eatery,Pizza,QSR,CBD,0.99,36.78,1208,264,330,189,425,9709.92,12137.4,6951.42,15631.5,0.233279583901167,0.399572163308039,0.27,12,3.54,1504.5,3564.98,1179.13,675.32,4234.58,0.28,0.35,0.2,0.45,44430.24,9654.01,0.21728466918027003,-0.010000000000000009,0.55,944,0.7814569536423841,0.632851747209206,9.963717647058823,1854.4500000000003,1195.92,36.78,7.991730132450331,0,Cluster 0,51.65,Moderate Potential,Hold / Stabilize,0.0,72.76,58.19,100.0,45.47,2.1450918957933,2.924990472680327,0
26576,King Pizza Kitchen,Pizza,Full-service,North Shore,1.03,39.31,713,250,162,93,208,9827.5,6368.22,3655.83,8176.48,0.365208660904318,0.481922784657218,0.31,17,5.02,1044.16,1502.32,-1000.65,-574.45,205.77,0.54,0.35,0.2,0.45,28028.030000000002,132.98999999999992,0.004744892880448605,0.030000000000000027,0.55,463,0.6493688639551192,0.847131445561536,0.9892788461538462,-1575.1,734.39,39.31,0.18652173913043468,1,Cluster 1,49.76,Moderate Potential,Hold / Stabilize,66.67,33.59,16.79,100.0,42.26,4.304958459815903,0.44687323855003996,0
25231,Top Pizza House,Pizza,Full-service,CBD,0.99,30.58,1608,459,402,230,517,14036.22,12293.16,7033.4,15809.86,0.37593185986625,0.479613355943002,0.32,3,0.89,460.13,2027.6,-2158.01,-1234.68,1823.68,0.4,0.35,0.2,0.45,49172.64,458.5899999999997,0.009326121192598154,-0.010000000000000009,0.55,1149,0.7145522388059702,0.855545215809252,3.5274274661508707,-3392.6900000000005,1591.92,30.58,0.28519278606965154,1,Cluster 1,36.94,Low Potential,Hold / Stabilize,0.0,34.34,38.85,100.0,37.23,4.256586034827112,0.4974379681491671,0
26645,Urban Pizza Tavern,Pizza,Cafe,North Shore,1.03,45.34,666,172,173,99,222,7798.48,7843.82,4488.66,10065.48,0.224250628240407,0.428476972575299,0.29,11,3.25,721.5,2708.2,449.23,257.08,2773.96,0.35,0.35,0.2,0.45,30196.44,6188.469999999999,0.2049403837008601,0.030000000000000027,0.55,494,0.7417417417417418,0.652727600815706,12.495315315315315,706.31,685.98,45.339999999999996,9.291996996996996,0,Cluster 0,65.24,High Potential,Hold / Stabilize,66.67,72.85,56.76,100.0,26.7,2.1866893574907484,2.9200928050078874,0
25757,Top Pizza Kitchen,Pizza,Cafe,South Auckland,1.05,38.02,1872,386,520,297,669,14675.72,19770.4,11291.94,25435.38,0.210788026470691,0.409318629535846,0.33,12,3.54,2368.26,5575.21,986.41,563.39,7294.47,0.26,0.35,0.2,0.45,71173.44,14419.48,0.202596361788892,0.050000000000000044,0.55,1486,0.7938034188034188,0.620106656006537,10.903542600896861,1549.8,1965.6000000000001,38.02,7.702713675213675,0,Cluster 0,80.17,Very High Potential,Expand,100.0,70.39,60.15,100.0,70.27,2.376825508720792,3.0335559969680586,0
25314,Lucky Pizza Eatery,Pizza,QSR,South Auckland,1.05,38.23,1116,186,326,186,418,7110.78,12462.98,7110.78,15980.14,0.21774673609063,0.420422325958498,0.32,3,0.89,372.02,2572.9,521.34,297.45,5410.09,0.2,0.35,0.2,0.45,42664.67999999999,8801.78,0.20630132465542933,0.050000000000000044,0.55,930,0.8333333333333334,0.638169062049128,12.942799043062202,818.79,1171.8,38.23,7.886899641577061,0,Cluster 0,75.81,High Potential,Hold / Stabilize,100.0,71.14,72.36,100.0,23.69,1.7889623670242412,3.160487783592675,0
26635,Urban Pizza Eatery,Pizza,Ghost Kitchen,South Auckland,1.05,33.14,1066,60,352,201,453,1988.4,11665.28,6661.14,15012.42,0.266349605016876,0.246469770360272,0.31,14,4.13,1870.89,968.71,2066.86,1180.22,5442.87,0.06,0.35,0.2,0.45,35327.24,9658.66,0.2734054514306807,0.050000000000000044,0.55,1006,0.9437148217636022,0.512819375377148,12.015165562913907,3247.08,1119.3,33.14,9.060656660412757,0,Cluster 0,82.26,Very High Potential,Expand,100.0,81.76,73.35,100.0,47.66,0.6417008002202524,4.02025348220698,0
26287,Lucky Pizza Diner,Pizza,Full-service,North Shore,1.03,37.66,784,250,187,107,240,9415.0,7042.42,4029.62,9038.4,0.356693005922716,0.507279146322981,0.31,7,2.07,496.8,1280.7,-1225.18,-701.04,732.67,0.47,0.35,0.2,0.45,29525.439999999995,87.14999999999998,0.0029516918291480156,0.030000000000000027,0.55,534,0.6811224489795918,0.863972152245697,3.0527916666666663,-1926.22,807.52,37.66,0.11116071428571425,1,Cluster 1,49.35,Moderate Potential,Hold / Stabilize,66.67,33.24,30.88,100.0,21.29,4.1137247636394285,0.5253102473091298,0
25924,King Pizza Corner,Pizza,Full-service,North Shore,1.03,37.23,1287,423,302,173,389,15748.29,11243.46,6440.79,14482.47,0.39681792834308,0.530299017811194,0.27,16,4.72,1836.08,1147.78,-2216.28,-1269.59,-780.55,0.49,0.35,0.2,0.45,47915.01,-3118.6400000000003,-0.06508691117877259,0.030000000000000027,0.55,864,0.6713286713286714,0.9271169461542741,-2.0065552699228792,-3485.87,1325.6100000000001,37.230000000000004,-2.4231857031857036,1,Cluster 1,31.91,Low Potential,Optimize,66.67,20.66,6.15,100.0,58.98,4.923654614837246,-0.3415842430605807,0
26086,Top Pizza House,Pizza,QSR,South Auckland,1.05,42.92,1520,304,426,243,547,13047.68,18283.92,10429.56,23477.24,0.258586943577975,0.380055402358994,0.3,12,3.54,1936.38,4714.88,1121.86,639.93,6547.3,0.25,0.35,0.2,0.45,65238.399999999994,13023.970000000001,0.19963656374160008,0.050000000000000044,0.55,1216,0.8,0.638642345936969,11.96946983546618,1761.79,1596.0,42.919999999999995,8.568401315789474,0,Cluster 0,78.0,High Potential,Hold / Stabilize,100.0,71.16,57.29,100.0,58.36,2.2309689544279108,2.9659990782214996,0
25966,Classic Pizza House,Pizza,Cafe,CBD,0.99,35.69,1155,273,309,176,397,9743.37,11028.21,6281.44,14168.93,0.221838189810514,0.383769589895383,0.33,10,2.95,1171.15,3842.71,710.13,404.48,4416.97,0.31,0.35,0.2,0.45,41221.95,9374.29,0.22741015405627346,-0.010000000000000009,0.55,882,0.7636363636363637,0.605607779705897,11.125869017632242,1114.6100000000001,1143.45,35.69,8.1162683982684,0,Cluster 0,52.58,Moderate Potential,Hold / Stabilize,0.0,74.29,65.72,100.0,39.11,2.090184913771911,3.1122870984814597,0
26453,King Pizza Cafe,Pizza,Full-service,South Auckland,1.05,34.03,1597,532,373,213,479,18103.96,12693.19,7248.39,16300.37,0.352824207977392,0.478757399367169,0.31,9,2.66,1274.14,3049.04,-1797.12,-1026.24,1471.14,0.5,0.35,0.2,0.45,54345.91,1696.8200000000002,0.031222588783590154,0.050000000000000044,0.55,1065,0.6668753913587977,0.831581607344561,3.071273486430063,-2823.3599999999997,1676.8500000000001,34.03,1.062504696305573,1,Cluster 1,64.19,High Potential,Hold / Stabilize,100.0,38.34,32.53,100.0,53.96,4.4642640458596095,0.7279660482817427,0
25684,Lucky Pizza Cafe,Pizza,Ghost Kitchen,South Auckland,1.05,32.73,579,16,197,113,253,523.68,6447.81,3698.49,8280.69,0.297161236905958,0.348697689175606,0.33,5,1.48,374.44,185.46,155.66,89.29,2558.09,0.03,0.35,0.2,0.45,18950.67,2988.5,0.15769890985384688,0.050000000000000044,0.55,563,0.9723661485319517,0.645858926081564,10.11102766798419,244.95,607.95,32.73,5.161485319516408,0,Cluster 0,70.32,High Potential,Hold / Stabilize,100.0,60.91,67.83,100.0,10.19,1.0814578420508532,2.8836771632309697,0
26091,King Pizza Grill,Pizza,Full-service,CBD,0.99,35.31,1086,357,255,146,328,12605.67,9004.05,5155.26,11581.68,0.39497821269324,0.501995989563875,0.32,12,3.54,1161.12,1298.71,-1953.65,-1118.56,32.09,0.49,0.35,0.2,0.45,38346.66,-1741.41,-0.04541229927195745,-0.010000000000000009,0.55,729,0.6712707182320442,0.896974202257115,0.09783536585365854,-3072.21,1075.14,35.31,-1.6035082872928177,1,Cluster 1,15.83,Low Potential,Optimize,0.0,24.41,17.47,100.0,41.58,4.649649903916516,-0.11493376799653662,0
26631,Lucky Pizza Corner,Pizza,Full-service,West Auckland,1.04,38.6,1471,449,358,204,460,17331.4,13818.8,7874.4,17756.0,0.352456971432548,0.523055132175796,0.3,17,5.02,2309.2,2157.55,-2425.37,-1382.05,-98.79,0.44,0.35,0.2,0.45,56780.6,-1748.6599999999996,-0.030796786226281507,0.040000000000000036,0.55,1022,0.6947654656696125,0.875512103608344,-0.2147608695652174,-3807.42,1529.8400000000001,38.6,-1.188755948334466,1,Cluster 1,40.24,Moderate Potential,Optimize,83.33,26.94,12.41,100.0,67.89,4.52220740152215,0.19546883804896745,0
26063,Classic Pizza Diner,Pizza,QSR,North Shore,1.03,43.18,1682,325,475,271,611,14033.5,20510.5,11701.78,26382.98,0.258607159834355,0.377645602985285,0.3,13,3.84,2346.24,5104.65,1307.49,745.96,7250.5,0.24,0.35,0.2,0.45,72628.76,14408.599999999999,0.19838697507709066,0.030000000000000027,0.55,1357,0.8067776456599287,0.6362527628196399,11.866612111292962,2053.45,1732.46,43.18,8.566349583828774,0,Cluster 0,70.37,High Potential,Hold / Stabilize,66.67,70.99,55.97,100.0,65.09,2.2769936761547784,2.9324866711676494,0
25217,Urban Pizza Kitchen,Pizza,Cafe,West Auckland,1.04,32.22,708,179,185,106,238,5767.38,5960.7,3415.32,7668.36,0.246987310424447,0.444379509147257,0.28,14,4.13,982.94,1780.0,170.67,97.79,1383.77,0.34,0.35,0.2,0.45,22811.76,3432.23,0.1504587984443112,0.040000000000000036,0.55,529,0.7471751412429378,0.691366819571704,5.814159663865546,268.46,736.32,32.22,4.847782485875706,0,Cluster 0,65.18,High Potential,Hold / Stabilize,83.33,59.51,45.83,100.0,35.32,2.5398774406717832,2.240431728713104,0
25326,Top Pizza Cafe,Pizza,QSR,South Auckland,1.05,42.59,1591,357,432,247,555,15204.63,18398.88,10519.73,23637.45,0.235044760350138,0.445425680442713,0.31,17,5.02,2786.1,4858.33,175.33,100.25,4766.76,0.29,0.35,0.2,0.45,67760.69,9900.67,0.1461122960819909,0.050000000000000044,0.55,1234,0.77561282212445,0.680470440792851,8.588756756756757,275.58000000000004,1670.5500000000002,42.59,6.222922690131992,0,Cluster 0,74.56,High Potential,Hold / Stabilize,100.0,60.78,42.48,100.0,72.43,2.737106245115865,2.3991570529809474,0
26661,Classic Pizza Kitchen,Pizza,Full-service,South Auckland,1.05,42.96,1800,600,420,240,540,25776.0,18043.2,10310.4,23198.4,0.365962668543216,0.532778966287151,0.28,14,4.13,2230.2,2610.04,-3225.07,-1842.9,118.83,0.5,0.35,0.2,0.45,77328.0,-2339.1000000000004,-0.030249068901303543,0.050000000000000044,0.55,1200,0.6666666666666666,0.8987416348303671,0.22005555555555556,-5067.97,1890.0,42.96,-1.2995,1,Cluster 1,45.36,Moderate Potential,Optimize,100.0,26.87,13.86,100.0,72.5,4.977026993918831,0.10607428950138487,0
26446,Urban Pizza Kitchen,Pizza,Full-service,West Auckland,1.04,37.32,1324,364,336,192,432,13584.48,12539.52,7165.44,16122.24,0.366639859124552,0.52360003029462,0.28,14,4.13,1784.16,1491.03,-2134.73,-1219.84,-14.58,0.38,0.35,0.2,0.45,49411.68,-1878.12,-0.03800963658794843,0.040000000000000036,0.55,960,0.7250755287009063,0.890239889419172,-0.03375,-3354.5699999999997,1376.96,37.32,-1.4185196374622355,1,Cluster 1,38.68,Low Potential,Optimize,83.33,25.66,15.18,100.0,55.97,4.2952793070532,0.15311619063610435,0
26273,Urban Pizza Diner,Pizza,Cafe,North Shore,1.03,31.9,1628,457,410,234,527,14578.3,13079.0,7464.6,16811.3,0.217616390939802,0.397422544937581,0.31,7,2.07,1090.89,5612.08,980.42,559.55,5380.81,0.39,0.35,0.2,0.45,51933.2,12532.86,0.24132655026071956,0.030000000000000027,0.55,1171,0.7192874692874693,0.615038935877383,10.210265654648957,1539.9699999999998,1676.8400000000001,31.9,7.6983169533169535,0,Cluster 0,71.81,High Potential,Hold / Stabilize,66.67,75.6,69.25,100.0,49.3,2.633310190251174,3.092610196464129,0
26098,Classic Pizza Grill,Pizza,Full-service,CBD,0.99,42.03,1375,439,328,187,421,18451.17,13785.84,7859.61,17694.63,0.373272623040248,0.517080233967863,0.33,13,3.84,1616.64,2023.12,-3037.75,-1731.89,323.53,0.47,0.35,0.2,0.45,57791.25,-2422.9900000000007,-0.04192658923279909,-0.010000000000000009,0.55,936,0.6807272727272727,0.890352857008111,0.768479809976247,-4769.64,1361.25,42.03,-1.7621745454545459,1,Cluster 1,17.5,Low Potential,Optimize,0.0,24.67,16.8,100.0,53.13,4.656192044252649,0.03656072552031785,0
25574,Lucky Pizza Kitchen,Pizza,Cafe,South Auckland,1.05,42.64,974,194,273,156,351,8272.16,11640.72,6651.84,14966.64,0.220691327489913,0.351094515947625,0.27,11,3.25,1140.75,3542.26,1841.73,1052.42,5268.18,0.25,0.35,0.2,0.45,41531.36,11704.59,0.2818253483632609,0.050000000000000044,0.55,780,0.8008213552361396,0.571785843437538,15.00905982905983,2894.15,1022.7,42.64,12.017032854209445,0,Cluster 0,81.2,Very High Potential,Expand,100.0,86.89,69.24,100.0,37.55,1.4587202734381854,3.7957773535145902,0
26436,Lucky Pizza Diner,Pizza,Cafe,West Auckland,1.04,39.72,629,133,174,99,223,5282.76,6911.28,3932.28,8857.56,0.254427242632955,0.35761677462142,0.32,18,5.31,1184.13,2049.48,469.66,267.22,2252.21,0.27,0.35,0.2,0.45,24983.88,5038.57,0.20167283864635915,0.040000000000000036,0.55,496,0.7885532591414944,0.6120440172543751,10.099596412556053,736.8800000000001,654.16,39.72,8.010445151033386,0,Cluster 0,70.08,High Potential,Hold / Stabilize,83.33,70.68,51.38,100.0,42.01,1.7750211283088726,3.0099234267000288,0
26546,Top Pizza Tavern,Pizza,QSR,North Shore,1.03,39.02,1525,254,445,254,572,9911.08,17363.9,9911.08,22319.44,0.245379131063819,0.369287444860674,0.29,8,2.36,1349.92,3819.07,1655.36,944.86,7250.51,0.2,0.35,0.2,0.45,59505.5,13669.8,0.22972330288796833,0.030000000000000027,0.55,1271,0.8334426229508197,0.614666575924493,12.675716783216783,2600.22,1570.75,39.02,8.963803278688523,0,Cluster 0,71.37,High Potential,Hold / Stabilize,66.67,75.75,67.66,100.0,48.21,1.8741322936497697,3.2668980042401605,0
26426,Top Pizza House,Pizza,QSR,South Auckland,1.05,37.63,1638,378,441,252,567,14224.14,16594.83,9482.76,21336.21,0.227269722595811,0.430248259799555,0.28,17,5.02,2846.34,4871.51,1036.88,592.5,4460.93,0.3,0.35,0.2,0.45,61637.94,10961.82,0.17784208881737448,0.050000000000000044,0.55,1260,0.7692307692307693,0.657517982395366,7.8676014109347445,1629.38,1719.9,37.63,6.692197802197802,0,Cluster 0,76.73,High Potential,Hold / Stabilize,100.0,65.69,46.01,100.0,74.02,2.6454305188193405,2.608798762592008,0
26347,Classic Pizza Kitchen,Pizza,QSR,North Shore,1.03,39.53,1330,274,370,211,475,10831.22,14626.1,8340.83,18776.75,0.23107464665547,0.390396465361118,0.3,12,3.54,1681.5,4099.93,1148.57,655.0,5426.04,0.26,0.35,0.2,0.45,52574.9,11329.54,0.2154933247614356,0.030000000000000027,0.55,1056,0.793984962406015,0.621471112016588,11.423242105263158,1803.57,1369.9,39.53,8.51845112781955,0,Cluster 0,69.62,High Potential,Hold / Stabilize,66.67,73.23,59.94,100.0,51.07,2.0723238192930635,3.086461129163327,0
25551,Classic Pizza Tavern,Pizza,Cafe,South Auckland,1.05,36.52,1788,492,454,259,583,17967.84,16580.08,9458.68,21291.16,0.23395031798631,0.372183835878968,0.3,3,0.89,518.87,7076.92,1556.3,887.85,7866.99,0.38,0.35,0.2,0.45,65297.759999999995,17388.059999999998,0.26628876702661775,0.050000000000000044,0.55,1296,0.7248322147651006,0.606134153865278,13.493979416809605,2444.15,1877.4,36.519999999999996,9.724865771812079,0,Cluster 0,82.85,Very High Potential,Expand,100.0,81.7,77.29,100.0,46.43,2.5424814877491038,3.390219712540768,0
26373,Lucky Pizza Kitchen,Pizza,Cafe,CBD,0.99,30.09,1083,237,296,169,381,7131.33,8906.64,5085.21,11464.29,0.252854062430561,0.350219596992247,0.3,14,4.13,1573.53,2830.61,863.29,492.89,2976.95,0.28,0.35,0.2,0.45,32587.47,7163.74,0.21983111913873643,-0.010000000000000009,0.55,846,0.7811634349030471,0.603073659422808,7.813517060367453,1356.1799999999998,1072.17,30.09,6.614718374884579,0,Cluster 0,51.62,Moderate Potential,Hold / Stabilize,0.0,71.24,59.44,100.0,46.15,1.9978717734915914,2.96549211847098,0
25271,Lucky Pizza House,Pizza,Ghost Kitchen,South Auckland,1.05,38.09,1560,45,530,303,682,1714.05,20187.7,11541.27,25977.38,0.265133102447726,0.25546774903778,0.29,6,1.77,1207.14,821.71,3823.53,2185.91,11246.39,0.03,0.35,0.2,0.45,59420.40000000001,18077.54,0.30423120679093374,0.050000000000000044,0.55,1515,0.9711538461538461,0.520600851485506,16.49030791788856,6009.4400000000005,1638.0,38.09,11.588166666666668,0,Cluster 0,86.29,Very High Potential,Expand,100.0,89.33,85.5,100.0,45.71,0.6845991212722381,4.301289545103928,0
25095,Urban Pizza Cafe,Pizza,Cafe,CBD,0.99,38.96,1150,244,317,181,408,9506.24,12350.32,7051.76,15895.68,0.219332030825317,0.447013895516284,0.3,18,5.31,2166.48,3171.8,415.64,237.32,3137.18,0.27,0.35,0.2,0.45,44804.0,6961.9400000000005,0.155386572627444,-0.010000000000000009,0.55,906,0.7878260869565218,0.666345926341601,7.689166666666666,652.96,1138.5,38.96,6.053860869565217,0,Cluster 0,47.7,Moderate Potential,Hold / Stabilize,0.0,61.8,43.01,100.0,57.62,2.380059876907051,2.4214631426529776,0
25946,Urban Pizza Bistro,Pizza,QSR,West Auckland,1.04,45.29,1315,295,357,204,459,13360.55,16168.53,9239.16,20788.11,0.275596019681543,0.386526605347171,0.29,16,4.72,2166.48,4514.23,774.11,442.35,4857.35,0.29,0.35,0.2,0.45,59556.350000000006,10588.04,0.17778188220063856,0.040000000000000036,0.55,1020,0.7756653992395437,0.662122625028714,10.582461873638344,1216.46,1367.6000000000001,45.290000000000006,8.05174144486692,0,Cluster 0,71.16,High Potential,Hold / Stabilize,83.33,67.52,47.0,100.0,60.33,2.4378762977209,2.6571866284105417,0
25649,Classic Pizza Kitchen,Pizza,QSR,South Auckland,1.05,39.19,724,162,197,112,253,6348.78,7720.43,4389.28,9915.07,0.213539249114692,0.405171946389601,0.31,8,2.36,597.08,2420.72,550.38,312.91,3183.43,0.29,0.35,0.2,0.45,28373.559999999998,6467.44,0.2279389685326762,0.050000000000000044,0.55,562,0.7762430939226519,0.618711195504293,12.582727272727272,863.29,760.2,39.19,8.93292817679558,0,Cluster 0,75.59,High Potential,Hold / Stabilize,100.0,75.47,67.04,100.0,22.09,1.8065649332947205,3.2606054656047774,0
25934,Urban Pizza Grill,Pizza,Cafe,North Shore,1.03,45.2,1890,390,525,300,675,17628.0,23730.0,13560.0,30510.0,0.203595286905766,0.379665742721409,0.33,11,3.25,2193.75,7346.27,2058.32,1176.18,10520.96,0.26,0.35,0.2,0.45,85428.0,21101.73,0.247011869644613,0.030000000000000027,0.55,1500,0.7936507936507936,0.583261029627175,15.586607407407406,3234.5,1946.7,45.2,11.164936507936508,0,Cluster 0,75.52,High Potential,Hold / Stabilize,66.67,81.05,67.47,100.0,67.33,2.090311769903519,3.5264996818613614,0
26476,Lucky Pizza Corner,Pizza,Full-service,CBD,0.99,31.94,1747,590,405,231,521,18844.6,12935.7,7378.14,16640.74,0.351937074481975,0.474660008121282,0.33,12,3.54,1844.34,3267.71,-2025.69,-1155.4,1041.21,0.51,0.35,0.2,0.45,55799.18000000001,1127.83,0.02021230419515125,-0.010000000000000009,0.55,1157,0.6622781911848884,0.8265970826032569,1.9984836852207295,-3181.09,1729.53,31.940000000000005,0.645580995993131,1,Cluster 1,39.14,Low Potential,Hold / Stabilize,0.0,36.29,28.32,100.0,62.66,4.619764438661333,0.5236028256244695,0
26599,Lucky Pizza Cafe,Pizza,Full-service,CBD,0.99,35.67,2087,627,511,292,657,22365.09,18227.37,10415.64,23435.19,0.355992887588218,0.526625352073461,0.3,12,3.54,2325.78,2625.25,-3328.65,-1902.09,425.08,0.43,0.35,0.2,0.45,74443.29,-2180.41,-0.02928954375874575,-0.010000000000000009,0.55,1460,0.6995687589841878,0.882618239661679,0.6470015220700152,-5230.74,2066.13,35.669999999999995,-1.0447580258744609,1,Cluster 1,21.8,Low Potential,Optimize,0.0,27.34,19.69,100.0,73.51,4.828657628902673,0.08876405517872306,0
25317,King Pizza Cafe,Pizza,Full-service,West Auckland,1.04,34.87,1919,528,487,278,626,18411.36,16981.69,9693.86,21828.62,0.37993001366267,0.527670207573101,0.3,6,1.77,1108.02,1701.21,-3525.4,-2012.45,908.94,0.38,0.35,0.2,0.45,66915.53,-2927.7000000000003,-0.04375217531714985,0.040000000000000036,0.55,1391,0.7248566961959354,0.907600221235771,1.4519808306709265,-5537.85,1995.76,34.87,-1.5256383533090152,1,Cluster 1,40.77,Moderate Potential,Optimize,83.33,24.74,25.85,100.0,57.24,4.668931474723773,0.06040407123976205,0
25062,Urban Pizza Diner,Pizza,QSR,North Shore,1.03,35.16,1061,184,307,175,395,6469.44,10794.12,6153.0,13888.2,0.232083459757268,0.375091242347844,0.27,17,5.02,1982.9,2541.36,1325.79,755.74,3472.74,0.21,0.35,0.2,0.45,37304.76,8095.63,0.21701332484111946,0.030000000000000027,0.55,877,0.8265786993402451,0.607174702105112,8.791746835443037,2081.5299999999997,1092.83,35.160000000000004,7.630188501413761,0,Cluster 0,68.55,High Potential,Hold / Stabilize,66.67,72.23,53.77,100.0,53.81,1.7235982972328945,3.1068426845799184,0
26598,Urban Pizza House,Pizza,QSR,West Auckland,1.04,43.02,1189,245,330,189,425,10539.9,14196.6,8130.78,18283.5,0.2078494913131,0.381716514099389,0.29,5,1.48,629.0,4325.93,1709.75,979.22,6875.17,0.26,0.35,0.2,0.45,51150.78,13890.07,0.2715514797623809,0.040000000000000036,0.55,944,0.7939444911690496,0.5895660054124889,16.176870588235293,2688.9700000000003,1236.56,43.019999999999996,11.682144659377627,0,Cluster 0,76.97,High Potential,Hold / Stabilize,83.33,85.06,76.51,100.0,30.44,1.675680281864805,3.7113129947542625,0
26642,Lucky Pizza Bistro,Pizza,Full-service,North Shore,1.03,31.93,2228,722,527,301,678,23053.46,16827.11,9610.93,21648.54,0.380396651523188,0.472655458748341,0.27,10,2.95,2000.1,3387.66,-2070.61,-1182.65,1181.11,0.48,0.35,0.2,0.45,71140.04000000001,1315.5099999999995,0.018491836664696833,0.030000000000000027,0.55,1506,0.6759425493716338,0.8530521102715289,1.7420501474926253,-3253.26,2294.84,31.930000000000003,0.5904443447037699,1,Cluster 1,57.61,Moderate Potential,Hold / Stabilize,66.67,35.98,27.58,100.0,76.21,4.8564437176903015,0.4430862615636538,0
26495,King Pizza Diner,Pizza,QSR,South Auckland,1.05,43.36,816,152,232,133,299,6590.72,10059.52,5766.88,12964.64,0.244136251341552,0.372446543793194,0.29,6,1.77,529.23,2527.0,939.73,538.73,4441.64,0.23,0.35,0.2,0.45,35381.76,8447.1,0.23874165671803776,0.050000000000000044,0.55,664,0.8137254901960784,0.616582795134746,14.854983277591975,1478.46,856.8000000000001,43.36,10.351838235294117,0,Cluster 0,76.93,High Potential,Hold / Stabilize,100.0,78.84,70.71,100.0,20.54,1.573747861094663,3.424832583779861,0
25335,Classic Pizza House,Pizza,QSR,CBD,0.99,33.29,1294,283,354,202,455,9421.07,11784.66,6724.58,15146.95,0.24593517864123,0.392003784608096,0.33,18,5.31,2416.05,3411.0,377.83,215.6,3068.07,0.28,0.35,0.2,0.45,43077.259999999995,7072.5,0.16418175157844303,-0.010000000000000009,0.55,1011,0.7812982998454405,0.637938963249326,6.7430109890109895,593.43,1281.06,33.29,5.465610510046368,0,Cluster 0,49.36,Moderate Potential,Hold / Stabilize,0.0,62.19,47.39,100.0,62.21,2.388070235568504,2.4949773189601423,0
26184,Urban Pizza House,Pizza,Full-service,South Auckland,1.05,43.67,1837,628,423,242,544,27424.76,18472.41,10568.14,23756.48,0.397812514577527,0.54213472539559,0.29,15,4.43,2409.92,1646.93,-4247.68,-2430.11,-983.28,0.52,0.35,0.2,0.45,80221.79,-6014.14,-0.07496890807347979,0.050000000000000044,0.55,1209,0.658138268916712,0.939947239973117,-1.8074999999999999,-6677.790000000001,1928.8500000000001,43.669999999999995,-3.2738922155688623,1,Cluster 1,42.12,Moderate Potential,Optimize,100.0,18.18,5.82,100.0,76.08,5.360405194811185,-0.38554596696707183,0
26484,King Pizza Diner,Pizza,Full-service,West Auckland,1.04,37.47,1106,321,275,157,353,12027.87,10304.25,5882.79,13226.91,0.391800410626456,0.495386693300679,0.33,4,1.18,416.54,1356.9,-2237.95,-1277.67,1075.63,0.41,0.35,0.2,0.45,41441.82000000001,-1083.0899999999997,-0.026135193869381207,0.040000000000000036,0.55,785,0.7097649186256781,0.8871871039271351,3.0471104815864027,-3515.62,1150.24,37.470000000000006,-0.979285714285714,1,Cluster 1,38.06,Low Potential,Optimize,83.33,27.85,32.33,100.0,25.33,4.219566865660096,0.31337684886214395,0
26283,King Pizza Eatery,Pizza,Cafe,CBD,0.99,33.83,1058,274,274,157,353,9269.42,9269.42,5311.31,11941.99,0.26670686012134,0.398674988886341,0.3,4,1.18,416.54,3101.72,320.89,183.87,3579.47,0.35,0.35,0.2,0.45,35792.14,7185.949999999999,0.20076893977281043,-0.010000000000000009,0.55,784,0.7410207939508506,0.665381849007681,10.14014164305949,504.76,1047.42,33.83,6.792013232514177,0,Cluster 0,48.84,Moderate Potential,Hold / Stabilize,0.0,68.91,66.52,100.0,22.02,2.4942455722384427,2.6465579214376054,0
26673,King Pizza Kitchen,Pizza,QSR,North Shore,1.03,31.05,1897,391,527,301,678,12140.55,16363.35,9346.05,21051.9,0.216746239922941,0.377016343316063,0.33,16,4.72,3200.16,4931.95,1247.5,712.52,5351.91,0.26,0.35,0.2,0.45,58901.85,12243.88,0.20786919256356123,0.030000000000000027,0.55,1506,0.7938850817079599,0.593762583239004,7.893672566371682,1960.02,1953.91,31.05,6.454338429098576,0,Cluster 0,72.41,High Potential,Hold / Stabilize,66.67,69.41,57.54,100.0,79.22,2.3216976746090543,3.0173096861897233,0
25948,King Pizza Eatery,Pizza,Cafe,West Auckland,1.04,46.27,2074,514,546,312,702,23782.78,25263.42,14436.24,32481.54,0.214185018092394,0.367701809061691,0.29,6,1.77,1242.54,9943.89,3236.58,1849.47,12338.42,0.33,0.35,0.2,0.45,95963.98,27368.36,0.28519409053271866,0.040000000000000036,0.55,1560,0.7521697203471552,0.5818868271540849,17.576096866096865,5086.05,2156.96,46.269999999999996,13.195930568948892,0,Cluster 0,82.64,Very High Potential,Expand,83.33,88.94,76.05,100.0,62.43,2.3195678267031354,3.7355291167753113,0
26568,Top Pizza Grill,Pizza,Ghost Kitchen,West Auckland,1.04,35.23,1119,63,370,211,475,2219.49,13035.1,7433.53,16734.25,0.283086201990955,0.206905944633763,0.33,5,1.48,703.0,1131.96,2346.42,1338.09,7831.6,0.06,0.35,0.2,0.45,39422.369999999995,12648.07,0.32083484579947885,0.040000000000000036,0.55,1056,0.9436997319034852,0.489992146624718,16.487578947368423,3684.51,1163.76,35.23,11.303011617515638,0,Cluster 0,81.21,Very High Potential,Expand,83.33,91.18,91.86,100.0,28.1,0.4212743063369708,4.477301583340137,0
26691,Classic Pizza Bistro,Pizza,Cafe,South Auckland,1.05,43.57,1042,258,274,157,353,11241.06,11938.18,6840.49,15380.21,0.276894396413118,0.436961538041942,0.3,17,5.02,1772.06,3216.56,-165.41,-94.78,2628.9,0.33,0.35,0.2,0.45,45399.939999999995,5585.27,0.1230237308683668,0.050000000000000044,0.55,784,0.7523992322456814,0.71385593445506,7.447308781869689,-260.19,1094.1000000000001,43.56999999999999,5.360143953934742,0,Cluster 0,69.67,High Potential,Hold / Stabilize,100.0,56.51,37.33,100.0,53.85,2.8044640489554493,2.0734478375255,0
25491,Classic Pizza Tavern,Pizza,Ghost Kitchen,South Auckland,1.05,39.37,517,19,174,100,224,748.03,6850.38,3937.0,8818.88,0.292274127935525,0.231139320065267,0.28,9,2.66,595.84,356.5,1346.69,773.96,3607.12,0.04,0.35,0.2,0.45,20354.29,6084.27,0.29891831156969856,0.050000000000000044,0.55,498,0.9632495164410058,0.5234134480007919,16.103214285714284,2120.65,542.85,39.370000000000005,11.768413926499033,0,Cluster 0,80.83,Very High Potential,Expand,100.0,88.86,80.03,100.0,17.42,0.22310973129935244,4.254819047716432,0
26085,King Pizza Eatery,Pizza,Full-service,West Auckland,1.04,42.38,1695,484,424,242,545,20511.92,17969.12,10255.96,23097.1,0.365433915355243,0.508302148850635,0.31,11,3.25,1771.25,2589.92,-3301.58,-1884.39,1145.08,0.4,0.35,0.2,0.45,71834.09999999999,-1450.9700000000003,-0.020198902749529825,0.040000000000000036,0.55,1211,0.7144542772861356,0.873736064205878,2.101064220183486,-5185.97,1762.8,42.379999999999995,-0.8560294985250739,1,Cluster 1,41.79,Moderate Potential,Optimize,83.33,28.82,22.7,100.0,61.4,4.41524324675381,0.39465952870838694,0
26129,Urban Pizza Grill,Pizza,QSR,West Auckland,1.04,36.23,859,182,237,135,305,6593.86,8586.51,4891.05,11050.15,0.209692815709859,0.39881618055515,0.33,6,1.77,539.85,2581.44,527.99,300.76,3786.18,0.27,0.35,0.2,0.45,31121.57,7196.370000000001,0.23123415688861457,0.040000000000000036,0.55,677,0.7881257275902211,0.608508996265009,12.413704918032787,828.75,893.36,36.23,8.377613504074507,0,Cluster 0,72.27,High Potential,Hold / Stabilize,83.33,75.16,71.95,100.0,21.72,1.758418749434132,3.315210806830764,0
26451,King Pizza Grill,Pizza,Cafe,CBD,0.99,41.53,874,196,237,136,305,8139.88,9842.61,5648.08,12666.65,0.221420450042933,0.376416661264375,0.3,10,2.95,899.75,3273.56,1005.55,577.02,4194.31,0.29,0.35,0.2,0.45,36297.22,9050.439999999999,0.24934251163036725,-0.010000000000000009,0.55,678,0.7757437070938215,0.597837111307308,13.751836065573771,1582.57,865.26,41.53,10.355194508009152,0,Cluster 0,52.97,Moderate Potential,Hold / Stabilize,0.0,80.27,66.92,100.0,30.15,1.756018966737801,3.3714340995965655,0
25954,Lucky Pizza Cafe,Pizza,QSR,CBD,0.99,30.41,880,170,248,142,320,5169.7,7541.68,4318.22,9731.2,0.205783533286303,0.407764682290144,0.32,5,1.48,473.6,1997.84,501.16,286.95,3287.04,0.24,0.35,0.2,0.45,26760.800000000003,6072.99,0.22693604077606047,-0.010000000000000009,0.55,710,0.8068181818181818,0.613548215576447,10.272,788.11,871.2,30.410000000000004,6.9011249999999995,0,Cluster 0,50.51,Moderate Potential,Hold / Stabilize,0.0,72.59,72.81,100.0,18.67,1.7181639550065193,3.1562854193143646,0
25310,Classic Pizza Eatery,Pizza,Cafe,North Shore,1.03,37.34,859,188,235,134,302,7019.92,8774.9,5003.56,11276.68,0.249307421483099,0.3642220714828,0.29,17,5.02,1516.04,2712.99,846.52,482.7,2842.06,0.28,0.35,0.2,0.45,32075.06,6884.2699999999995,0.2146299960155959,0.030000000000000027,0.55,671,0.7811408614668219,0.613529492965899,9.410794701986754,1329.22,884.77,37.34,8.01428405122235,0,Cluster 0,67.4,High Potential,Hold / Stabilize,66.67,72.43,52.79,100.0,47.11,1.9104453158033463,3.0184209900096457,0
25810,Classic Pizza Grill,Pizza,Full-service,CBD,0.99,30.33,1639,468,410,234,527,14194.44,12435.3,7097.22,15983.91,0.373194335575681,0.454851466068067,0.32,17,5.02,2645.54,2440.79,-1840.99,-1050.71,102.96,0.4,0.35,0.2,0.45,49710.869999999995,-347.9500000000001,-0.00699947516508965,-0.010000000000000009,0.55,1171,0.7144600366076876,0.828045801643748,0.19537001897533204,-2891.7,1622.61,30.33,-0.21229408175716907,1,Cluster 1,22.44,Low Potential,Optimize,0.0,31.47,19.73,100.0,70.88,4.258812294007781,0.38062826366232616,0
25794,Lucky Pizza House,Pizza,Cafe,West Auckland,1.04,36.95,817,237,203,116,261,8757.15,7500.85,4286.2,9643.95,0.256573899816722,0.387745711044408,0.32,18,5.31,1385.91,3114.75,267.63,152.93,2044.25,0.41,0.35,0.2,0.45,30188.15,5579.5599999999995,0.18482616523370923,0.040000000000000036,0.55,580,0.7099143206854345,0.64431961086113,7.832375478927203,420.56,849.6800000000001,36.95,6.8293268053855565,0,Cluster 0,69.07,High Potential,Hold / Stabilize,83.33,66.82,46.41,100.0,48.31,2.58316704151605,2.5847193630517284,0
26657,Lucky Pizza Bistro,Pizza,QSR,West Auckland,1.04,33.18,1575,335,434,248,558,11115.3,14400.12,8228.64,18514.44,0.264807686787099,0.357675140909851,0.29,13,3.84,2142.72,4196.22,1260.26,720.15,4846.8,0.27,0.35,0.2,0.45,52258.5,11023.43,0.21094042117550255,0.040000000000000036,0.55,1240,0.7873015873015873,0.62248282769695,8.686021505376344,1980.4099999999999,1638.0,33.18,6.999003174603175,0,Cluster 0,74.4,High Potential,Hold / Stabilize,83.33,70.56,58.09,100.0,62.05,2.2920067069637104,2.9238793765732973,0
25708,Lucky Pizza Tavern,Pizza,Cafe,North Shore,1.03,38.2,1716,490,429,245,552,18718.0,16387.8,9359.0,21086.4,0.273293681070209,0.407523798383772,0.3,7,2.07,1142.64,5974.46,314.36,179.53,5587.77,0.4,0.35,0.2,0.45,65551.20000000001,12056.119999999999,0.18391913496625534,0.030000000000000027,0.55,1226,0.7144522144522144,0.680817479453981,10.122771739130435,493.89,1767.48,38.20000000000001,7.025710955710955,0,Cluster 0,68.06,High Potential,Hold / Stabilize,66.67,66.96,59.11,100.0,52.22,3.112132234323,2.480358637082396,0
25385,Urban Pizza Diner,Pizza,Cafe,South Auckland,1.05,40.49,722,162,196,112,252,6559.38,7936.04,4534.88,10203.48,0.212264661733061,0.436031637550332,0.32,6,1.77,446.04,2306.96,251.6,143.77,3142.56,0.29,0.35,0.2,0.45,29233.78,5844.889999999999,0.1999361697324123,0.050000000000000044,0.55,560,0.775623268698061,0.6482962992833929,12.470476190476191,395.37,758.1,40.489999999999995,8.095415512465372,0,Cluster 0,73.41,High Potential,Hold / Stabilize,100.0,70.56,65.82,100.0,17.36,1.9805771480758154,3.0119712880860505,0
25867,Classic Pizza House,Pizza,QSR,North Shore,1.03,43.94,770,168,211,120,271,7381.92,9271.34,5272.8,11907.74,0.235598984565586,0.423567920038477,0.31,16,4.72,1279.12,2516.0,285.86,162.58,2779.43,0.28,0.35,0.2,0.45,33833.8,5743.87,0.1697672150334872,0.030000000000000027,0.55,602,0.7818181818181819,0.659166904604063,10.25619926199262,448.44000000000005,793.1,43.940000000000005,7.4595714285714285,0,Cluster 0,63.84,High Potential,Hold / Stabilize,66.67,65.64,47.46,100.0,41.82,2.124225313235055,2.675520899553461,0
25423,Classic Pizza Corner,Pizza,Cafe,South Auckland,1.05,35.31,1929,580,472,270,607,20479.8,16666.32,9533.7,21433.17,0.256918875612319,0.368768269196153,0.31,9,2.66,1614.62,7665.85,1071.86,613.14,6408.09,0.43,0.35,0.2,0.45,68112.98999999999,15758.94,0.23136467801516278,0.050000000000000044,0.55,1349,0.6993260756868844,0.625687144808472,10.556985172981879,1685.0,2025.45,35.309999999999995,8.169486780715397,0,Cluster 0,81.36,Very High Potential,Expand,100.0,74.9,64.27,100.0,65.2,3.0068206508775406,2.9477287591960963,0
26524,Lucky Pizza Bistro,Pizza,Cafe,South Auckland,1.05,45.79,1801,436,478,273,614,19964.44,21887.62,12500.67,28115.06,0.200578124113381,0.390207906975411,0.31,11,3.25,1995.5,8169.73,2171.56,1240.24,9509.58,0.32,0.35,0.2,0.45,82467.79,21091.11,0.2557496690526083,0.050000000000000044,0.55,1365,0.7579122709605774,0.590786031088792,15.487915309446254,3411.8,1891.0500000000002,45.79,11.710777345918935,0,Cluster 0,83.83,Very High Potential,Expand,100.0,82.97,66.31,100.0,65.53,2.2703534877779745,3.5237814452551377,0
26529,Classic Pizza Cafe,Pizza,Full-service,South Auckland,1.05,44.3,1393,488,317,181,407,21618.4,14043.1,8018.3,18030.1,0.384137317724526,0.500554657983594,0.3,16,4.72,1921.04,2492.77,-2593.65,-1480.92,157.98,0.54,0.35,0.2,0.45,61709.9,-1423.8200000000002,-0.023072797071458553,0.050000000000000044,0.55,905,0.6496769562096195,0.88469197570812,0.3881572481572481,-4074.57,1462.65,44.300000000000004,-1.0221249102656138,1,Cluster 1,44.1,Moderate Potential,Optimize,100.0,28.21,12.69,100.0,63.39,4.851272732827088,0.17109633908164187,0
25707,King Pizza Diner,Pizza,Cafe,South Auckland,1.05,37.73,1202,318,309,177,398,11998.14,11658.57,6678.21,15016.54,0.217949770689011,0.365999466041103,0.29,11,3.25,1293.5,4991.84,1469.57,841.79,4954.14,0.36,0.35,0.2,0.45,45351.46,12257.34,0.27027442997425,0.050000000000000044,0.55,884,0.7354409317803661,0.583949236730114,12.447587939698494,2311.3599999999997,1262.1000000000001,37.73,10.197454242928453,0,Cluster 0,80.98,Very High Potential,Expand,100.0,82.88,67.36,100.0,45.27,2.0889749604748413,3.5027095632751815,0
25304,Classic Pizza Bistro,Pizza,Full-service,West Auckland,1.04,41.88,2154,708,506,289,651,29651.04,21191.28,12103.32,27263.88,0.372427905304357,0.459272995102219,0.31,16,4.72,3072.72,4990.24,-3002.82,-1715.05,1515.77,0.49,0.35,0.2,0.45,90209.52,1788.1399999999996,0.019822076428297142,0.040000000000000036,0.55,1446,0.6713091922005571,0.831700900406576,2.3283717357910905,-4717.87,2240.16,41.88,0.8301485608170843,1,Cluster 1,62.39,High Potential,Hold / Stabilize,83.33,36.49,20.86,100.0,88.45,4.745107120992266,0.629436451495795,0
26450,Top Pizza Bistro,Pizza,QSR,North Shore,1.03,40.75,1759,293,513,293,660,11939.75,20904.75,11939.75,26895.0,0.209840250760317,0.408375806361437,0.33,13,3.84,2534.4,4558.4,1082.53,618.29,7733.68,0.2,0.35,0.2,0.45,71679.25,13992.9,0.19521549123351598,0.030000000000000027,0.55,1466,0.8334280841387152,0.618216057121754,11.71769696969697,1700.82,1811.77,40.75,7.955031267765776,0,Cluster 0,71.0,High Potential,Hold / Stabilize,66.67,69.74,58.75,100.0,67.64,2.0987260246280424,3.0595791275189437,0
26427,Lucky Pizza Tavern,Pizza,Cafe,CBD,0.99,31.35,1591,486,387,221,497,15236.1,12132.45,6928.35,15580.95,0.267180955633521,0.405959353060462,0.27,17,5.02,2494.94,4980.07,689.85,393.94,2597.84,0.44,0.35,0.2,0.45,49877.850000000006,8661.7,0.1736582470976596,-0.010000000000000009,0.55,1105,0.6945317410433689,0.673140308693983,5.227042253521127,1083.79,1575.09,31.350000000000005,5.4441860465116285,0,Cluster 0,49.98,Moderate Potential,Hold / Stabilize,0.0,63.44,43.61,100.0,69.35,3.2682142616853485,2.1686878956676616,0
26651,Urban Pizza Grill,Pizza,QSR,North Shore,1.03,43.8,1694,380,460,263,591,16644.0,20148.0,11519.4,25885.8,0.22018214546144,0.447627211268991,0.29,9,2.66,1572.06,5528.98,850.06,486.01,7026.96,0.29,0.35,0.2,0.45,74197.2,13892.009999999998,0.18723091976516631,0.030000000000000027,0.55,1314,0.7756788665879575,0.6678093567304311,11.88994923857868,1336.07,1744.82,43.8,8.200714285714286,0,Cluster 0,68.89,High Potential,Hold / Stabilize,66.67,68.99,57.78,100.0,56.15,2.594483281763461,2.7664885074347842,0
26557,Lucky Pizza Tavern,Pizza,Full-service,South Auckland,1.05,43.14,969,305,232,133,299,13157.7,10008.48,5737.62,12898.86,0.383657122286968,0.455078476667404,0.29,5,1.48,442.52,2121.87,-1288.45,-738.64,1637.61,0.46,0.35,0.2,0.45,41802.66,1732.3899999999999,0.04144209961758414,0.050000000000000044,0.55,664,0.6852425180598555,0.838735598954372,5.4769565217391305,-2027.0900000000001,1017.45,43.14,1.78781217750258,1,Cluster 1,61.3,High Potential,Hold / Stabilize,100.0,40.69,38.1,100.0,23.38,3.9422071331535355,0.9494875876322298,0
25553,King Pizza Eatery,Pizza,Cafe,CBD,0.99,38.19,1435,438,349,199,449,16727.22,13328.31,7599.81,17147.31,0.22399247141555,0.391132962983102,0.31,7,2.07,929.43,6437.88,997.95,569.03,5670.13,0.44,0.35,0.2,0.45,54802.649999999994,13674.99,0.24953154637595082,-0.010000000000000009,0.55,997,0.6947735191637631,0.6151254343986521,12.628351893095768,1566.98,1420.65,38.19,9.52960975609756,0,Cluster 0,54.8,Moderate Potential,Hold / Stabilize,0.0,79.18,69.23,100.0,41.04,2.6802305190075297,3.1112852982822097,0
25001,Lotus Grill,Thai,QSR,South Auckland,1.05,33.75,580,71,254,153,102,2396.25,8572.5,5163.75,3442.5,0.275752293970436,0.379911925341003,0.28,6,1.77,180.54,825.11,551.52,332.21,1004.84,0.14,0.5,0.3,0.2,19575.0,2713.6800000000003,0.13862988505747129,0.050000000000000044,0.8,509,0.8775862068965518,0.655664219311439,9.851372549019608,883.73,609.0,33.75,4.678758620689655,0,Cluster 0,56.74,Moderate Potential,Rebalance Channels,100.0,57.69,64.68,16.67,12.56,-1.5771189929879148,-0.09218634117253784,1
25608,Red Corner,Thai,Full-service,West Auckland,1.04,43.86,1689,369,660,396,264,16184.34,28947.6,17368.56,11579.04,0.381053506885655,0.492331564100459,0.31,13,3.84,1013.76,2049.18,-5308.56,-3185.13,452.32,0.28,0.5,0.3,0.2,74079.54000000001,-5992.1900000000005,-0.08088859623048415,0.040000000000000036,0.8,1320,0.7815275310834814,0.873385070986114,1.7133333333333334,-8493.69,1756.5600000000002,43.86000000000001,-3.547773830669035,1,Cluster 1,26.35,Low Potential,Optimize,83.33,17.01,19.41,16.67,65.87,0.9679517063194104,-2.5730301387541084,0
25285,Sakura Corner,Thai,QSR,South Auckland,1.05,39.77,748,55,346,208,139,2187.35,13760.42,8272.16,5528.03,0.26003233987838,0.441909208055586,0.33,10,2.95,410.05,651.96,-439.53,-264.23,1237.63,0.08,0.5,0.3,0.2,29747.96,1185.8300000000002,0.039862565365826774,0.050000000000000044,0.8,693,0.9264705882352942,0.7019415479339659,8.903812949640288,-703.76,785.4,39.769999999999996,1.5853342245989306,0,Cluster 0,51.86,Moderate Potential,Rebalance Channels,100.0,40.21,50.87,16.67,27.57,-1.302543631070775,-0.7291431208547284,1
26659,Lotus Grill,Thai,QSR,North Shore,1.03,34.64,1424,152,636,382,254,5265.28,22031.04,13232.48,8798.56,0.224418778009713,0.382366169150919,0.28,3,0.89,226.06,2070.39,2494.25,1498.12,3233.67,0.12,0.5,0.3,0.2,49327.36,9296.43,0.18846396806964735,0.030000000000000027,0.8,1272,0.8932584269662921,0.6067849471606319,12.730984251968504,3992.37,1466.72,34.64,6.528391853932584,0,Cluster 0,56.31,Moderate Potential,Rebalance Channels,66.67,66.9,77.19,16.67,33.19,-1.569687857649112,0.4563884157192955,1
26582,Lotus Eatery,Thai,QSR,CBD,0.99,32.56,1565,167,699,419,280,5437.52,22759.44,13642.64,9116.8,0.218178118113428,0.431010805140249,0.3,14,4.13,1156.4,1907.54,1156.43,693.2,2041.87,0.12,0.5,0.3,0.2,50956.399999999994,5799.04,0.11380395789341477,-0.010000000000000009,0.8,1398,0.8932907348242811,0.6491889232536769,7.292392857142857,1849.63,1549.35,32.559999999999995,3.7054568690095846,0,Cluster 0,35.45,Low Potential,Rebalance Channels,0.0,53.03,52.33,16.67,61.52,-1.0743837689701161,-0.3665849838018011,1
25127,Golden Cafe,Thai,QSR,South Auckland,1.05,37.01,534,61,236,142,95,2257.61,8734.36,5255.42,3515.95,0.209436130970716,0.421511780680157,0.27,17,5.02,476.9,833.18,865.16,520.56,820.67,0.13,0.5,0.3,0.2,19763.34,3039.5699999999997,0.1537983964248958,0.050000000000000044,0.8,473,0.8857677902621723,0.6309479116508729,8.638631578947368,1385.7199999999998,560.7,37.01,5.692078651685392,0,Cluster 0,58.3,Moderate Potential,Rebalance Channels,100.0,61.1,50.11,16.67,36.67,-1.7585227821128913,0.08845342483506537,1
25896,Golden Eatery,Thai,Full-service,North Shore,1.03,35.01,1493,308,592,356,237,10783.08,20725.92,12463.56,8297.37,0.389836396742612,0.512049130955711,0.32,10,2.95,699.15,1057.98,-4598.78,-2765.48,114.94,0.26,0.5,0.3,0.2,52269.93,-6191.34,-0.11844936467295825,0.030000000000000027,0.8,1185,0.7937039517749498,0.9018855276983231,0.4849789029535865,-7364.26,1537.79,35.01,-4.146912257200268,1,Cluster 1,18.73,Low Potential,Optimize,66.67,11.14,20.05,16.67,51.82,1.0318151495545924,-2.980292435883473,0
25493,Golden House,Thai,Cafe,West Auckland,1.04,40.37,1328,152,588,353,235,6136.24,23737.56,14250.61,9486.95,0.221122461147606,0.439319629827514,0.33,7,2.07,486.45,2083.61,226.88,136.21,2734.92,0.13,0.5,0.3,0.2,53611.36,5181.620000000001,0.0966515305711327,0.040000000000000036,0.8,1176,0.8855421686746988,0.66044209097512,11.63795744680851,363.09000000000003,1381.1200000000001,40.37,3.901822289156627,0,Cluster 0,54.49,Moderate Potential,Rebalance Channels,83.33,50.99,62.25,16.67,39.77,-1.1504233634607615,-0.23697938504083163,1
26342,Lotus Eatery,Thai,Cafe,West Auckland,1.04,39.73,791,71,360,216,144,2820.83,14302.8,8581.68,5721.12,0.206660068742931,0.405520725762472,0.29,18,5.31,764.64,1093.97,1399.09,839.45,1454.12,0.1,0.5,0.3,0.2,31426.429999999997,4786.63,0.1523122416386462,0.040000000000000036,0.8,720,0.9102402022756005,0.612180794505403,10.098055555555554,2238.54,822.64,39.73,6.051365360303413,0,Cluster 0,56.07,Moderate Potential,Rebalance Channels,83.33,61.39,51.36,16.67,47.44,-1.8205067207973344,0.20416107953257578,1
25696,Dragon Eatery,Thai,Cafe,South Auckland,1.05,42.49,715,59,328,197,131,2506.91,13936.72,8370.53,5566.19,0.200809258650988,0.419556430145167,0.31,10,2.95,386.45,951.71,970.47,582.88,1726.67,0.09,0.5,0.3,0.2,30380.349999999995,4231.73,0.13929168031309713,0.050000000000000044,0.8,656,0.9174825174825175,0.6203656887961551,13.180687022900765,1553.35,750.75,42.489999999999995,5.9185034965034955,0,Cluster 0,59.02,Moderate Potential,Rebalance Channels,100.0,59.45,63.45,16.67,26.46,-1.8883548881322492,0.2739186871054018,1
25900,Golden Kitchen,Thai,Full-service,CBD,0.99,42.08,1095,204,446,267,178,8584.32,18767.68,11235.36,7490.24,0.392105521680787,0.485890758875758,0.33,16,4.72,840.16,1047.32,-3903.61,-2336.91,73.68,0.23,0.5,0.3,0.2,46077.6,-5119.5199999999995,-0.11110648124034238,-0.010000000000000009,0.8,891,0.8136986301369863,0.877996280556545,0.41393258426966295,-6240.52,1084.05,42.08,-4.6753607305936065,1,Cluster 1,0.78,Low Potential,Optimize,0.0,11.41,13.73,16.67,51.2,0.6009315254263493,-2.8228359345874434,0
25012,Golden Grill,Thai,Cafe,West Auckland,1.04,36.18,1017,132,442,266,177,4775.76,15991.56,9623.88,6403.86,0.247586196903139,0.374162012757733,0.31,14,4.13,731.01,1806.44,1091.45,656.85,1691.26,0.15,0.5,0.3,0.2,36795.06,5246.0,0.14257348676697362,0.040000000000000036,0.8,885,0.8702064896755162,0.621748209660872,9.555141242937854,1748.3000000000002,1057.68,36.18,5.1583087512291055,0,Cluster 0,56.21,Moderate Potential,Rebalance Channels,83.33,58.87,56.56,16.67,45.68,-1.4437737159329092,0.01374621542271769,1
26468,Sakura Kitchen,Thai,QSR,South Auckland,1.05,39.72,831,75,378,227,151,2979.0,15014.16,9016.44,5997.72,0.218265655562282,0.394720010622405,0.32,3,0.89,134.39,1152.92,1006.16,604.23,2186.81,0.1,0.5,0.3,0.2,33007.32,4950.12,0.14997037020879006,0.050000000000000044,0.8,756,0.9097472924187726,0.6129856661846871,14.482185430463575,1610.3899999999999,872.5500000000001,39.72,5.95682310469314,0,Cluster 0,60.09,High Potential,Rebalance Channels,100.0,60.94,76.24,16.67,14.05,-1.8631938469815494,0.3879545658706547,1
26470,Golden Tavern,Thai,Cafe,South Auckland,1.05,46.77,1623,147,738,443,295,6875.19,34516.26,20719.11,13797.15,0.262257992625237,0.434052260057069,0.28,6,1.77,522.15,2087.92,817.68,490.83,3667.9,0.1,0.5,0.3,0.2,75907.71,7064.33,0.09306472293789392,0.050000000000000044,0.8,1476,0.9094269870609981,0.696310252682306,12.433559322033899,1308.51,1704.15,46.77,4.352637091805299,0,Cluster 0,59.14,Moderate Potential,Rebalance Channels,100.0,51.11,58.42,16.67,47.84,-0.9786946692100569,-0.357994492046254,1
26227,Lotus Eatery,Thai,Cafe,South Auckland,1.05,40.07,1191,127,532,319,213,5088.89,21317.24,12782.33,8534.91,0.261373641751707,0.353416023193859,0.3,16,4.72,1005.36,1960.29,1816.45,1089.19,2282.38,0.12,0.5,0.3,0.2,47723.369999999995,7148.31,0.14978636253055896,0.050000000000000044,0.8,1064,0.8933669185558354,0.614789664945566,10.715399061032864,2905.6400000000003,1250.55,40.06999999999999,6.0019395465994965,0,Cluster 0,62.09,High Potential,Rebalance Channels,100.0,60.98,54.3,16.67,56.56,-1.5192615386391775,0.13081077799481844,1
25096,Lotus Eatery,Thai,QSR,CBD,0.99,32.0,849,104,372,224,149,3328.0,11904.0,7168.0,4768.0,0.20281207928434,0.438259883923456,0.27,17,5.02,747.98,1194.51,1058.6,637.44,963.39,0.14,0.5,0.3,0.2,27168.0,3853.9399999999996,0.1418558598351001,-0.010000000000000009,0.8,745,0.8775029446407538,0.641071963207796,6.465704697986577,1696.04,840.51,32.0,4.539387514723203,0,Cluster 0,33.55,Low Potential,Rebalance Channels,0.0,57.94,48.55,16.67,45.68,-1.456221813375912,-0.2004745239826374,1
25987,Red House,Thai,QSR,West Auckland,1.04,43.24,1668,178,745,447,298,7696.72,32213.8,19328.28,12885.52,0.274228022359312,0.413060047267936,0.32,6,1.77,527.46,2406.86,-234.78,-140.87,3502.0,0.12,0.5,0.3,0.2,72124.31999999999,5533.21,0.07671767304010631,0.040000000000000036,0.8,1490,0.8932853717026379,0.687288069627248,11.751677852348994,-375.65,1734.72,43.239999999999995,3.3172721822541966,0,Cluster 0,54.5,Moderate Potential,Rebalance Channels,83.33,47.51,59.81,16.67,48.83,-0.8567840986441394,-0.4856977729930739,1
26028,Golden Eatery,Thai,Cafe,North Shore,1.03,43.28,1299,128,586,351,234,5539.84,25362.08,15191.28,10127.52,0.273229770790786,0.404283563466743,0.27,18,5.31,1242.54,1786.52,1331.17,797.34,2023.45,0.11,0.5,0.3,0.2,56220.72,5938.4800000000005,0.10562796065222929,0.030000000000000027,0.8,1171,0.9014626635873749,0.677513334257529,8.647222222222222,2128.51,1337.97,43.28,4.571578137028484,0,Cluster 0,50.31,Moderate Potential,Rebalance Channels,66.67,53.1,41.29,16.67,64.04,-1.1332396443121813,-0.43800199471595314,1
26353,Dragon Bistro,Thai,QSR,CBD,0.99,31.56,1493,171,661,397,264,5396.76,20861.16,12529.32,8331.84,0.239739823397249,0.391634819563478,0.28,7,2.07,546.48,1989.38,1848.83,1110.42,2524.85,0.13,0.5,0.3,0.2,47119.08,7473.48,0.15860835992553335,-0.010000000000000009,0.8,1322,0.8854655056932351,0.631374642960727,9.563825757575756,2959.25,1478.07,31.560000000000002,5.005679839249832,0,Cluster 0,37.49,Low Potential,Rebalance Channels,0.0,60.82,66.73,16.67,42.89,-1.277514375173639,-0.002506258115900414,1
26152,Lotus Bistro,Thai,Cafe,West Auckland,1.04,34.57,1037,127,455,273,182,4390.39,15729.35,9437.61,6291.74,0.220947811417282,0.352360815787688,0.28,4,1.18,214.76,1873.34,2307.36,1384.42,2469.87,0.14,0.5,0.3,0.2,35849.090000000004,8034.99,0.2241337227806898,0.040000000000000036,0.8,910,0.8775313404050145,0.57330862720497,13.570714285714285,3691.78,1078.48,34.57,7.7483027965284474,0,Cluster 0,61.27,High Potential,Rebalance Channels,83.33,73.35,80.71,16.67,23.02,-1.9159315463791118,0.8128348952541264,1
25142,Dragon Grill,Thai,Cafe,South Auckland,1.05,44.04,1062,96,483,290,193,4227.84,21271.32,12771.6,8499.72,0.225175304058939,0.418327891989611,0.31,17,5.02,968.86,1507.21,989.05,593.84,2061.26,0.1,0.5,0.3,0.2,46770.48,5151.360000000001,0.11014126859506253,0.050000000000000044,0.8,966,0.9096045197740112,0.64350319604855,10.680103626943007,1582.8899999999999,1115.1000000000001,44.040000000000006,4.850621468926554,0,Cluster 0,58.84,Moderate Potential,Rebalance Channels,100.0,54.08,48.17,16.67,54.53,-1.471633398344421,-0.11347508242167417,1
25386,Lotus Eatery,Thai,Ghost Kitchen,South Auckland,1.05,43.93,1351,111,620,372,248,4876.23,27236.6,16341.96,10894.64,0.284841953276191,0.206779944582377,0.31,5,1.48,367.04,2478.97,5403.15,3241.89,5171.56,0.09,0.5,0.3,0.2,59349.42999999999,16295.57,0.27456994953447744,0.050000000000000044,0.8,1240,0.9178386380458919,0.491621897858568,20.853064516129034,8645.039999999999,1418.55,43.92999999999999,12.061857883049592,0,Cluster 0,72.76,High Potential,Rebalance Channels,100.0,85.97,91.61,16.67,36.31,-2.4254236438107433,1.5797369628794748,1
25751,Lotus Eatery,Thai,QSR,CBD,0.99,40.45,1566,142,712,427,285,5743.9,28800.4,17272.15,11528.25,0.220950177423656,0.388419489259832,0.3,10,2.95,840.75,2243.74,2610.19,1565.38,3662.53,0.1,0.5,0.3,0.2,63344.700000000004,10081.84,0.15915838262711796,-0.010000000000000009,0.8,1424,0.909323116219668,0.609369666683488,12.850982456140352,4175.57,1550.34,40.45,6.437956577266922,0,Cluster 0,39.07,Low Potential,Rebalance Channels,0.0,62.83,65.14,16.67,52.22,-1.4789156602415579,0.23635096363924413,1
25589,Sakura Diner,Thai,Ghost Kitchen,South Auckland,1.05,38.03,555,26,264,159,106,988.78,10039.92,6046.77,4031.18,0.276379965303931,0.220443526480813,0.28,18,5.31,562.86,497.53,2240.67,1349.5,1465.54,0.05,0.5,0.3,0.2,21106.65,5553.24,0.2631038085153257,0.050000000000000044,0.8,529,0.9531531531531532,0.496823491784744,13.825849056603774,3590.17,582.75,38.03,10.005837837837838,0,Cluster 0,67.7,High Potential,Rebalance Channels,100.0,81.65,69.14,16.67,39.71,-2.847587895512597,1.3319002672162863,1
26439,Sakura Kitchen,Thai,Full-service,CBD,0.99,36.1,782,151,316,189,126,5451.1,11407.6,6822.9,4548.6,0.379704358952586,0.4604658766184,0.33,17,5.02,632.52,871.25,-1941.23,-1161.05,94.48,0.24,0.5,0.3,0.2,28230.199999999997,-2136.5499999999997,-0.07568313366536546,-0.010000000000000009,0.8,631,0.8069053708439897,0.8401702355709859,0.7498412698412699,-3102.2799999999997,774.18,36.099999999999994,-2.732161125319693,1,Cluster 1,2.31,Low Potential,Optimize,0.0,18.81,17.86,16.67,43.54,0.2649715009302506,-2.5239807176095677,0
26118,Golden House,Thai,Ghost Kitchen,CBD,0.99,36.93,1620,147,736,442,295,5428.71,27180.48,16323.06,10894.35,0.291367352742236,0.311181534768548,0.32,4,1.18,348.1,2157.65,2105.16,1264.24,3981.87,0.1,0.5,0.3,0.2,59826.6,9508.919999999998,0.15894134047396974,-0.010000000000000009,0.8,1473,0.9092592592592592,0.6025488875107841,13.49786440677966,3369.3999999999996,1603.8,36.93,5.869703703703703,0,Cluster 0,39.24,Low Potential,Rebalance Channels,0.0,62.03,76.21,16.67,39.94,-1.4709521842383217,0.22955468159450035,1
26077,Lotus Kitchen,Thai,QSR,CBD,0.99,32.96,1060,78,491,295,196,2570.88,16183.36,9723.2,6460.16,0.235267941784114,0.422363195079379,0.32,5,1.48,290.08,880.19,362.0,217.5,1921.68,0.08,0.5,0.3,0.2,34937.600000000006,3381.37,0.09678312190877449,-0.010000000000000009,0.8,982,0.9264150943396227,0.657631136863493,9.804489795918368,579.5,1049.4,32.96000000000001,3.1899716981132076,0,Cluster 0,31.88,Low Potential,Rebalance Channels,0.0,50.04,66.02,16.67,24.41,-1.450239302142405,-0.32631398911580967,1
25796,Lotus Corner,Thai,Cafe,West Auckland,1.04,45.01,1228,141,544,326,217,6346.41,24485.44,14673.26,9767.17,0.220988511480391,0.352993193850853,0.31,14,4.13,896.21,2703.69,2840.76,1702.37,3264.78,0.13,0.5,0.3,0.2,55272.28,10511.6,0.19017851262875352,0.040000000000000036,0.8,1087,0.8851791530944625,0.5739817053312439,15.045069124423964,4543.13,1277.1200000000001,45.01,8.559934853420195,0,Cluster 0,61.5,High Potential,Rebalance Channels,83.33,69.88,63.92,16.67,52.75,-1.7720790767184147,0.648501248813563,1
25029,Golden House,Thai,QSR,CBD,0.99,40.81,833,61,386,232,154,2489.41,15752.66,9467.92,6284.74,0.206587430424988,0.364191686338745,0.32,8,2.36,363.44,1068.51,1720.52,1034.09,2334.1,0.08,0.5,0.3,0.2,33994.729999999996,6157.219999999999,0.1811227799132395,-0.010000000000000009,0.8,772,0.9267707082833133,0.570779116763733,15.156493506493506,2754.6099999999997,824.67,40.809999999999995,7.391620648259303,0,Cluster 0,37.78,Low Potential,Rebalance Channels,0.0,67.08,74.43,16.67,24.17,-2.1610965491094536,0.6470113082803418,1
25758,Sakura Diner,Thai,Ghost Kitchen,North Shore,1.03,40.82,1476,70,703,422,281,2857.4,28696.46,17226.04,11470.42,0.288680646009743,0.222105606086552,0.32,4,1.18,331.58,1397.88,4855.84,2914.88,5279.91,0.05,0.5,0.3,0.2,60250.32,14448.51,0.2398080209366523,0.030000000000000027,0.8,1406,0.9525745257452575,0.510786252096295,18.789715302491103,7770.72,1520.28,40.82,9.788963414634146,0,Cluster 0,62.38,High Potential,Rebalance Channels,66.67,78.22,90.35,16.67,37.25,-2.3346242479351287,1.276659822643245,1
26122,Dragon Kitchen,Thai,QSR,CBD,0.99,44.53,1266,115,576,345,230,5120.95,25649.28,15362.85,10241.9,0.279058709423989,0.415310594765469,0.28,18,5.31,1221.3,1565.12,657.41,393.76,1908.94,0.1,0.5,0.3,0.2,56374.98,4525.23,0.08027018368787003,-0.010000000000000009,0.8,1151,0.9091627172195893,0.6943693041894581,8.299739130434784,1051.17,1253.34,44.53,3.574431279620853,0,Cluster 0,31.52,Low Potential,Rebalance Channels,0.0,48.34,38.69,16.67,61.32,-1.0546155060185654,-0.6916579757902246,1
25800,Sakura Diner,Thai,QSR,CBD,0.99,31.14,453,37,208,125,83,1152.18,6477.12,3892.5,2584.62,0.267548405658454,0.414790036412887,0.31,5,1.48,122.84,366.0,49.62,29.82,698.19,0.09,0.5,0.3,0.2,14106.419999999998,1143.63,0.0810715971876635,-0.010000000000000009,0.8,416,0.9183222958057395,0.682338442071341,8.411927710843374,79.44,448.46999999999997,31.139999999999997,2.5245695364238414,0,Cluster 0,27.46,Low Potential,Rebalance Channels,0.0,47.03,62.21,16.67,5.05,-1.567004519608068,-0.5686136101389675,1
25073,Dragon Bistro,Thai,Full-service,CBD,0.99,40.23,649,103,273,164,109,4143.69,10982.79,6597.72,4385.07,0.385292206250597,0.516773813543841,0.31,13,3.84,418.56,405.81,-2329.08,-1399.15,10.89,0.19,0.5,0.3,0.2,26109.27,-3311.53,-0.1268334963022712,-0.010000000000000009,0.8,546,0.8412942989214176,0.902066019794438,0.09990825688073394,-3728.23,642.51,40.230000000000004,-5.10251155624037,1,Cluster 1,0.0,Low Potential,Optimize,0.0,8.72,14.99,16.67,29.97,0.3499707198212909,-2.945067431261647,0
26044,Sakura Bistro,Thai,Cafe,North Shore,1.03,44.34,1678,138,770,462,308,6118.92,34141.8,20485.08,13656.72,0.267806369066238,0.421381369489245,0.28,4,1.18,363.44,1901.84,1051.99,631.19,3881.24,0.09,0.5,0.3,0.2,74402.52,7466.26,0.1003495580526036,0.030000000000000027,0.8,1540,0.9177592371871275,0.689187738555483,12.60142857142857,1683.18,1728.3400000000001,44.34,4.449499404052443,0,Cluster 0,51.39,Moderate Potential,Rebalance Channels,66.67,52.22,62.85,16.67,43.96,-1.027994370110777,-0.32114948240143726,1
26408,Lotus Bistro,Thai,Ghost Kitchen,South Auckland,1.05,38.88,511,24,244,146,97,933.12,9486.72,5676.48,3771.36,0.285626432765275,0.265033819479868,0.3,7,2.07,200.79,419.29,1416.74,847.72,1493.83,0.05,0.5,0.3,0.2,19867.68,4177.58,0.21027014729450041,0.050000000000000044,0.8,487,0.9530332681017613,0.5506602522451429,15.400309278350514,2264.46,536.5500000000001,38.88,8.175303326810177,0,Cluster 0,63.23,High Potential,Rebalance Channels,100.0,72.06,79.17,16.67,12.55,-2.575841166274926,0.939766285366576,1
26006,Lotus House,Thai,Cafe,South Auckland,1.05,39.79,1547,153,697,418,279,6087.87,27733.63,16632.22,11101.41,0.257934817820787,0.431698935572058,0.32,13,3.84,1071.36,1889.47,-267.18,-160.23,2374.14,0.11,0.5,0.3,0.2,61555.130000000005,3836.2,0.06232136947805974,0.050000000000000044,0.8,1394,0.9010989010989011,0.6896337533928449,8.509462365591398,-427.40999999999997,1624.3500000000001,39.790000000000006,2.4797672915319975,0,Cluster 0,57.4,Moderate Potential,Rebalance Channels,100.0,44.44,47.74,16.67,61.61,-0.868084414838105,-0.6593237373654,1
26493,Sakura Tavern,Thai,Ghost Kitchen,North Shore,1.03,42.72,487,23,232,139,93,982.56,9911.04,5938.08,3972.96,0.279154130327515,0.263758043944836,0.32,15,4.43,411.99,449.12,1358.68,814.04,1404.0,0.05,0.5,0.3,0.2,20804.64,4025.84,0.1935068330910797,0.030000000000000027,0.8,464,0.9527720739219713,0.5429121742723511,15.096774193548388,2172.7200000000003,501.61,42.72,8.266611909650925,0,Cluster 0,54.57,Moderate Potential,Rebalance Channels,66.67,69.93,67.02,16.67,30.1,-2.558213075794722,0.8202049514263186,1
26655,Golden Diner,Thai,QSR,CBD,0.99,35.42,994,90,452,271,181,3187.8,16009.84,9598.82,6411.02,0.273310075625777,0.433302526897751,0.31,17,5.02,908.62,935.26,-265.97,-159.46,972.29,0.1,0.5,0.3,0.2,35207.479999999996,1482.12,0.042096736261726206,-0.010000000000000009,0.8,904,0.9094567404426559,0.706612602523528,5.371767955801105,-425.43000000000006,984.06,35.419999999999995,1.491066398390342,0,Cluster 0,27.83,Low Potential,Rebalance Channels,0.0,40.38,38.45,16.67,50.31,-1.0169372672668515,-1.030016634645424,1
25039,Lotus Grill,Thai,QSR,South Auckland,1.05,42.7,1079,115,482,289,193,4910.5,20581.4,12340.3,8241.1,0.269678716342896,0.384321287600324,0.3,7,2.07,399.51,1699.03,946.74,567.65,2451.91,0.12,0.5,0.3,0.2,46073.299999999996,5665.33,0.12296340830806564,0.050000000000000044,0.8,964,0.8934198331788693,0.65400000394322,12.704196891191708,1514.3899999999999,1132.95,42.699999999999996,5.250537534754402,0,Cluster 0,59.0,Moderate Potential,Rebalance Channels,100.0,56.35,63.24,16.67,31.77,-1.404514795017038,-0.05558324846360751,1
25768,Sakura Eatery,Thai,Cafe,CBD,0.99,36.71,842,69,386,232,155,2532.99,14170.06,8516.72,5690.05,0.215933950506151,0.444786934065633,0.28,4,1.18,182.9,859.39,839.99,504.86,1747.62,0.09,0.5,0.3,0.2,30909.819999999996,3951.86,0.12785127833161114,-0.010000000000000009,0.8,773,0.9180522565320665,0.660720884571784,11.274967741935484,1344.85,833.58,36.709999999999994,4.693420427553444,0,Cluster 0,32.28,Low Potential,Rebalance Channels,0.0,56.26,67.24,16.67,15.13,-1.6143163073841835,-0.10645100780486652,1
25041,Red Corner,Thai,QSR,CBD,0.99,31.52,863,99,382,229,153,3120.48,12040.64,7218.08,4822.56,0.223921236507595,0.38521895618178,0.31,13,3.84,587.52,1219.67,973.6,583.65,1297.42,0.13,0.5,0.3,0.2,27201.76,4074.34,0.1497822199740017,-0.010000000000000009,0.8,764,0.8852838933951332,0.6091401926893749,8.479869281045753,1557.25,854.37,31.52,4.721135573580534,0,Cluster 0,34.86,Low Potential,Rebalance Channels,0.0,59.25,60.14,16.67,36.8,-1.649270845760653,0.03894403818822369,1
26255,Lotus Cafe,Thai,QSR,CBD,0.99,31.26,1502,124,689,413,276,3876.24,21538.14,12910.38,8627.76,0.203652285616845,0.429619633592665,0.33,8,2.36,651.36,1421.53,791.05,474.17,2512.68,0.09,0.5,0.3,0.2,46952.52,5199.43,0.11073803919363648,-0.010000000000000009,0.8,1378,0.9174434087882823,0.63327191920951,9.10391304347826,1265.22,1486.98,31.259999999999998,3.461671105193076,0,Cluster 0,35.36,Low Potential,Rebalance Channels,0.0,52.29,64.8,16.67,45.51,-1.306025607591434,-0.19106359889749727,1
26538,Lotus Kitchen,Thai,QSR,CBD,0.99,33.85,543,70,236,142,95,2369.5,7988.6,4806.7,3215.75,0.242535118777305,0.426368783880025,0.3,6,1.77,168.15,784.53,248.41,149.47,896.57,0.15,0.5,0.3,0.2,18380.55,2078.98,0.11310760559395666,-0.010000000000000009,0.8,473,0.8710865561694291,0.66890390265733,9.437578947368422,397.88,537.57,33.85,3.8286924493554326,0,Cluster 0,29.84,Low Potential,Rebalance Channels,0.0,53.1,62.64,16.67,10.25,-1.4426104366415338,-0.35250367435970126,1
26052,Golden Grill,Thai,Full-service,CBD,0.99,35.37,982,202,390,234,156,7144.74,13794.3,8276.58,5517.72,0.355087154521607,0.521680672629736,0.27,18,5.31,828.36,880.46,-2024.56,-1214.74,-148.4,0.26,0.5,0.3,0.2,34733.340000000004,-2507.2400000000002,-0.07218539881278334,-0.010000000000000009,0.8,780,0.7942973523421588,0.876767827151343,-0.9512820512820513,-3239.3,972.18,35.370000000000005,-2.553197556008147,1,Cluster 1,2.34,Low Potential,Optimize,0.0,19.52,10.58,16.67,52.26,0.5869943524778461,-2.723572800751279,0
25651,Sakura House,Thai,Full-service,South Auckland,1.05,37.9,1714,385,664,399,266,14591.5,25165.6,15122.1,10081.4,0.378311446553562,0.536643758160062,0.3,16,4.72,1255.52,1240.93,-5409.48,-3250.57,-398.15,0.29,0.5,0.3,0.2,64960.6,-7817.269999999999,-0.12033863603476568,0.050000000000000044,0.8,1329,0.7753792298716453,0.914955204713624,-1.4968045112781954,-8660.05,1799.7,37.9,-4.560834305717619,1,Cluster 1,27.83,Low Potential,Optimize,100.0,10.33,8.03,16.67,74.26,1.32578232618751,-3.0941492935632833,0
25908,Lotus Bistro,Thai,Ghost Kitchen,North Shore,1.03,38.79,1502,71,716,429,286,2754.09,27773.64,16640.91,11093.94,0.294298620906193,0.278156667167786,0.27,6,1.77,506.22,1177.5,4375.59,2621.69,4236.94,0.05,0.5,0.3,0.2,58262.58,12411.720000000001,0.213030730873916,0.030000000000000027,0.8,1431,0.9527296937416777,0.572455288073979,14.814475524475522,6997.280000000001,1547.06,38.79,8.263462050599202,0,Cluster 0,59.22,Moderate Potential,Rebalance Channels,66.67,72.55,77.51,16.67,42.78,-1.9787225979950354,0.761387585774081,1
26300,Sakura Bistro,Thai,Cafe,West Auckland,1.04,42.78,672,72,300,180,120,3080.16,12834.0,7700.4,5133.6,0.210961750838906,0.360864102188498,0.29,10,2.95,354.0,1318.84,1773.33,1064.0,1844.07,0.12,0.5,0.3,0.2,28748.159999999996,6000.24,0.20871735791090631,0.040000000000000036,0.8,600,0.8928571428571429,0.5718258530274041,15.36725,2837.33,698.88,42.779999999999994,8.928928571428571,0,Cluster 0,59.46,Moderate Potential,Rebalance Channels,83.33,72.87,70.93,16.67,24.78,-2.161536952516864,0.8210282088637235,1
25412,Red Diner,Thai,Full-service,CBD,0.99,31.91,1132,188,472,283,189,5999.08,15061.52,9030.53,6030.99,0.360180454456713,0.494264544453472,0.32,14,4.13,780.57,873.2,-2627.41,-1575.33,97.27,0.2,0.5,0.3,0.2,36122.119999999995,-3232.27,-0.0894817358449615,-0.010000000000000009,0.8,944,0.833922261484099,0.854444998910185,0.5146560846560846,-4202.74,1120.68,31.909999999999997,-2.8553621908127207,1,Cluster 1,2.99,Low Potential,Optimize,0.0,16.79,20.69,16.67,47.71,0.38638232905735226,-2.642815176986935,0
25291,Lotus Diner,Thai,QSR,South Auckland,1.05,36.1,521,55,233,140,93,1985.5,8411.3,5054.0,3357.3,0.233243496064097,0.365065242908895,0.31,10,2.95,274.35,797.56,771.24,463.41,1074.25,0.12,0.5,0.3,0.2,18808.1,3106.46,0.16516607206469555,0.050000000000000044,0.8,466,0.8944337811900192,0.598308738972992,11.551075268817204,1234.65,547.0500000000001,36.099999999999994,5.962495201535509,0,Cluster 0,59.6,Moderate Potential,Rebalance Channels,100.0,63.0,66.85,16.67,19.89,-1.988947759147033,0.38131114869617627,1
25912,Dragon Eatery,Thai,QSR,South Auckland,1.05,33.69,535,48,244,146,97,1617.12,8220.36,4918.74,3267.93,0.214890444949269,0.445244940463454,0.31,13,3.84,372.48,549.6,245.5,146.9,738.17,0.1,0.5,0.3,0.2,18024.149999999998,1680.17,0.09321771068261196,0.050000000000000044,0.8,487,0.9102803738317757,0.660135385412723,7.609999999999999,392.4,561.75,33.69,3.1405046728971966,0,Cluster 0,54.44,Moderate Potential,Rebalance Channels,100.0,49.49,52.28,16.67,27.37,-1.6077292979889592,-0.33029882569515584,1
26060,Dragon Grill,Thai,Full-service,West Auckland,1.04,34.19,617,111,253,152,101,3795.09,8650.07,5196.88,3453.19,0.372022026230115,0.478175587556325,0.32,17,5.02,507.02,568.51,-1472.22,-884.5,10.28,0.22,0.5,0.3,0.2,21095.23,-1777.93,-0.08428113843745719,0.040000000000000036,0.8,506,0.820097244732577,0.85019761378644,0.10178217821782178,-2356.7200000000003,641.6800000000001,34.19,-2.8815721231766616,1,Cluster 1,21.85,Low Potential,Optimize,83.33,17.45,16.31,16.67,39.28,0.16483131526137818,-2.5313673465201854,0
25901,Red Corner,Thai,Ghost Kitchen,North Shore,1.03,42.86,899,66,416,250,167,2828.76,17829.76,10715.0,7157.62,0.273968830623198,0.243197440577205,0.29,5,1.48,247.16,1365.82,3438.18,2066.21,3208.78,0.08,0.5,0.3,0.2,38531.14,10078.99,0.261580373692551,0.030000000000000027,0.8,833,0.9265850945494994,0.517166271200403,19.21425149700599,5504.389999999999,925.97,42.86,11.211334816462736,0,Cluster 0,60.54,High Potential,Rebalance Channels,66.67,83.08,87.67,16.67,20.44,-2.553188996986579,1.37936757219298,1
25093,Lotus House,Thai,Cafe,CBD,0.99,31.34,1447,119,664,398,266,3729.46,20809.76,12473.32,8336.44,0.254196326769888,0.394487718609162,0.31,3,0.89,236.74,1310.22,859.78,515.35,2691.98,0.09,0.5,0.3,0.2,45348.979999999996,5377.33,0.11857664714840335,-0.010000000000000009,0.8,1328,0.9177608845888044,0.64868404537905,10.120225563909775,1375.13,1432.53,31.339999999999996,3.7161921216309604,0,Cluster 0,34.88,Low Potential,Rebalance Channels,0.0,53.69,70.73,16.67,32.09,-1.2983184294933063,-0.21561268141496542,1
25782,Lotus House,Thai,Full-service,South Auckland,1.05,43.51,1123,163,480,288,192,7092.13,20884.8,12530.88,8353.92,0.358453105599619,0.468209247034974,0.27,14,4.13,792.96,1229.33,-2018.77,-1211.26,655.09,0.17,0.5,0.3,0.2,48861.729999999996,-1345.6100000000001,-0.02753913952698769,0.050000000000000044,0.8,960,0.8548530721282279,0.8266623526345931,3.4119270833333335,-3230.0299999999997,1179.15,43.51,-1.1982279608192343,1,Cluster 1,31.78,Low Potential,Optimize,100.0,27.37,24.98,16.67,49.59,-0.06021736381434557,-1.9175176393094564,0
26187,Sakura Corner,Thai,Cafe,CBD,0.99,30.55,1005,99,453,272,181,3024.45,13839.15,8309.6,5529.55,0.273210553117096,0.424410239839926,0.32,10,2.95,533.95,914.53,-243.86,-146.42,1138.07,0.11,0.5,0.3,0.2,30702.749999999996,1662.32,0.05414238138277516,-0.010000000000000009,0.8,906,0.9014925373134328,0.697620792957022,6.28767955801105,-390.28,994.95,30.549999999999997,1.654049751243781,0,Cluster 0,28.51,Low Potential,Rebalance Channels,0.0,42.22,51.54,16.67,34.32,-1.0509402377609276,-0.9054060735908539,1
25918,Sakura Corner,Thai,Cafe,CBD,0.99,32.66,1288,148,570,342,228,4833.68,18616.2,11169.72,7446.48,0.232183169946074,0.359768124553375,0.27,18,5.31,1210.68,1972.38,2569.94,1541.97,1827.85,0.13,0.5,0.3,0.2,42066.08,7912.139999999999,0.18808836002784188,-0.010000000000000009,0.8,1140,0.8850931677018633,0.5919512944994489,8.01688596491228,4111.91,1275.12,32.660000000000004,6.142965838509316,0,Cluster 0,39.28,Low Potential,Rebalance Channels,0.0,66.33,54.48,16.67,62.02,-1.571614669749368,0.2366425655323291,1
26310,Red Grill,Thai,QSR,West Auckland,1.04,37.74,675,55,310,186,124,2075.7,11699.4,7019.64,4679.76,0.252736609466374,0.430498163960874,0.28,5,1.48,183.52,657.51,430.13,258.08,1298.87,0.09,0.5,0.3,0.2,25474.5,2644.5899999999997,0.10381322498969557,0.040000000000000036,0.8,620,0.9185185185185185,0.6832347734272479,10.474758064516129,688.21,702.0,37.74,3.9179111111111107,0,Cluster 0,50.72,Moderate Potential,Rebalance Channels,83.33,51.97,62.07,16.67,13.22,-1.5474369582820326,-0.2928402203706799,1
26432,Dragon Corner,Thai,QSR,West Auckland,1.04,40.99,767,100,334,200,133,4099.0,13690.66,8198.0,5451.67,0.233901023175567,0.430628993362188,0.31,3,0.89,118.37,1375.09,348.7,208.8,1710.5,0.15,0.5,0.3,0.2,31439.33,3643.09,0.11587683325312594,0.040000000000000036,0.8,667,0.8696219035202086,0.664530016537755,12.860902255639099,557.5,797.6800000000001,40.99,4.749791395045633,0,Cluster 0,52.42,Moderate Potential,Rebalance Channels,83.33,54.72,68.29,16.67,11.64,-1.4122373717173429,-0.10650065095889451,1
26325,Red Tavern,Thai,Ghost Kitchen,North Shore,1.03,41.86,594,28,283,170,113,1172.08,11846.38,7116.2,4730.18,0.270292205282021,0.250429149204865,0.3,13,3.84,433.92,561.75,2123.8,1275.78,1833.15,0.05,0.5,0.3,0.2,24864.84,5794.48,0.23303910260431998,0.030000000000000027,0.8,566,0.9528619528619529,0.5207213544868861,16.222566371681417,3399.58,611.82,41.86,9.755016835016834,0,Cluster 0,57.58,Moderate Potential,Rebalance Channels,66.67,77.26,73.77,16.67,28.98,-2.6976369588266786,1.1487286413747377,1
25342,Red Eatery,Thai,QSR,South Auckland,1.05,40.95,1693,167,763,458,305,6838.65,31244.85,18755.1,12489.75,0.276096988841891,0.361911601130851,0.31,4,1.18,359.9,2475.53,1624.46,975.1,4161.28,0.11,0.5,0.3,0.2,69328.35,9236.369999999999,0.13322645065114053,0.050000000000000044,0.8,1526,0.9013585351447135,0.638008589972742,13.643540983606556,2599.56,1777.65,40.95,5.455623154164205,0,Cluster 0,62.98,High Potential,Rebalance Channels,100.0,58.01,70.74,16.67,45.54,-1.2211704542530153,0.06719718450427721,1
26394,Red House,Thai,Cafe,West Auckland,1.04,42.65,742,73,334,201,134,3113.45,14245.1,8572.65,5715.1,0.206470160987228,0.375823995005339,0.31,6,1.77,237.18,1300.51,1534.28,923.32,2150.05,0.11,0.5,0.3,0.2,31646.299999999996,5908.16,0.18669354711293265,0.040000000000000036,0.8,669,0.9016172506738545,0.582294155992567,16.045149253731346,2457.6,771.6800000000001,42.64999999999999,7.962479784366576,0,Cluster 0,58.35,Moderate Potential,Rebalance Channels,83.33,68.6,75.99,16.67,17.8,-2.087655833436631,0.7196506787692669,1
25426,Golden Tavern,Thai,Full-service,South Auckland,1.05,33.36,1187,229,479,287,192,7639.44,15979.44,9574.32,6405.12,0.38310458236374,0.474600998777896,0.27,3,0.89,170.88,1087.05,-2040.66,-1222.69,740.53,0.24,0.5,0.3,0.2,39598.32,-1435.7700000000002,-0.036258356415120645,0.050000000000000044,0.8,958,0.8070766638584668,0.8577055811416361,3.8569270833333333,-3263.3500000000004,1246.3500000000001,33.36,-1.2095787700084248,1,Cluster 1,30.66,Low Potential,Optimize,100.0,26.18,38.52,16.67,26.09,0.38663765662306804,-2.2035149000549894,0
25116,Lotus House,Thai,QSR,CBD,0.99,38.65,961,87,437,262,175,3362.55,16890.05,10126.3,6763.75,0.24779021307826,0.351301836851053,0.29,4,1.18,206.5,1348.07,1873.24,1123.09,2505.14,0.1,0.5,0.3,0.2,37142.649999999994,6849.539999999999,0.18441172075767345,-0.010000000000000009,0.8,874,0.9094693028095734,0.599092049929313,14.315085714285713,2996.33,951.39,38.64999999999999,7.127513007284078,0,Cluster 0,37.48,Low Potential,Rebalance Channels,0.0,67.16,76.74,16.67,18.92,-1.9066628938431731,0.47212117636650863,1
26600,Golden Cafe,Thai,QSR,South Auckland,1.05,39.99,1260,114,573,344,229,4558.86,22914.27,13756.56,9157.71,0.215532008763403,0.354517742316239,0.28,16,4.72,1080.88,1960.08,3436.0,2062.8,2856.48,0.1,0.5,0.3,0.2,50387.4,10315.36,0.2047210215252226,0.050000000000000044,0.8,1146,0.9095238095238095,0.5700497510796421,12.473711790393013,5498.8,1323.0,39.99,8.186793650793652,0,Cluster 0,66.41,High Potential,Rebalance Channels,100.0,71.33,61.19,16.67,58.9,-1.8889462801402233,0.6947665343314892,1
26478,Sakura House,Thai,Ghost Kitchen,CBD,0.99,39.09,1005,91,457,274,183,3557.19,17864.13,10710.66,7153.47,0.291196894482709,0.243826452852227,0.31,13,3.84,702.72,1654.01,2768.52,1659.9,2623.48,0.1,0.5,0.3,0.2,39285.45,8705.91,0.22160647262536132,-0.010000000000000009,0.8,914,0.909452736318408,0.5350233473349361,14.335956284153006,4428.42,994.95,39.089999999999996,8.662597014925373,0,Cluster 0,41.57,Moderate Potential,Rebalance Channels,0.0,74.25,71.57,16.67,41.32,-2.1844466950625514,0.8312003842171661,1
26522,Red Eatery,Thai,QSR,CBD,0.99,31.74,916,67,424,255,170,2126.58,13457.76,8093.7,5395.8,0.230271822419018,0.397118114680052,0.3,18,5.31,902.7,792.39,977.17,587.68,1107.83,0.08,0.5,0.3,0.2,29073.84,3465.0699999999997,0.11918171111899906,-0.010000000000000009,0.8,849,0.9268558951965066,0.62738993709907,6.516647058823529,1564.85,906.84,31.74,3.78282751091703,0,Cluster 0,33.29,Low Potential,Rebalance Channels,0.0,53.86,49.02,16.67,50.15,-1.636583149326859,-0.23227615554360495,1
26239,Red Tavern,Thai,Ghost Kitchen,North Shore,1.03,36.32,708,52,328,197,131,1888.64,11912.96,7155.04,4757.92,0.287703667557798,0.282979661610443,0.32,12,3.54,463.74,810.82,1302.29,782.17,1578.91,0.08,0.5,0.3,0.2,25714.559999999998,4474.1900000000005,0.17399442183727823,0.030000000000000027,0.8,656,0.9265536723163842,0.570683329168241,12.052748091603053,2084.46,729.24,36.31999999999999,6.319477401129944,0,Cluster 0,53.45,Moderate Potential,Rebalance Channels,66.67,64.67,67.77,16.67,30.43,-2.151048383250289,0.48702412027122793,1
25606,Sakura Cafe,Thai,Full-service,CBD,0.99,34.87,1181,299,441,265,176,10426.13,15377.67,9240.55,6137.12,0.394711547996849,0.517918030405417,0.31,15,4.43,779.68,910.94,-3423.52,-2057.22,-243.48,0.34,0.5,0.3,0.2,41181.47,-4813.279999999999,-0.11687975198554104,-0.010000000000000009,0.8,882,0.7468247248094835,0.912629578402266,-1.3834090909090908,-5480.74,1169.19,34.87,-4.075596951735816,1,Cluster 1,0.11,Low Potential,Optimize,0.0,11.45,10.03,16.67,51.61,1.2452380325586532,-3.2208686124447303,0
26174,Golden Grill,Thai,Ghost Kitchen,CBD,0.99,38.21,1168,44,562,337,225,1681.24,21474.02,12876.77,8597.25,0.268919454631396,0.332449844502844,0.29,5,1.48,333.0,670.19,2332.74,1398.81,3094.13,0.04,0.5,0.3,0.2,44629.28,7495.87,0.16795856890364352,-0.010000000000000009,0.8,1124,0.9623287671232876,0.60136929913424,13.75168888888889,3731.5499999999997,1156.32,38.21,6.417696917808219,0,Cluster 0,37.61,Low Potential,Rebalance Channels,0.0,63.99,74.69,16.67,27.86,-1.963834911083059,0.38376430714684895,1
26647,Dragon Grill,Thai,Full-service,South Auckland,1.05,38.63,1685,257,714,428,286,9927.91,27581.82,16533.64,11048.18,0.392217968113255,0.525533310719766,0.28,10,2.95,843.7,816.56,-5454.34,-3269.55,65.0,0.18,0.5,0.3,0.2,65091.549999999996,-7842.330000000001,-0.12048153715804895,0.050000000000000044,0.8,1428,0.8474777448071217,0.9177512788330209,0.22727272727272727,-8723.89,1769.25,38.629999999999995,-4.6542017804154305,1,Cluster 1,27.46,Low Potential,Optimize,100.0,10.18,17.61,16.67,59.27,0.8809075387936798,-2.933302324386504,0
25313,Lotus Diner,Thai,Full-service,CBD,0.99,36.98,1561,387,587,352,235,14311.26,21707.26,13016.96,8690.3,0.350269815477077,0.54885011499282,0.33,5,1.48,347.8,1443.72,-4973.57,-2982.44,528.88,0.33,0.5,0.3,0.2,57725.78,-5983.409999999999,-0.10365230231622681,-0.010000000000000009,0.8,1174,0.75208199871877,0.8991199304698969,2.2505531914893617,-7956.01,1545.3899999999999,36.98,-3.8330621396540674,1,Cluster 1,2.71,Low Potential,Optimize,0.0,13.56,28.8,16.67,40.39,1.2439800735781144,-2.890636389096299,0
26081,Lotus Grill,Thai,Cafe,North Shore,1.03,30.92,865,71,397,238,159,2195.32,12275.24,7358.96,4916.28,0.261253972500563,0.383562794397585,0.3,17,5.02,798.18,779.74,677.39,406.09,948.0,0.09,0.5,0.3,0.2,26745.8,2811.2200000000003,0.10510883951872818,0.030000000000000027,0.8,794,0.9179190751445087,0.6448167668981479,5.962264150943396,1083.48,890.95,30.919999999999998,3.2499653179190755,0,Cluster 0,48.67,Moderate Potential,Rebalance Channels,66.67,51.24,47.97,16.67,47.31,-1.5179425678448721,-0.36602320528344123,1
25921,Red Bistro,Thai,Full-service,CBD,0.99,33.68,1135,219,458,275,183,7375.92,15425.44,9262.0,6163.44,0.358628504048102,0.451201858278364,0.31,10,2.95,539.85,1402.68,-1848.44,-1109.87,632.25,0.24,0.5,0.3,0.2,38226.8,-923.3799999999999,-0.024155304655372665,-0.010000000000000009,0.8,916,0.8070484581497798,0.809830362326466,3.4549180327868854,-2958.31,1123.65,33.68,-0.8135506607929515,1,Cluster 1,7.21,Low Potential,Optimize,0.0,28.34,34.24,16.67,38.47,0.16839106552352132,-2.0478357259944855,0
25842,Lotus Tavern,Thai,Full-service,West Auckland,1.04,38.56,1900,438,731,439,292,16889.28,28187.36,16927.84,11259.52,0.389111204701476,0.543804642232135,0.3,7,2.07,604.44,1133.0,-6565.28,-3942.76,150.9,0.3,0.5,0.3,0.2,73264.0,-9224.140000000001,-0.125902762611924,0.040000000000000036,0.8,1462,0.7694736842105263,0.932915846933611,0.5167808219178083,-10508.04,1976.0,38.56,-4.85481052631579,1,Cluster 1,23.52,Low Potential,Optimize,83.33,9.18,20.25,16.67,58.94,1.504174213845099,-3.1327978334068898,0
25236,Golden Grill,Thai,Cafe,CBD,0.99,39.5,1086,116,485,291,194,4582.0,19157.5,11494.5,7663.0,0.23497275615111,0.369798991899006,0.3,6,1.77,343.38,1810.94,1824.34,1094.6,2685.25,0.12,0.5,0.3,0.2,42897.0,7415.129999999999,0.17285894118469822,-0.010000000000000009,0.8,970,0.8931860036832413,0.604771748050116,13.841494845360824,2918.9399999999996,1075.14,39.5,6.827928176795579,0,Cluster 0,37.44,Low Potential,Rebalance Channels,0.0,65.2,72.53,16.67,27.58,-1.7139632202468997,0.35916027882078067,1
26423,Lotus House,Thai,Cafe,CBD,0.99,36.86,1349,133,608,365,243,4902.38,22410.88,13453.9,8956.98,0.256028139591217,0.353140121372417,0.28,12,3.54,860.22,1916.01,2483.84,1491.12,2640.45,0.11,0.5,0.3,0.2,49724.14,8531.42,0.1715750136653947,-0.010000000000000009,0.8,1216,0.9014084507042254,0.609168260963634,10.86604938271605,3974.96,1335.51,36.86,6.324255003706449,0,Cluster 0,38.45,Low Potential,Rebalance Channels,0.0,64.35,61.84,16.67,49.96,-1.5463128642576671,0.19058982836300983,1
25198,Dragon Cafe,Thai,Full-service,North Shore,1.03,40.46,1850,370,740,444,296,14970.2,29940.4,17964.24,11976.16,0.386763494659681,0.459050244092941,0.29,7,2.07,612.72,2308.2,-4066.32,-2439.79,1233.84,0.25,0.5,0.3,0.2,74851.00000000001,-2964.0699999999997,-0.03959960454770142,0.030000000000000027,0.8,1480,0.8,0.845813738752622,4.168378378378378,-6506.110000000001,1905.5,40.46000000000001,-1.6021999999999998,1,Cluster 1,25.7,Low Potential,Optimize,66.67,25.2,33.67,16.67,56.66,0.7147847785825722,-2.1936099204817996,0
26639,Golden Bistro,Thai,QSR,CBD,0.99,37.71,1618,147,736,441,294,5543.37,27754.56,16630.11,11086.74,0.267845281902701,0.380784003227018,0.28,15,4.43,1302.42,1947.78,1980.86,1186.9,2593.14,0.1,0.5,0.3,0.2,61014.78,7708.68,0.12634119142935532,-0.010000000000000009,0.8,1471,0.9091470951792336,0.6486292851297191,8.820204081632653,3167.76,1601.82,37.71,4.764326328800989,0,Cluster 0,36.51,Low Potential,Rebalance Channels,0.0,56.15,50.72,16.67,65.55,-1.159073702043305,-0.28256748327796716,1
25685,Sakura Corner,Thai,Ghost Kitchen,South Auckland,1.05,31.57,1355,111,622,373,249,3504.27,19636.54,11775.61,7860.93,0.268727282772306,0.329294815403409,0.27,16,4.72,1175.28,1408.64,2591.59,1554.12,1984.64,0.09,0.5,0.3,0.2,42777.35,7538.990000000001,0.17623789224905237,0.050000000000000044,0.8,1244,0.9180811808118081,0.598022098175715,7.970441767068274,4145.71,1422.75,31.57,5.563830258302583,0,Cluster 0,64.18,High Potential,Rebalance Channels,100.0,63.95,56.88,16.67,62.11,-1.6383262683202693,0.24854956364642597,1
25808,Golden Tavern,Thai,Cafe,North Shore,1.03,34.21,1169,134,518,310,207,4584.14,17720.78,10605.1,7081.47,0.225179227944464,0.410976771847345,0.29,11,3.25,672.75,1667.91,1308.57,783.12,1903.8,0.13,0.5,0.3,0.2,39991.49,5663.4,0.1416151286186136,0.030000000000000027,0.8,1035,0.8853721129170231,0.6361559997918089,9.197101449275362,2091.69,1204.07,34.21,4.844653550042771,0,Cluster 0,52.12,Moderate Potential,Rebalance Channels,66.67,58.32,59.32,16.67,43.4,-1.3885415200670856,-0.03516770249884889,1
25214,Lotus Tavern,Thai,Full-service,North Shore,1.03,37.89,1320,304,508,305,203,11518.56,19248.12,11556.45,7691.67,0.380722508241888,0.533049141638912,0.31,4,1.18,239.54,993.23,-4307.18,-2586.01,423.7,0.3,0.5,0.3,0.2,50014.8,-5476.260000000001,-0.10949279013412032,0.030000000000000027,0.8,1016,0.7696969696969697,0.9137716498808001,2.087192118226601,-6893.1900000000005,1359.6000000000001,37.89,-4.148681818181819,1,Cluster 1,17.71,Low Potential,Optimize,66.67,12.34,28.23,16.67,32.07,1.074219096434235,-2.8995604760276947,0
25135,Sakura Cafe,Thai,Cafe,West Auckland,1.04,36.18,1261,114,574,344,229,4124.52,20767.32,12445.92,8285.22,0.269087496716529,0.398620193707757,0.32,17,5.02,1149.58,1370.55,255.28,152.99,1603.53,0.1,0.5,0.3,0.2,45622.98,3382.35,0.07413698096880124,0.040000000000000036,0.8,1147,0.9095955590800952,0.667707690424286,7.002314410480349,408.27,1311.44,36.18,2.682275971451229,0,Cluster 0,52.93,Moderate Potential,Rebalance Channels,83.33,46.31,44.44,16.67,60.86,-1.131037262633137,-0.5900693310156663,1
25203,Golden Kitchen,Thai,Cafe,North Shore,1.03,44.67,452,37,208,124,83,1652.79,9291.36,5539.08,3707.61,0.208990756869316,0.391666815057397,0.3,7,2.07,171.81,660.03,923.03,550.27,1308.8,0.09,0.5,0.3,0.2,20190.840000000004,3442.13,0.17047978192091065,0.030000000000000027,0.8,415,0.918141592920354,0.600657571926713,15.76867469879518,1473.3,465.56,44.67000000000001,7.61533185840708,0,Cluster 0,51.49,Moderate Potential,Rebalance Channels,66.67,65.95,71.46,16.67,10.27,-2.1996187669428466,0.571946739436822,1
25338,Dragon Bistro,Thai,Full-service,North Shore,1.03,46.08,1209,293,458,275,183,13501.44,21104.64,12672.0,8432.64,0.361146417004056,0.466962073650211,0.32,3,0.89,162.87,2320.78,-3125.78,-1876.83,1286.63,0.32,0.5,0.3,0.2,55710.72,-1395.1999999999998,-0.025043654075912136,0.030000000000000027,0.8,916,0.7576509511993383,0.828108490654267,7.030765027322405,-5002.610000000001,1245.27,46.08,-1.1540115798180313,1,Cluster 1,23.63,Low Potential,Optimize,66.67,27.76,43.08,16.67,26.06,0.48415867613286573,-1.9079692250608518,0
26038,Red Kitchen,Thai,Cafe,CBD,0.99,42.85,1675,205,735,441,294,8784.25,31494.75,18896.85,12597.9,0.234117302410305,0.386677667917684,0.29,13,3.84,1128.96,3331.03,2809.49,1685.69,3648.23,0.14,0.5,0.3,0.2,71773.75,11474.44,0.15986959020533273,-0.010000000000000009,0.8,1470,0.8776119402985074,0.620794970327989,12.408945578231293,4495.18,1658.25,42.85,6.850411940298508,0,Cluster 0,39.45,Low Potential,Rebalance Channels,0.0,63.48,58.35,16.67,62.7,-1.2191566425226477,0.11653204641859147,1
25341,Golden Diner,Thai,Cafe,West Auckland,1.04,46.74,1656,136,760,456,304,6356.64,35522.4,21313.44,14208.96,0.248992300499231,0.362152523640543,0.32,6,1.77,538.08,2471.81,2445.9,1467.54,4987.15,0.09,0.5,0.3,0.2,77401.44,11372.4,0.14692749902327398,0.040000000000000036,0.8,1520,0.9178743961352657,0.611144824139774,16.405098684210525,3913.44,1722.24,46.74,6.867391304347826,0,Cluster 0,60.35,High Potential,Rebalance Channels,83.33,61.76,71.54,16.67,48.43,-1.4843196602572142,0.35752427272884535,1
26402,Golden Bistro,Thai,QSR,West Auckland,1.04,33.08,1596,131,732,440,293,4333.48,24214.56,14555.2,9692.44,0.204263630658388,0.401772221014835,0.32,14,4.13,1210.09,1707.24,1791.01,1076.56,2608.38,0.09,0.5,0.3,0.2,52795.68000000001,7183.19,0.13605639703854555,0.040000000000000036,0.8,1465,0.9179197994987469,0.606035851673223,8.902320819112628,2867.5699999999997,1659.8400000000001,33.080000000000005,4.500745614035088,0,Cluster 0,59.17,Moderate Potential,Rebalance Channels,83.33,57.1,58.98,16.67,65.08,-1.4192934746357766,0.09371404533761377,1
25209,Lotus Cafe,Thai,QSR,West Auckland,1.04,40.15,756,62,347,208,139,2489.3,13932.05,8351.2,5580.85,0.244963588509709,0.359863575082272,0.31,13,3.84,533.76,983.7,1186.63,711.3,1671.64,0.09,0.5,0.3,0.2,30353.4,4553.27,0.15000856576199043,0.040000000000000036,0.8,694,0.917989417989418,0.6048271635919811,12.026187050359713,1897.93,786.24,40.15,6.022843915343916,0,Cluster 0,55.94,Moderate Potential,Rebalance Channels,83.33,61.04,60.81,16.67,34.6,-1.9167312225088708,0.27491421885213396,1
25951,Sakura Grill,Thai,Cafe,CBD,0.99,32.74,1350,165,592,356,237,5402.1,19382.08,11655.44,7759.38,0.279972081128508,0.352566042984836,0.32,17,5.02,1189.74,1985.07,919.91,553.19,1661.54,0.14,0.5,0.3,0.2,44199.0,5119.71,0.11583316364623635,-0.010000000000000009,0.8,1185,0.8777777777777778,0.6325381241133441,7.010717299578059,1473.1,1336.5,32.74,3.792377777777778,0,Cluster 0,35.08,Low Potential,Rebalance Channels,0.0,53.42,49.86,16.67,61.66,-1.1522270559050998,-0.3767881852948056,1
25588,Sakura Bistro,Thai,Full-service,CBD,0.99,31.28,1317,319,499,299,200,9978.32,15608.72,9352.72,6256.0,0.37516425056383,0.50182822458446,0.32,15,4.43,886.0,1227.41,-3074.8,-1842.42,-116.46,0.32,0.5,0.3,0.2,41195.76,-3806.2700000000004,-0.0923947027558176,-0.010000000000000009,0.8,998,0.7577828397873956,0.87699247514829,-0.5822999999999999,-4917.22,1303.83,31.28,-2.8901063022019744,1,Cluster 1,3.08,Low Potential,Optimize,0.0,16.35,15.52,16.67,55.94,1.0452804550228219,-2.930401699760017,0
25723,Lotus Diner,Thai,Full-service,West Auckland,1.04,35.54,1278,247,516,309,206,8778.38,18338.64,10981.86,7321.24,0.380787803209387,0.522619983111508,0.28,15,4.43,912.58,847.92,-3363.45,-2014.16,-205.41,0.24,0.5,0.3,0.2,45420.119999999995,-4735.099999999999,-0.10425115565524706,0.040000000000000036,0.8,1031,0.8067292644757433,0.903407786320895,-0.9971359223300971,-5377.61,1329.1200000000001,35.54,-3.70508607198748,1,Cluster 1,22.55,Low Potential,Optimize,83.33,13.65,11.45,16.67,56.76,0.8354390367146404,-2.92351081636682,0
25293,Dragon House,Thai,QSR,North Shore,1.03,34.17,1171,116,528,316,211,3963.72,18041.76,10797.72,7209.87,0.249835725575686,0.395018262113444,0.29,9,2.66,561.26,1407.7,1175.35,703.43,1999.3,0.11,0.5,0.3,0.2,40013.07,5285.78,0.13210133588849843,0.030000000000000027,0.8,1055,0.9009393680614859,0.6448539876891299,9.475355450236966,1878.7799999999997,1206.13,34.17,4.513902647309991,0,Cluster 0,51.4,Moderate Potential,Rebalance Channels,66.67,56.59,61.31,16.67,38.8,-1.40612885273242,-0.10845550875327077,1
26575,Red Cafe,Thai,QSR,North Shore,1.03,40.54,713,87,313,188,125,3526.98,12689.02,7621.52,5067.5,0.227850398011506,0.357296079862863,0.28,11,3.25,406.25,1463.18,1711.16,1027.79,1696.02,0.14,0.5,0.3,0.2,28905.02,5898.15,0.20405279083010494,0.030000000000000027,0.8,626,0.8779803646563815,0.585146477874369,13.56816,2738.95,734.39,40.54,8.272300140252455,0,Cluster 0,54.68,Moderate Potential,Rebalance Channels,66.67,71.36,67.18,16.67,28.26,-1.9763907339547409,0.6325015904076428,1
25915,Dragon Corner,Thai,QSR,West Auckland,1.04,35.71,661,54,304,182,121,1928.34,10855.84,6499.22,4320.91,0.259329587239772,0.445680566015653,0.29,17,5.02,607.42,568.84,54.17,32.43,667.2,0.09,0.5,0.3,0.2,23604.31,1322.6399999999999,0.056033834498869055,0.040000000000000036,0.8,607,0.9183055975794251,0.7050101532554249,5.51404958677686,86.6,687.44,35.71,2.000968229954614,0,Cluster 0,47.92,Moderate Potential,Rebalance Channels,83.33,42.95,38.69,16.67,40.75,-1.2801779857719007,-0.8316286715232886,1
25565,Red Bistro,Thai,Full-service,CBD,0.99,40.18,629,113,258,155,103,4540.34,10366.44,6227.9,4138.54,0.384402006084565,0.475210898020305,0.3,13,3.84,395.52,637.41,-1654.62,-994.05,185.48,0.22,0.5,0.3,0.2,25273.22,-1825.7799999999997,-0.0722416850721831,-0.010000000000000009,0.8,516,0.8203497615262321,0.8596129041048699,1.800776699029126,-2648.67,622.71,40.18,-2.9026709062003175,1,Cluster 1,0.97,Low Potential,Optimize,0.0,19.04,21.54,16.67,29.33,0.14548532045016394,-2.481031322654809,0
25594,Golden Grill,Thai,QSR,South Auckland,1.05,31.8,801,79,361,217,144,2512.2,11479.8,6900.6,4579.2,0.243598114158958,0.448296406795271,0.32,12,3.54,509.76,774.02,-136.55,-82.08,901.12,0.11,0.5,0.3,0.2,25471.8,1456.51,0.05718127497860379,0.050000000000000044,0.8,722,0.9013732833957553,0.691894520954229,6.257777777777778,-218.63,841.0500000000001,31.8,1.8183645443196006,0,Cluster 0,53.14,Moderate Potential,Rebalance Channels,100.0,42.85,49.09,16.67,34.03,-1.202497530228884,-0.736509565868629,1
25311,Dragon Cafe,Thai,Cafe,West Auckland,1.04,42.59,1247,133,557,334,223,5664.47,23722.63,14225.06,9497.57,0.235793831255287,0.442919370369054,0.33,5,1.48,330.04,1819.92,-206.7,-123.95,2721.4,0.12,0.5,0.3,0.2,53109.73,4210.67,0.07928245916520381,0.040000000000000036,0.8,1114,0.8933440256615878,0.678713201624341,12.203587443946189,-330.65,1296.88,42.59,3.3766399358460304,0,Cluster 0,52.73,Moderate Potential,Rebalance Channels,83.33,47.94,62.77,16.67,32.39,-1.1286908124939787,-0.3637572497672025,1
26413,Dragon Cafe,Thai,Full-service,North Shore,1.03,35.9,1185,229,478,287,191,8221.1,17160.2,10303.3,6856.9,0.390984164085239,0.477837195829488,0.33,5,1.48,282.68,1078.43,-3411.81,-2048.52,616.8,0.24,0.5,0.3,0.2,42541.50000000001,-3765.0999999999995,-0.08850416651975128,0.030000000000000027,0.8,956,0.8067510548523207,0.868821359914727,3.2293193717277484,-5460.33,1220.55,35.900000000000006,-3.1772995780590714,1,Cluster 1,19.47,Low Potential,Optimize,66.67,16.48,33.47,16.67,29.93,0.5606995744147909,-2.550442436423004,0
26485,Red Grill,Thai,Ghost Kitchen,CBD,0.99,31.58,1534,100,717,430,287,3158.0,22642.86,13579.4,9063.46,0.250799026736058,0.21826532818377,0.33,7,2.07,594.09,1676.69,4549.76,2728.59,4218.02,0.07,0.5,0.3,0.2,48443.72,13173.060000000001,0.27192502970457266,-0.010000000000000009,0.8,1434,0.9348109517601043,0.469064354919828,14.69693379790941,7278.35,1518.66,31.580000000000002,8.587392438070404,0,Cluster 0,47.71,Moderate Potential,Rebalance Channels,0.0,80.92,91.75,16.67,44.2,-2.42469282733983,1.445777316151056,1
25870,Lotus House,Thai,Cafe,CBD,0.99,33.31,694,74,310,186,124,2464.94,10326.1,6195.66,4130.44,0.266672136988491,0.393121137120761,0.3,12,3.54,438.96,838.59,415.18,249.11,966.24,0.12,0.5,0.3,0.2,23117.14,2469.12,0.10680906029033004,-0.010000000000000009,0.8,620,0.8933717579250721,0.659793274109252,7.792258064516129,664.29,687.06,33.31,3.557809798270893,0,Cluster 0,30.64,Low Potential,Rebalance Channels,0.0,51.89,54.03,16.67,29.07,-1.46163575232602,-0.4261374331914729,1
25101,Sakura Corner,Thai,Cafe,South Auckland,1.05,35.34,516,63,226,136,91,2226.42,7986.84,4806.24,3215.94,0.251578906457871,0.360658101085573,0.31,11,3.25,295.75,863.32,621.08,373.75,951.27,0.14,0.5,0.3,0.2,18235.44,2809.42,0.15406373523205363,0.050000000000000044,0.8,453,0.877906976744186,0.612237007543444,10.453516483516482,994.83,541.8000000000001,35.339999999999996,5.444612403100775,0,Cluster 0,58.61,Moderate Potential,Rebalance Channels,100.0,60.8,63.0,16.67,22.06,-1.8178112182360282,0.1938394513301833,1
26327,Golden Corner,Thai,Cafe,West Auckland,1.04,38.9,1433,118,658,394,263,4590.2,25596.2,15326.6,10230.7,0.204770706277341,0.396094513707794,0.3,18,5.31,1396.53,1832.11,2537.47,1519.4,2686.9,0.09,0.5,0.3,0.2,55743.7,8575.88,0.15384482910176395,0.040000000000000036,0.8,1315,0.9176552686671319,0.600865219985135,10.216349809885932,4056.87,1490.3200000000002,38.9,5.984563852058618,0,Cluster 0,59.67,Moderate Potential,Rebalance Channels,83.33,61.5,53.11,16.67,68.95,-1.5745933112931985,0.23923030987099622,1
25978,Lotus Kitchen,Thai,QSR,South Auckland,1.05,38.31,792,84,354,212,142,3218.04,13561.74,8121.72,5440.02,0.211391042992473,0.430094910576008,0.3,10,2.95,418.9,1153.71,793.55,475.23,1531.42,0.12,0.5,0.3,0.2,30341.52,3953.91,0.13031351099087982,0.050000000000000044,0.8,708,0.8939393939393939,0.641485953568481,10.784647887323944,1268.78,831.6,38.31,4.992310606060606,0,Cluster 0,58.15,Moderate Potential,Rebalance Channels,100.0,56.99,60.19,16.67,29.06,-1.6033563740650585,0.02193645136042503,1
26290,Dragon Corner,Thai,Cafe,South Auckland,1.05,43.61,1194,98,548,329,219,4273.78,23898.28,14347.69,9550.59,0.274733711369336,0.351069266162813,0.32,4,1.18,258.42,1599.24,1295.22,777.6,3315.38,0.09,0.5,0.3,0.2,52070.34,6987.4400000000005,0.13419232522775923,0.050000000000000044,0.8,1096,0.9179229480737019,0.625802977532149,15.138721461187215,2072.82,1253.7,43.61,5.85212730318258,0,Cluster 0,60.99,High Potential,Rebalance Channels,100.0,58.68,72.62,16.67,28.66,-1.620156925478116,0.21577450121820996,1
26396,Lotus House,Thai,Full-service,CBD,0.99,30.74,1746,433,656,394,263,13310.42,20165.44,12111.56,8084.62,0.38678893026663,0.52787255498115,0.32,11,3.25,854.75,1135.89,-4732.05,-2842.12,-164.82,0.33,0.5,0.3,0.2,53672.04,-6603.099999999999,-0.12302681247070169,-0.010000000000000009,0.8,1313,0.7520045819014891,0.9146614852477801,-0.6266920152091254,-7574.17,1728.54,30.740000000000002,-3.78184421534937,1,Cluster 1,2.58,Low Potential,Optimize,0.0,11.02,16.39,16.67,60.3,1.5200152774752762,-3.2745813584753325,0
26071,Golden Corner,Thai,Full-service,North Shore,1.03,40.31,1451,335,558,335,223,13503.85,22492.98,13503.85,8989.13,0.385566011711489,0.471848599566147,0.31,17,5.02,1119.46,1925.45,-3765.65,-2260.74,162.26,0.3,0.5,0.3,0.2,58489.81,-3938.6799999999994,-0.06733959299919079,0.030000000000000027,0.8,1116,0.7691247415575465,0.857414611277636,0.7276233183856502,-6026.389999999999,1494.53,40.309999999999995,-2.714458993797381,1,Cluster 1,22.21,Low Potential,Optimize,66.67,19.96,15.2,16.67,66.76,0.861476397066561,-2.549185570649859,0
25848,Dragon Diner,Thai,QSR,West Auckland,1.04,43.98,704,58,323,194,129,2550.84,14205.54,8532.12,5673.42,0.260760234650224,0.382037406414747,0.31,15,4.43,571.47,911.17,670.53,402.74,1455.09,0.09,0.5,0.3,0.2,30961.92,3439.5299999999997,0.11108904098970607,0.040000000000000036,0.8,646,0.9176136363636364,0.642797641064971,11.279767441860464,1073.27,732.1600000000001,43.98,4.885696022727273,0,Cluster 0,52.85,Moderate Potential,Rebalance Channels,83.33,54.26,51.62,16.67,37.52,-1.6965134444766536,-0.104165716808375,1
25151,Sakura House,Thai,Full-service,CBD,0.99,43.54,754,178,288,173,115,7750.12,12539.52,7532.42,5007.1,0.382122564758174,0.49737748731859,0.31,12,3.54,407.1,933.89,-2376.24,-1427.39,196.26,0.31,0.5,0.3,0.2,32829.159999999996,-2673.4799999999996,-0.08143613787254989,-0.010000000000000009,0.8,576,0.7639257294429708,0.879500052076764,1.7066086956521738,-3803.63,746.46,43.53999999999999,-3.5457294429708215,1,Cluster 1,0.42,Low Potential,Optimize,0.0,16.94,20.17,16.67,30.98,0.6304984281580767,-2.6582804819235255,0
25970,Red Grill,Thai,Cafe,West Auckland,1.04,44.75,1487,182,652,392,261,8144.5,29177.0,17542.0,11679.75,0.254748364854604,0.358959943195805,0.29,13,3.84,1002.24,3146.15,2809.5,1689.15,3509.55,0.14,0.5,0.3,0.2,66543.25,11154.349999999999,0.16762556683059512,0.040000000000000036,0.8,1305,0.8776059179556154,0.613708308050409,13.446551724137931,4498.65,1546.48,44.75,7.501244115669132,0,Cluster 0,60.44,High Potential,Rebalance Channels,83.33,65.41,59.44,16.67,59.1,-1.3757085897634156,0.28318748244673003,1
26281,Dragon Grill,Thai,QSR,South Auckland,1.05,41.14,1111,127,492,295,197,5224.78,20240.88,12136.3,8104.58,0.278928129058331,0.411105664283968,0.28,16,4.72,929.84,1619.51,606.54,363.68,1582.31,0.13,0.5,0.3,0.2,45706.54,4172.04,0.09127884105863186,0.050000000000000044,0.8,984,0.8856885688568857,0.690033793342299,8.032030456852791,970.22,1166.55,41.14,3.7552115211521153,0,Cluster 0,56.63,Moderate Potential,Rebalance Channels,100.0,50.06,42.7,16.67,53.85,-1.0703136148999093,-0.5591683439657875,1
25302,Lotus Diner,Thai,QSR,West Auckland,1.04,38.7,643,47,298,179,119,1818.9,11532.6,6927.3,4605.3,0.260166933685541,0.37240848634392,0.33,11,3.25,386.75,668.31,431.6,259.25,1305.35,0.08,0.5,0.3,0.2,24884.1,2664.5099999999998,0.1070768080822694,0.040000000000000036,0.8,596,0.926905132192846,0.632575420029461,10.969327731092436,690.85,668.72,38.699999999999996,4.143872472783825,0,Cluster 0,52.41,Moderate Potential,Rebalance Channels,83.33,52.72,59.87,16.67,26.15,-1.793709268276562,-0.07402924679816691,1
26314,Red Corner,Thai,QSR,West Auckland,1.04,35.07,1689,194,748,448,299,6803.58,26232.36,15711.36,10485.93,0.266547035556287,0.411295226425864,0.27,15,4.43,1324.57,2191.83,1368.22,819.47,2053.55,0.13,0.5,0.3,0.2,59233.23,6433.070000000001,0.1086057606515802,0.040000000000000036,0.8,1495,0.8851391355831854,0.677842261982151,6.868060200668897,2187.69,1756.5600000000002,35.07,3.808804026050918,0,Cluster 0,56.27,Moderate Potential,Rebalance Channels,83.33,52.47,46.22,16.67,70.53,-0.8424826410349494,-0.5089460007449247,1
26260,Sakura Corner,Thai,Cafe,South Auckland,1.05,34.44,1205,119,543,326,217,4098.36,18700.92,11227.44,7473.48,0.269214967098087,0.356105331284925,0.31,18,5.31,1152.27,1535.57,1209.57,726.19,1647.89,0.11,0.5,0.3,0.2,41500.2,5119.22,0.12335410431756957,0.050000000000000044,0.8,1086,0.9012448132780083,0.625320298383012,7.593963133640553,1935.76,1265.25,34.44,4.248315352697095,0,Cluster 0,60.39,High Potential,Rebalance Channels,100.0,55.05,49.34,16.67,61.7,-1.4045112006748515,-0.15358110610607875,1
25922,Sakura Grill,Thai,QSR,West Auckland,1.04,45.65,809,93,358,215,143,4245.45,16342.7,9814.75,6527.95,0.246918834149838,0.365987624414265,0.31,17,5.02,717.86,1643.39,1259.92,756.65,1809.07,0.13,0.5,0.3,0.2,36930.85,5469.030000000001,0.14808838680940192,0.040000000000000036,0.8,716,0.8850432632880099,0.6129064585641031,12.65083916083916,2016.5700000000002,841.36,45.65,6.7602348578491975,0,Cluster 0,56.21,Moderate Potential,Rebalance Channels,83.33,61.78,52.89,16.67,45.71,-1.70630333533788,0.20142210050904427,1
25647,Sakura Kitchen,Thai,Full-service,West Auckland,1.04,36.37,1227,245,491,295,196,8910.65,17857.67,10729.15,7128.52,0.395507183438167,0.525198788824491,0.28,6,1.77,346.92,706.56,-3584.14,-2153.4,218.33,0.25,0.5,0.3,0.2,44625.990000000005,-4812.65,-0.10784410609153991,0.040000000000000036,0.8,982,0.8003259983700082,0.920705972262658,1.1139285714285716,-5737.54,1276.0800000000002,36.370000000000005,-3.922290138549307,1,Cluster 1,21.42,Low Potential,Optimize,83.33,12.87,23.83,16.67,34.05,0.8830900297839868,-2.923421329594535,0
26412,Lotus Bistro,Thai,Ghost Kitchen,North Shore,1.03,45.81,487,31,228,137,91,1420.11,10444.68,6275.97,4168.71,0.256343027215917,0.218021783290897,0.3,17,5.02,456.82,746.46,2356.69,1416.08,1734.4,0.07,0.5,0.3,0.2,22309.47,6253.629999999999,0.28031279990066993,0.030000000000000027,0.8,456,0.9363449691991786,0.474364810506814,19.05934065934066,3772.77,501.61,45.81,12.84112936344969,0,Cluster 0,61.18,High Potential,Rebalance Channels,66.67,87.8,74.25,16.67,34.76,-2.9860758308258752,1.6237071882727296,1
26275,Dragon Bistro,Thai,Ghost Kitchen,North Shore,1.03,44.2,956,62,447,268,179,2740.4,19757.4,11845.6,7911.8,0.288360495201778,0.223345705796964,0.3,17,5.02,898.58,1338.12,3720.2,2230.45,2964.7,0.07,0.5,0.3,0.2,42255.200000000004,10253.47,0.2426558151422783,0.030000000000000027,0.8,894,0.9351464435146444,0.511706200998742,16.562569832402232,5950.65,984.6800000000001,44.2,10.725387029288703,0,Cluster 0,60.38,High Potential,Rebalance Channels,66.67,79.87,68.49,16.67,50.33,-2.482053044253693,1.1663470666079465,1
26454,Dragon Corner,Thai,QSR,South Auckland,1.05,44.72,758,62,348,209,139,2772.64,15562.56,9346.48,6216.08,0.240116411745548,0.410383798158728,0.32,5,1.48,205.72,969.04,459.09,275.72,1966.8,0.09,0.5,0.3,0.2,33897.76,3670.6499999999996,0.10828591623753309,0.050000000000000044,0.8,696,0.9182058047493403,0.650500209904276,14.149640287769785,734.81,795.9,44.720000000000006,4.84254617414248,0,Cluster 0,56.82,Moderate Potential,Rebalance Channels,100.0,53.82,67.12,16.67,16.24,-1.6910170451037556,0.017584069930185613,1
25699,Golden Corner,Thai,Cafe,North Shore,1.03,36.98,1084,124,480,288,192,4585.52,17750.4,10650.24,7100.16,0.27414901977405,0.380040635610931,0.28,5,1.48,284.16,1585.72,1168.16,700.9,2171.15,0.13,0.5,0.3,0.2,40086.32000000001,5625.93,0.1403453846599039,0.030000000000000027,0.8,960,0.8856088560885609,0.654189655384981,11.308072916666667,1869.06,1116.52,36.980000000000004,5.189972324723247,0,Cluster 0,51.12,Moderate Potential,Rebalance Channels,66.67,58.61,66.55,16.67,26.58,-1.3824843330011514,-0.06581121894469281,1
26388,Lotus Grill,Thai,Full-service,West Auckland,1.04,33.91,1284,186,549,329,220,6307.26,18616.59,11156.39,7460.2,0.36204373948276,0.524470240133815,0.28,15,4.43,974.6,715.79,-3099.92,-1857.69,-127.97,0.17,0.5,0.3,0.2,43540.439999999995,-4369.79,-0.10036164081024447,0.040000000000000036,0.8,1098,0.8551401869158879,0.8865139796165751,-0.5816818181818182,-4957.610000000001,1335.3600000000001,33.91,-3.4032632398753893,1,Cluster 1,23.33,Low Potential,Optimize,83.33,14.58,14.05,16.67,56.96,0.4985031515312178,-2.755042130383843,0
